mode,faithfulness,answer_relevancy,context_precision,context_recall
vector,0.8340674603174602,0.459391176737152,0.5999999999699999,0.35
hybrid,0.9361471861471863,0.4979241995096051,0.499999999965,0.1
hybrid_rerank,0.8833333333333334,0.4997505740758794,0.6499999999616667,0.275
