mode,faithfulness,answer_relevancy,context_precision,context_recall
vector,0.9166666666666666,0.45420232079569356,0.7166666666291666,0.35
hybrid,0.8472619047619048,0.49595526403802925,0.704027777742515,0.425
hybrid_rerank,0.9938271604938271,0.4945711238472442,0.8833333332858334,0.335
