mode,faithfulness,answer_relevancy,context_precision,context_recall
vector,0.857711038961039,0.4593923478654391,0.7166666666358332,0.35
hybrid,0.9268253968253969,0.4891754997612119,0.7172222221876898,0.35
hybrid_rerank,0.9875,0.5533467935501103,0.8416666666279167,0.625
