user_input,retrieved_contexts,response,reference,faithfulness,answer_relevancy,context_precision,context_recall
GKS 장학금을 받는 유학생이 학과를 변경하려면 어떤 절차를 따라야 하나요?,"[""program and Master’s degree program\n2. From a Master’s degree program to a Combined Master’s and Doctoral Degree\nProgram\n② The president of the university must notify the NIIED president of any changes in\nthe GKS recipient's degree program, or department (field of study) within one (1)\nmonth of the change.\n③ GKS recipient in the Korean language program may undergo the procedures for\nchanging their department (or major) as specified in Paragraphs 1 and 2 after\nproceeding to a degree program.\nArticle 9 (Enrollment) A GKS recipient is required to complete enrollment procedures\nwithin the registration period set by the University.\nArticle 10 (Study obligation) A GKS recipient must diligently attend classes according\nto the policies and regulations established by the Institution.\nArticle 11 (Scholastic Performance Report) ①The president of the institution is\nresponsible for reporting updates on the academic status of GKS recipients to the"", '5. The exception under Subparagraph 4 shall not apply to GKS recipients who have\nreceived two (2) academic warnings.\n③ A GKS recipient in a degree program may engage in full-time employment if the\nrecipient has satisfied the graduation requirements established by the university or\nif the recipient may maintain student status at the university after commencing\nemployment.\n④ A GKS recipient who engages in employment pursuant to Paragraph 3 and\ncontinues academic studies while maintaining student status at the university may\nretain GKS recipient status. The payment of scholarships shall be determined upon\ncomprehensive consideration of academic fulfillment, academic performance, and\nthe opinion of the university.', 'provision applies only to the GKS recipient who has achieved 70% or higher of the\npassing score for the TOPIK level three (3).\n⑤ A GKS recipient undergoing additional Korean language program as outlined in\nParagraph 4 must bear fifty percent (50%) of the language training tuition as\nspecified in the ""Scholarship Payment Guideline"" for GKS recipients by the National\nInstitute for International Education.\n⑥ A GKS recipient who has been granted an extension of Korean language program\nperiod under Paragraph 4 must obtain at least TOPIK Level 3 and meet the\nadmission requirements of the university within the extended Korean language\nprogram period.\n⑦ A GKS recipient must obtain prior approval from the president of Korean language\ninstitution in case of an unavoidable absence from the Korean language program. The\nrecipient must submit an absence report with supporting documents such as a medical\ncertificate and may provide them afterward only in unavoidable circumstances.', '할 수 있다.\n1. 징계 처분을 하기에 사유가 경미하다고 판단하는 경우\n2. 불가피한 사유 등의 정상 참작의 여지가 있는 경우\n제21조(형사사건 기소 사실 신고 등) ①장학생은 형사사건으로 기소된 경우 이를 즉시\n수학기관에 신고하여야 하며, 교육원장은 신고하지 않은 장학생을 제20조에 따라 징\n계할 수 있다.\n②수학기관장은 장학생의 형사사건 기소 사실을 알게 된 경우 즉시 교육원장에게\n보고하여야 한다.\n③교육원장은 장학생이 형사사건으로 기소된 경우 장학금 지급을 유보할 수 있다.\n④교육원장은 장학생이 유죄 판결을 선고받은 경우 장학생에게 제19조제10호에 따라\n자격상실 처분하거나, 제20조에 따라 징계위원회에 의결을 요구할 수 있다.\n⑤교육원장은 장학생이 유죄 판결을 선고받은 경우 장학금 지급을 중단하고 장학금을 환수\n할 수 있다. 이 경우 장학금 환수 대상 기간, 항목, 금액 등은 징계위원회에서 결정한다.\n제22조(장학금 지급 및 수령) ①장학금 지급 및 수령에 관한 사항은 장학금 지침에 따\n른다.\n②교육원장은 학업성적이 우수한 장학생에게 별도로 장학금을 지급할 수 있다.\n③장학생의 월 중 국내체류기간이 15일 이상인 경우 1개월로 하여 학업장려금 전액을\n지급하고, 15일 미만인 경우 국내체류 일수만큼 일할계산하여 지급한다. 다만, 학위과\n정 장학생은 장학금 지침 제22조제6항의 경우를 제외하고 학기당 일시출국 일수 30\n일을 국내에 체류한 날로 간주한다.\n④제12조의 휴학 기간에는 학업장려금을 지급하지 않는다. 다만, 수학기관장이 장학\n생의 부득이한 국내 체류로 학업장려금 지급이 불가피함을 신청하여 교육원장이\n인정하면 지급할 수 있다.\n⑤외국대학과의 공동학위 등을 운영하는 경우, 외국대학에서 수학하는 기간의 장학\n금은 지급하지 아니한다. 다만 국내 대학에 납부하는 등록금은 지급한다.\n⑥제19조에 따라 장학생 자격이 상실되면 해당 장학생에게 장학금을 지급하지 않는다.\n다만, 본인의 의사에 의하지 않은 중도 포기 등의 사유로 교육원장이 인정하는 경우\n- 8 -', 'suitability, or to redesign career path, etc., The recipient must change their\ndepartment based on the regulations of the university and obtain approval from\nthe president of the university. However, A GKS recipient selected for a specialized\nprogram(R&D, UIC, etc.) may only change majors within the department that aligns\nwith the purpose of the program.\n② A GKS recipient in a degree program may transfer to an integrated program\naccording to the university’s regulations, as outlined in the following provisions.\nHowever, the scholarship period will not be extended. If the recipient transfers to\nan integrated program, Articles 17 and 22(7) shall apply to the new period of the\nintegrated program, as approved by the university president.\n1. From Undergraduate degree program to Combined Undergraduate degree', 'evaluate the performance of the institution in managing GKS recipients and may\nconsider the results for selecting universities and assigning scholar quotas, etc.\nAddenda\nThese regulations apply to all GKS recipients during the scholarship period as\nof March 1, 2026.\n※ These regulations for GKS recipients were originally written in Korean and\ntranslated into English. In the event of any conflict in interpretation, the\nKorean version of these regulations shall prevail.', '이 경우 TOPIK 3급 합격점의 70% 이상을 취득한 장학생이어야 한다.\n⑤제4항에 따라 한국어연수과정 이수 기간을 연장한 장학생은 교육원 정부초청 외국인\n장학생 장학금 지급 세부 지침(이하 ‘장학금 지침’이라 한다)에 따른 한국어 연수\n비의 50%를 본인이 부담하여야 한다.\n⑥제4항에 따라 한국어연수과정 기간을 연장받은 장학생은 한국어연수과정 이수 기간\n이내에 TOPIK 3급 이상을 취득하고, 수학대학의 진학 조건을 충족하여야 한다.\n⑦장학생이 한국어연수과정 중에 부득이한 사유가 있으면 미리 한국어연수기관장의\n허가를 받아 결석할 수 있다. 다만, 불가피한 경우에는 사후에 의사진단서 등의 증빙\n서류를 첨부한 결석확인서를 제출할 수 있다.\n제6조(학위과정 입학) ①장학생은 교육원장이 정한 지침에 따라 학위과정에 입학하여야\n한다.\n②수학기관장은 장학생의 학위과정 입학 결과를 교육원장에게 보고하여야 한다.\n제7조(수학대학 변경) 장학생은 교육원장으로부터 입학 대학을 승인받은 이후 수학대학을\n변경할 수 없다.\n제8조(학과 등 변경) ①학위과정으로 입학한 장학생은 승인받은 최종입학학과(부)가 폐\n과되거나 또는 전공 적합성이나 진로 재설계 등의 사유로 학과(부) 변경을 원할 경\n우 수학대학의 학칙에 따라 학과(부)를 변경할 수 있다. 다만, 특화과정에 선발된 장\n학생은 해당 과정의 목적을 달성하는 학과(부) 범위 내에서 변경이 가능하다.\n②학위과정 장학생은 수학대학의 학칙에 따라 다음 각 호와 같이 통합과정으로 변경\n할 수 있으나 장학기간은 연장되지 아니한다. 다만 제17조 및 제22조제7항 적용 시\n에는 수학대학장이 인정한 통합과정의 수업연한을 기준으로 한다.\n1. 학사과정에서 학·석사통합과정\n2. 석사과정에서 석·박사통합과정\n③수학대학장은 장학생의 학위과정, 학과(계열) 변경 처리 결과를 1개월 이내에 교육\n원장에게 보고하여야 한다.\n④한국어연수과정 중인 장학생은 학위과정으로 진학한 후에 제1항 및 제2항에 따른\n- 3 -\n\n[Tables]']","GKS 장학금을 받는 유학생이 학과를 변경하려면 다음 절차를 따라야 합니다:

1. **학과 변경 사유 확인**: 유학생은 학과 변경을 원할 경우, 해당 학과가 폐과되었거나 전공 적합성, 진로 재설계 등의 사유가 있어야 합니다.

2. **대학의 학칙에 따른 변경**: 유학생은 소속 대학의 학칙에 따라 학과를 변경해야 합니다. 

3. **대학 총장 승인**: 학과 변경을 위해서는 대학 총장의 승인을 받아야 합니다. 

4. **변경 결과 보고**: 학과 변경 처리 결과는 수학대학장이 1개월 이내에 교육원장에게 보고해야 합니다.

5. **특화과정의 경우**: 특화과정에 선발된 장학생은 해당 과정의 목적을 달성하는 학과 범위 내에서만 변경이 가능합니다.

이러한 절차를 통해 GKS 장학생은 학과를 변경할 수 있습니다.",GKS 장학금을 받는 유학생은 학과를 변경하려면 해당 대학의 규정에 따라 절차를 진행하고 승인을 받아야 합니다.,1.0,0.6113457138196472,0.7928571428373213,1.0
GKS 수혜자가 경고를 받을 수 있는 경우는 어떤 것들이 있나요?,"['3. 수학기관이 정한 등록 기간 내에 등록하지 않는 경우\n4. 수학기관이 정한 학기 시작일 이후 정당한 사유 없이 입국하지 않는 경우\n5. 휴학 기간 종료 후 정당한 사유 없이 복학원서를 제출하지 않은 경우\n6. 제12조제3항에 명시된 휴학 기간을 초과한 경우\n7. 외국대학과의 학점 교류 등의 목적으로 출신국 또는 제3국으로 출국한 경우\n다만, 다음 각 목의 어느 하나에 해당하는 경우는 제외한다.\n가. 외국대학과의 공동학위 등을 운영하는 경우\n나. 수학대학의 교육과정에 근거하여 방학 기간 중 운영되는 외국대학 학점 교류의 경우\n8. 제15조 각호의 기준에 따른 일시출국 최대허용기간을 초과한 경우. 다만, 교육원장이\n그 행위에 부득이한 사유가 있다고 인정하는 경우는 예외로 한다.\n9. 제18조에 따른 경고를 3회 이상 받은 경우\n10. 성범죄로 벌금 이상의 형 또는 기소유예 처분을 받거나, 그 외 범죄로 300만원을\n초과하는 벌금형 또는 금고 이상의 형이 확정된 경우\n11. 사망, 정신적․신체적 무능력, 연락두절, 체류기간 종료, 출국 명령 등으로 더 이상\n학업을 수행할 수 없다고 교육원장이 인정하는 경우\n12. 장학을 중도 포기한 경우\n13. 이 외에 징계위원회에서 자격상실 처분의 의결을 받은 경우\n제20조(징계) ①징계는 ‘정부초청외국인 장학생 상벌 규정’에 따라 징계위원회 의결을\n거쳐 장학금 일시정지, 자격상실 처분을 말한다.\n②교육원장은 다음 각호의 어느 하나에 해당하는 경우 징계할 수 있다.\n1. 정치활동을 하거나, 대한민국의 명예와 국익을 실추시킨 경우\n2. 절도, 폭력, 성폭행(성희롱, 성추행 포함), 폭언 등 타인에게 해를 가한 경우\n3. 법령을 위반한 경우\n4. 각종 서류가 허위로 작성되었거나 사실과 다른 것으로 드러난 경우\n5. 교육원에 서약한 사항을 위반한 경우\n6. 이 외에 장학생의 본분에 어긋난 행위를 한 경우\n③교육원장은 다음 각호에 해당하는 경우 징계위원회의 의결을 거쳐 경고 등을 조치\n- 7 -\n\n[Tables]', 'may be granted\n9. Accumulation of three (3) or more warnings related to Article 18;\n10. Sexual offense resulting in a fine or suspension of the indictment, or any other\ncrime resulting in a fine exceeding 3 million won or imprisonment without labor;\n11. Death, physical or mental incapacitation, loss of contact, completion of stay,\nissuance of departure orders, or any other circumstances that renders a GKS\nrecipient unable to continue their studies.\n12. Withdrawal from the GKS Program;\n13. Disciplinary action ordered by the Disciplinary Committee leading to\ndisqualification;\nArticle 20 (Discipline) ① Disciplinary action refers to the suspension or\ndisqualification of scholarship as determined by the Disciplinary Committee in\naccordance with the GKS Recipient Reward and Punishment Regulations.\n② The NIIED president may impose disciplinary action on a GKS recipient in any of\nthe following cases;\n1. Engagement in political activities or conduct that may bring the national', '할 수 있다.\n1. 징계 처분을 하기에 사유가 경미하다고 판단하는 경우\n2. 불가피한 사유 등의 정상 참작의 여지가 있는 경우\n제21조(형사사건 기소 사실 신고 등) ①장학생은 형사사건으로 기소된 경우 이를 즉시\n수학기관에 신고하여야 하며, 교육원장은 신고하지 않은 장학생을 제20조에 따라 징\n계할 수 있다.\n②수학기관장은 장학생의 형사사건 기소 사실을 알게 된 경우 즉시 교육원장에게\n보고하여야 한다.\n③교육원장은 장학생이 형사사건으로 기소된 경우 장학금 지급을 유보할 수 있다.\n④교육원장은 장학생이 유죄 판결을 선고받은 경우 장학생에게 제19조제10호에 따라\n자격상실 처분하거나, 제20조에 따라 징계위원회에 의결을 요구할 수 있다.\n⑤교육원장은 장학생이 유죄 판결을 선고받은 경우 장학금 지급을 중단하고 장학금을 환수\n할 수 있다. 이 경우 장학금 환수 대상 기간, 항목, 금액 등은 징계위원회에서 결정한다.\n제22조(장학금 지급 및 수령) ①장학금 지급 및 수령에 관한 사항은 장학금 지침에 따\n른다.\n②교육원장은 학업성적이 우수한 장학생에게 별도로 장학금을 지급할 수 있다.\n③장학생의 월 중 국내체류기간이 15일 이상인 경우 1개월로 하여 학업장려금 전액을\n지급하고, 15일 미만인 경우 국내체류 일수만큼 일할계산하여 지급한다. 다만, 학위과\n정 장학생은 장학금 지침 제22조제6항의 경우를 제외하고 학기당 일시출국 일수 30\n일을 국내에 체류한 날로 간주한다.\n④제12조의 휴학 기간에는 학업장려금을 지급하지 않는다. 다만, 수학기관장이 장학\n생의 부득이한 국내 체류로 학업장려금 지급이 불가피함을 신청하여 교육원장이\n인정하면 지급할 수 있다.\n⑤외국대학과의 공동학위 등을 운영하는 경우, 외국대학에서 수학하는 기간의 장학\n금은 지급하지 아니한다. 다만 국내 대학에 납부하는 등록금은 지급한다.\n⑥제19조에 따라 장학생 자격이 상실되면 해당 장학생에게 장학금을 지급하지 않는다.\n다만, 본인의 의사에 의하지 않은 중도 포기 등의 사유로 교육원장이 인정하는 경우\n- 8 -', ""② The NIIED president may impose disciplinary action on a GKS recipient in any of\nthe following cases;\n1. Engagement in political activities or conduct that may bring the national\ninterests or the honor of the Republic of Korea into disrepute;\n2. Committing harmful acts such as theft, assault, verbal abuse, and sexual assault\n(including sexual harassment and misconduct);\n3. Violation of any laws of the Republic of Korea or the recipient's home country.\n4. Submission of false documents or providing incorrect information;\n5. Breach of the pledge made to the NIIED;\n6. Engaging in wrongful acts as a GKS recipient;\n③ The NIIED president may take actions such as issuing a warning after a"", '라. 인턴 활동의 경우\n마. 그 밖에 법무부 등 관계 기관이 정한 외국인 유학생 취업 허용 범위 내 활동\n4. 제3호 마목에 따른 활동은 원칙적으로 동 지침 제18조 제2호 성적 경고를 받은 장학생\n에게는 허용하지 아니한다. 다만, 다음 각 목의 요건을 모두 충족하는 경우에는 예외적\n으로 허용할 수 있다.\n가. 성적경고를 1회만 받은 경우\n나. 직전 학기 성적 평점평균(백분위 환산점수)이 학사 및 전문학사 과정 80/100 이\n상, 석사 및 박사 과정 85/100 이상을 충족한 경우\n다. 수학대학장이 학업 지속 가능성을 인정한 경우\n5. 성적경고를 2회 이상 받은 장학생에 대하여는 제4호 단서의 예외를 적용하지 아니한다.\n③학위과정 장학생은 수학대학이 정한 졸업 요건을 충족한 경우 또는 취업 이후에도 수\n학대학의 학적 유지가 가능한 경우 취업할 수 있다.\n④제3항에 따라 취업한 장학생이 학업을 지속하고 수학대학의 학적을 유지하는 경우에는\n장학생 자격을 유지할 수 있으며, 장학금 지급 여부는 학업 이행 여부, 학업 성취도 및\n대학의 의견 등을 종합적으로 고려하여 결정한다.\n⑤교육원장은 정부초청 외국인 장학생(GKS) 사업의 성과 분석 및 동문 네트워크 구축을\n위하여 관련 법령이 허용하는 범위 내에서 졸업생(동문)의 진로, 취업, 거주 국가 등\n현황을 조사할 수 있다.\n⑥교육원장은 제5항에 따른 조사 수행을 위하여 필요한 경우, 관련 법령에 따라 수학대\n학장에게 졸업생(동문) 조사에 필요한 정보 및 현황 자료 등을 요청할 수 있다. 이 경\n우 수학대학장은 특별한 사정이 없는 한 이에 협조하여야 한다.\n제25조(장학생 관리실적 평가) 교육원장은 수학기관에 대하여 장학생 관리실적을 평가하고,\n그 결과를 수학대학 선정 및 장학생 인원 배정 등에 반영할 수 있다.\n부 칙\n이 지침은 2019. 6. 20.부터 시행한다.\n이 지침은 2020. 6. 22.부터 시행하며, 장학 기간 중인 장학생 전체에 적용된다.', '증빙서류 1부를 갖추어 수학기관장에게 재입국 신고를 하여야 한다.\n②수학기관장은 매학기 방학 전 일시출국신청서를 수합하여 승인 처리하고, 방학\n종료 후 출입국증빙서류를 확인하여 무단출국 및 출국허용기간 미준수 등 학사지침\n위반자에 대해 교육원장에게 보고하여야 한다.\n제17조(귀국 신고) ①장학 기간이 종료되거나 부득이한 사유로 중도 포기하고 귀국하려는\n장학생은 소속 수학기관에 귀국 신고를 하여야 하며, 수학기관장은 해당 사실을 장학\n기간 종료 또는 귀국 30일 전까지 교육원장에게 보고하여야 한다.\n②학위과정 장학생이 장학 기간 이내에 학위를 취득하지 못하여 학위취득을 목적으로\n한국 내에 체류할 경우, 전문학사․학사․석사 학위과정은 12개월까지, 박사 학위과정은\n24개월까지 귀국 신고를 연기할 수 있으며, 수학대학장은 장학 기간 종료 30일 전까지\n장학생의 귀국 연기 상황을 교육원장에게 보고하여야 한다.\n제18조(경고) 다음 각 호의 어느 하나에 해당하는 경우, 교육원장은 해당 장학생을 경고\n조치한다.\n1. 한국어연수 기간 중 무단결석일이 연속하여 3일 이상이거나 월 누계 5일 이상인 경우\n이 경우 출결의 세부기준(지각, 조퇴, 결석의 환산 기준 등)은 한국어연수기관 내부 규\n정에 따라 적용할 수 있다.\n2. 학기 단위 평점평균(백분위 환산점수)이 기준 점수 미만인 경우(전문학사․학사과정\n70점/100점, 석․박사 과정 80점/100점)\n3. 무단으로 일시출국하거나, 허가 기간 내 입국하지 않는 경우. 다만, 위반 사유가\n부득이하다고 교육원장이 인정하는 경우에는 예외로 할 수 있다.\n4. 제24조제2항의 시간제 취업 허용 범위를 위반한 경우\n5. 이외에 정부초청 외국인 장학생 징계위원회(이하 ‘징계위원회’라 한다)에서 경고\n조치가 필요하다고 인정하는 경우\n제19조(장학생 자격상실) 다음 각 호의 어느 하나에 해당하는 경우, 교육원장은 해당 장학\n생을 자격상실 처분한다.\n1. 수학기관으로부터 제적 처분을 받은 경우', '사정, 본인의 중대한 질병 등 부득이한 사유가 있는 경우에 한하여 허용한다. 이 경\n우 장학생은 휴학 신청서와 함께 해당 사유를 증빙하는 자료를 제출하여야 한다.\n④휴학은 학기 단위로 신청하여야 하며, 총 휴학 기간은 1년을 초과할 수 없다.\n다만, 수학기관장이 특별한 사유로 인정하는 경우에는 최대 1년의 범위에서 휴학 기\n간을 추가로 연장할 수 있다.\n⑤수학대학장은 장학생의 휴학 처리 결과를 교육원장에게 보고하여야 한다.\n제13조(복학) ①복학하고자 하는 장학생은 휴학 기간 종료 1개월 전까지 수학기관의\n학칙에 따라 복학 신고를 하여야 한다.\n②수학기관장은 장학생의 복학 처리 결과를 매학기 개시일 2주 전까지 교육원장에게\n보고하여야 한다.\n제14조(비상연락망 유지) 장학생은 체류지, 연락처 등 정보가 변경된 즉시 수학기관에\n신고하여야 하며, 수학기관장은 수학대학의 장학생 및 교육원과의 비상 연락 체계를\n상시 유지하여야 한다.\n제15조(일시출국) ①한국어연수과정 장학생의 일시출국은 다음 각호에 한하여 일시출국\n7일 전까지 일시출국신청서 및 증빙서류를 제출하여 한국어 연수기관장의 승인을\n받아야 한다. 다만 가족사망 등의 이유로 출국이 긴급한 경우에는 일시출국일까지\n신청할 수 있다.\n1. 학기 중에는 본국의 긴급 소환, 직계 가족의 긴급한 가정 사정, 본인의 중대한 질병\n등 특별한 사안이 발생한 경우에 한하여 최대 2주까지 일시출국 허용\n2. 한국어 연수기관장이 정한 방학 기간 범위 내에서 최대 4주까지 일시출국 허용\n②학위과정 장학생의 일시출국은 다음 각호에 한하여 일시출국 7일 전까지 일시출국\n신청서를 제출하여 수학대학장의 승인을 받아야 한다. 다만 가족사망 등의 이유로\n출국이 긴급한 경우에는 일시출국일까지 신청할 수 있다.\n1. 학기 중에는 학업에 지장이 없는 범위 내에서 최대 2주까지 일시출국 허용\n2. 수학대학장이 정한 방학 기간 내에서 일시출국 허용\n제16조(재입국 신고) ①일시출국 기간이 종료되어 재입국한 장학생은 7일 이내에 출입국\n- 5 -']","GKS 수혜자가 경고를 받을 수 있는 경우는 다음과 같습니다:

1. 한국어 연수 기간 중 무단결석일이 연속하여 3일 이상이거나 월 누계 5일 이상인 경우.
2. 학기 단위 평점평균(백분위 환산점수)이 기준 점수 미만인 경우 (전문학사․학사 과정 70점/100점, 석․박사 과정 80점/100점).
3. 무단으로 일시출국하거나, 허가 기간 내에 입국하지 않는 경우. 다만, 위반 사유가 부득이하다고 교육원장이 인정하는 경우에는 예외로 할 수 있습니다.
4. 시간제 취업 허용 범위를 위반한 경우.
5. 정부초청 외국인 장학생 징계위원회에서 경고 조치가 필요하다고 인정하는 경우.","GKS 수혜자는 다음과 같은 경우에 경고를 받을 수 있습니다: 1) 한국어 프로그램 중 무단 결석이 3일 연속이거나 한 달 동안 총 5일 이상인 경우, 2) 학기별 요구 학점을 달성하지 못한 경우 (전문대 및 학부 프로그램은 70/100, 석사 및 박사 프로그램은 80/100), 3) 허가 없이 임시 출국하거나 허용된 기간 내에 한국에 재입국하지 않은 경우, 4) 제24조 제2항에 명시된 파트타임 근무의 허용 범위를 위반한 경우.",1.0,0.5454331837487483,0.9150793650641138,1.0
휴학 기간이 끝난 후 재등록을 하지 않으면 어떤 결과가 발생하나요?,"['사정, 본인의 중대한 질병 등 부득이한 사유가 있는 경우에 한하여 허용한다. 이 경\n우 장학생은 휴학 신청서와 함께 해당 사유를 증빙하는 자료를 제출하여야 한다.\n④휴학은 학기 단위로 신청하여야 하며, 총 휴학 기간은 1년을 초과할 수 없다.\n다만, 수학기관장이 특별한 사유로 인정하는 경우에는 최대 1년의 범위에서 휴학 기\n간을 추가로 연장할 수 있다.\n⑤수학대학장은 장학생의 휴학 처리 결과를 교육원장에게 보고하여야 한다.\n제13조(복학) ①복학하고자 하는 장학생은 휴학 기간 종료 1개월 전까지 수학기관의\n학칙에 따라 복학 신고를 하여야 한다.\n②수학기관장은 장학생의 복학 처리 결과를 매학기 개시일 2주 전까지 교육원장에게\n보고하여야 한다.\n제14조(비상연락망 유지) 장학생은 체류지, 연락처 등 정보가 변경된 즉시 수학기관에\n신고하여야 하며, 수학기관장은 수학대학의 장학생 및 교육원과의 비상 연락 체계를\n상시 유지하여야 한다.\n제15조(일시출국) ①한국어연수과정 장학생의 일시출국은 다음 각호에 한하여 일시출국\n7일 전까지 일시출국신청서 및 증빙서류를 제출하여 한국어 연수기관장의 승인을\n받아야 한다. 다만 가족사망 등의 이유로 출국이 긴급한 경우에는 일시출국일까지\n신청할 수 있다.\n1. 학기 중에는 본국의 긴급 소환, 직계 가족의 긴급한 가정 사정, 본인의 중대한 질병\n등 특별한 사안이 발생한 경우에 한하여 최대 2주까지 일시출국 허용\n2. 한국어 연수기관장이 정한 방학 기간 범위 내에서 최대 4주까지 일시출국 허용\n②학위과정 장학생의 일시출국은 다음 각호에 한하여 일시출국 7일 전까지 일시출국\n신청서를 제출하여 수학대학장의 승인을 받아야 한다. 다만 가족사망 등의 이유로\n출국이 긴급한 경우에는 일시출국일까지 신청할 수 있다.\n1. 학기 중에는 학업에 지장이 없는 범위 내에서 최대 2주까지 일시출국 허용\n2. 수학대학장이 정한 방학 기간 내에서 일시출국 허용\n제16조(재입국 신고) ①일시출국 기간이 종료되어 재입국한 장학생은 7일 이내에 출입국\n- 5 -', '3. 수학기관이 정한 등록 기간 내에 등록하지 않는 경우\n4. 수학기관이 정한 학기 시작일 이후 정당한 사유 없이 입국하지 않는 경우\n5. 휴학 기간 종료 후 정당한 사유 없이 복학원서를 제출하지 않은 경우\n6. 제12조제3항에 명시된 휴학 기간을 초과한 경우\n7. 외국대학과의 학점 교류 등의 목적으로 출신국 또는 제3국으로 출국한 경우\n다만, 다음 각 목의 어느 하나에 해당하는 경우는 제외한다.\n가. 외국대학과의 공동학위 등을 운영하는 경우\n나. 수학대학의 교육과정에 근거하여 방학 기간 중 운영되는 외국대학 학점 교류의 경우\n8. 제15조 각호의 기준에 따른 일시출국 최대허용기간을 초과한 경우. 다만, 교육원장이\n그 행위에 부득이한 사유가 있다고 인정하는 경우는 예외로 한다.\n9. 제18조에 따른 경고를 3회 이상 받은 경우\n10. 성범죄로 벌금 이상의 형 또는 기소유예 처분을 받거나, 그 외 범죄로 300만원을\n초과하는 벌금형 또는 금고 이상의 형이 확정된 경우\n11. 사망, 정신적․신체적 무능력, 연락두절, 체류기간 종료, 출국 명령 등으로 더 이상\n학업을 수행할 수 없다고 교육원장이 인정하는 경우\n12. 장학을 중도 포기한 경우\n13. 이 외에 징계위원회에서 자격상실 처분의 의결을 받은 경우\n제20조(징계) ①징계는 ‘정부초청외국인 장학생 상벌 규정’에 따라 징계위원회 의결을\n거쳐 장학금 일시정지, 자격상실 처분을 말한다.\n②교육원장은 다음 각호의 어느 하나에 해당하는 경우 징계할 수 있다.\n1. 정치활동을 하거나, 대한민국의 명예와 국익을 실추시킨 경우\n2. 절도, 폭력, 성폭행(성희롱, 성추행 포함), 폭언 등 타인에게 해를 가한 경우\n3. 법령을 위반한 경우\n4. 각종 서류가 허위로 작성되었거나 사실과 다른 것으로 드러난 경우\n5. 교육원에 서약한 사항을 위반한 경우\n6. 이 외에 장학생의 본분에 어긋난 행위를 한 경우\n③교육원장은 다음 각호에 해당하는 경우 징계위원회의 의결을 거쳐 경고 등을 조치\n- 7 -\n\n[Tables]', '증빙서류 1부를 갖추어 수학기관장에게 재입국 신고를 하여야 한다.\n②수학기관장은 매학기 방학 전 일시출국신청서를 수합하여 승인 처리하고, 방학\n종료 후 출입국증빙서류를 확인하여 무단출국 및 출국허용기간 미준수 등 학사지침\n위반자에 대해 교육원장에게 보고하여야 한다.\n제17조(귀국 신고) ①장학 기간이 종료되거나 부득이한 사유로 중도 포기하고 귀국하려는\n장학생은 소속 수학기관에 귀국 신고를 하여야 하며, 수학기관장은 해당 사실을 장학\n기간 종료 또는 귀국 30일 전까지 교육원장에게 보고하여야 한다.\n②학위과정 장학생이 장학 기간 이내에 학위를 취득하지 못하여 학위취득을 목적으로\n한국 내에 체류할 경우, 전문학사․학사․석사 학위과정은 12개월까지, 박사 학위과정은\n24개월까지 귀국 신고를 연기할 수 있으며, 수학대학장은 장학 기간 종료 30일 전까지\n장학생의 귀국 연기 상황을 교육원장에게 보고하여야 한다.\n제18조(경고) 다음 각 호의 어느 하나에 해당하는 경우, 교육원장은 해당 장학생을 경고\n조치한다.\n1. 한국어연수 기간 중 무단결석일이 연속하여 3일 이상이거나 월 누계 5일 이상인 경우\n이 경우 출결의 세부기준(지각, 조퇴, 결석의 환산 기준 등)은 한국어연수기관 내부 규\n정에 따라 적용할 수 있다.\n2. 학기 단위 평점평균(백분위 환산점수)이 기준 점수 미만인 경우(전문학사․학사과정\n70점/100점, 석․박사 과정 80점/100점)\n3. 무단으로 일시출국하거나, 허가 기간 내 입국하지 않는 경우. 다만, 위반 사유가\n부득이하다고 교육원장이 인정하는 경우에는 예외로 할 수 있다.\n4. 제24조제2항의 시간제 취업 허용 범위를 위반한 경우\n5. 이외에 정부초청 외국인 장학생 징계위원회(이하 ‘징계위원회’라 한다)에서 경고\n조치가 필요하다고 인정하는 경우\n제19조(장학생 자격상실) 다음 각 호의 어느 하나에 해당하는 경우, 교육원장은 해당 장학\n생을 자격상실 처분한다.\n1. 수학기관으로부터 제적 처분을 받은 경우', '학과(부) 변경 등의 절차를 거칠 수 있다.\n제9조(등록) ①장학생은 수학기관이 정한 등록기간 내에 등록하여야 한다.\n②수학기관장은 장학생이 매학기 등록 기한까지 등록을 아니한 경우 교육원장에게\n보고하여야 한다.\n제10조(수학 의무) 장학생은 수학기관의 학칙, 규정 등에 따라 성실히 수강하여야 한다.\n제11조(수학 상황 보고) ①수학기관장은 장학생의 수학 상황을 매학기 종료 후에 다음\n각호와 같이 교육원장에게 보고하여야 한다.\n1. 한국어연수과정 : 성적 및 수료 상황\n2. 학위과정 : 성적, 수료 및 학위 취득 상황\n②특화과정으로 교육원장이 인정하는 외국대학과의 공동학위 및 복수학위(이하 “공동\n학위 등”이라 한다)를 운영하는 수학대학장은 다음 각 호의 사항을 교육원장에게 보고\n하여야 한다.\n1. 매학기 종료 후에 성적, 수료 및 학위 취득 상황. 다만 외국대학에서 공동학위 등\n을 수학하는 기간의 성적은 제외\n2. 학기 개시 1개월 전에 공동학위 등을 운영하는 외국대학의 명칭, 외국대학 체류 학기\n및 체류 기간\n3. 공동학위 등 이수를 위한 출입국일. 출국일은 7일 전까지, 입국일은 7일 이내 보고\n③학위과정 장학생은 최종 수학 완료 시 수학종료보고서 등의 서류를 교육원장에게\n제출하여야 한다.\n제12조(휴학 등) ①한국어연수과정 장학생은 휴학할 수 없으며, 다만 본국의 긴급 소환,\n긴급한 가정 사정, 본인의 중대한 질병 등 부득이한 경우에 한하여 한국어 연수기관의\n규정에 따라 휴학 등을 신청하고 교육원장의 승인을 받아야 한다.\n②학기 시작 전 휴학하고자 하는 학위과정 장학생은 수학대학의 규정에 따라 휴학을\n신청하고 수학대학장의 승인을 받아야 한다.\n③학기 중간에 휴학하고자 하는 학위과정 장학생은 본국의 긴급 소환, 긴급한 가정\n- 4 -\n\n[Tables]', '에는 귀국 지원을 할 수 있다.\n⑦다음 각호의 어느 하나에 해당하는 경우에는 귀국 항공료를 지급하지 않는다.\n1. 수학종료보고서를 제출하지 않는 경우\n2. 장학 기간 내 학위취득을 하지 못한 경우\n3. 장학 기간 이후에도 한국에 체류하는 경우\n⑧학위과정 장학생이 최초 수학 시작 후 3개월 이내에 수학을 포기하면 기존에 받은\n장학금의 전부 또는 일부를 반납하여야 한다. 한국어연수과정을 거치는 경우에는\n한국어연수과정 입학 후 3개월 이내로 한다. 다만, 천재지변, 본국의 소환, 중대한 질병\n등 교육원장이 인정하는 부득이한 사유에는 예외로 한다.\n제23조(준용규정) 본 지침에 규정된 이외의 학사에 관한 사항은 장학생의 소속 수학기\n관의 학칙을 준용한다.\n제24조(장학생 관리·점검) ①교육원장은 수시 또는 정기적으로 수학기관의 장학생 관리\n실태를 점검할 수 있으며 수학기관은 관리 서류 제출 등에 적극적으로 협조하여야 한다.\n②수학기관장은 장학생이 건전한 면학과 내실있는 유학생활을 할 수 있도록 시간제 취\n업을 관리하여야 한다. 장학생은 법무부 등이 정하는 시간제 취업 허가 요건을 충족하고,\n다음 각 호의 기준을 준수하여야 한다.\n1. 장학생은 전공과목 수학에 정진하는 것을 최우선으로 한다.\n2. 한국어연수과정 장학생은 한국어연수과정 6개월 경과 후, 한국어연수기관장 확인 및\n법무부의 시간제 취업 사전 허가를 받은 경우에 방학 기간에 한하여 시간제 취업이 가\n능하다. 다만, 수학기관장이 학위과정 진학에 필요하다고 인정한 TOPIK 등급 이상을 충\n족한 장학생은 학기중에도 주당 20시간 이내에서 시간제 취업을 할 수 있다.\n3. 학위과정 장학생의 시간제 취업은 학업 성취도, 출결, 지도교수 의견 등을 종합적으로 고\n려하여, 학업에 중대한 지장이 없는 범위에서 수학대학장이 인정하는 경우 가능하다. 이\n경우 시간제 취업의 범위 및 기준은 법무부 등 관계 기관이 정한 외국인 유학생 시간\n제 취업 허가 기준을 따른다.\n가. 수학대학 내 근로장학생의 경우', '* F ees will be refunded under the conditions listed below. The dormitory fee will be prorated according to admissions date, and other\n6) School transcript (Written in Korean or English, Apostille or Korean Embassy certified)\nmiscellaneous charges will not be refunded\n* T he Immigration Center will be notified about applicants who cancel admissions after obtaining their visa, and their visa will be * All documents must be written in Korean or English. Documents in any other languages must have a notarized translation attached.\nautomatically canceled.\n* Additional documents may be requested.\n* Conditions for refund\n* As required documents may vary depending on the country of origin and visa type, prior inquiry is required\nPeriod Amount\nWhen Visa has been denied/none of the appropriate classes are available Full refund\nBefore the beginning of the class Full refund\n3 Procdeures\nBefore 1/3 of the total class hours have been taken 2/3 of total tuition\nOther', '4. 제24조제2항의 시간제 취업 허용 범위를 위반한 경우\n5. 이외에 정부초청 외국인 장학생 징계위원회(이하 ‘징계위원회’라 한다)에서 경고\n조치가 필요하다고 인정하는 경우\n제19조(장학생 자격상실) 다음 각 호의 어느 하나에 해당하는 경우, 교육원장은 해당 장학\n생을 자격상실 처분한다.\n1. 수학기관으로부터 제적 처분을 받은 경우\n2. 제5조 한국어연수과정 이수 후 수학대학에 진학하지 못한 경우\n- 6 -']","휴학 기간이 종료된 후 정당한 사유 없이 복학원서를 제출하지 않으면, 해당 장학생은 자격상실 처분을 받을 수 있습니다. 이는 제16조에 명시된 내용으로, 복학 신고를 하지 않으면 학업을 계속할 수 없는 상황이 발생하게 됩니다.",유효한 사유 없이 재등록을 하지 않으면 위반으로 간주됩니다.,1.0,0.4815661454391265,0.9428571428382857,1.0
글로벌 코리아 장학금은 어떤 학위 프로그램에 적용되나요?,"['학과(부) 변경 등의 절차를 거칠 수 있다.\n제9조(등록) ①장학생은 수학기관이 정한 등록기간 내에 등록하여야 한다.\n②수학기관장은 장학생이 매학기 등록 기한까지 등록을 아니한 경우 교육원장에게\n보고하여야 한다.\n제10조(수학 의무) 장학생은 수학기관의 학칙, 규정 등에 따라 성실히 수강하여야 한다.\n제11조(수학 상황 보고) ①수학기관장은 장학생의 수학 상황을 매학기 종료 후에 다음\n각호와 같이 교육원장에게 보고하여야 한다.\n1. 한국어연수과정 : 성적 및 수료 상황\n2. 학위과정 : 성적, 수료 및 학위 취득 상황\n②특화과정으로 교육원장이 인정하는 외국대학과의 공동학위 및 복수학위(이하 “공동\n학위 등”이라 한다)를 운영하는 수학대학장은 다음 각 호의 사항을 교육원장에게 보고\n하여야 한다.\n1. 매학기 종료 후에 성적, 수료 및 학위 취득 상황. 다만 외국대학에서 공동학위 등\n을 수학하는 기간의 성적은 제외\n2. 학기 개시 1개월 전에 공동학위 등을 운영하는 외국대학의 명칭, 외국대학 체류 학기\n및 체류 기간\n3. 공동학위 등 이수를 위한 출입국일. 출국일은 7일 전까지, 입국일은 7일 이내 보고\n③학위과정 장학생은 최종 수학 완료 시 수학종료보고서 등의 서류를 교육원장에게\n제출하여야 한다.\n제12조(휴학 등) ①한국어연수과정 장학생은 휴학할 수 없으며, 다만 본국의 긴급 소환,\n긴급한 가정 사정, 본인의 중대한 질병 등 부득이한 경우에 한하여 한국어 연수기관의\n규정에 따라 휴학 등을 신청하고 교육원장의 승인을 받아야 한다.\n②학기 시작 전 휴학하고자 하는 학위과정 장학생은 수학대학의 규정에 따라 휴학을\n신청하고 수학대학장의 승인을 받아야 한다.\n③학기 중간에 휴학하고자 하는 학위과정 장학생은 본국의 긴급 소환, 긴급한 가정\n- 4 -\n\n[Tables]', '| 12. 장학금 가. 신입생 장학금 1) 외국인 우수신입생 장학금 구분 수혜금액 수혜조건 장학명 자격요건 종류 A 수업료100% 한국어능력시험(TOPIKPBT, TOPIK iBT) 5급이상소지자 외국인 B 수업료60% 한국어능력시험(TOPIKPBT, TOPIK iBT) 4급소지자 우수신입생 외국인신(편)입학 장학금 C 수업료50% 한국어능력시험(TOPIKPBT, TOPIK iBT) 3급소지자 특별전형합격자 A,B,C,D,E D 수업료40% 동아한국어능력시험(Dong-A TOPIK) 3급이상소지자 본교입학자격요건을갖춘신(편)입생중, E 수업료30% 외국인우수신입생장학금A,B,C,D에해당되지않는자 외국인신(편)입학 A 수업료100% 한국어능력시험(TOPIKPBT, TOPIK iBT) 5급이상소지자 DAU 특별전형합격자중, 외국인 본교한국어학당을 B 수업료70% 한국어능력시험(TOPIKPBT, TOPIK iBT) 4급소지자 우수신입생 2개학기이상수료 장학금 하고최종2개학기 C 수업료60% 한국어능력시험(TOPIKPBT, TOPIK iBT) 3급소지자 A,B,C,D 출석률이80% 이 본교입학자격요건을갖춘신(편)입생중, D 수업료50% 상인자 DAU 외국인우수신입생장학금A,B,C에해당되지않는자 ※위장학금은입학학기에만적용되며2번째학기부터는재학생장학금기준에따라지급 ※장학금지급기준및지급액은본교장학제도에따라변동될수있음 2) 외국인 유학생 국가장학금 구분 수혜기간 수혜금액 수혜조건 아래학과외국인신입학특별전형합격자중학과추천자 - 인문과학대학: 역사문화학부, 한국어문학과 - 자연과학대학: 반도체학과, 바이오메디컬학과 - 사회과학대학: 미디어커뮤니케이션학과 - 경영대학: 경영학과, 관광경영학과, 국제무역학과, 경영정보학과 동아특화분야 - 생명자원과학대학: 식품생명공학과, 스마트그린자원학과 첫학기 우수장학금Ⅰ - 공학: 환경에너지공학과-미래에너지공학전공, 전기공학과, 전자공학과, 기계공학과, 산업경영공학과, 조선해양공학과, 화학공학과, 신소재공학과 수업료전액 - 디자인환경대학:', '[Tables]\n| Type | Rate(app.) | Facilities | Meal |\n|  | Around 756,000 KRW (for 3 months) | Public sector: Laundry room, resting area Room: Bathroom, bed, desk, chair, bookcase, closet, air-conditioning, heating system, LAN |  |', '12. 장학금\n가. 신입생 장학금\n1) 외국인 우수신입생 장학금\n구분\n수혜금액 수혜조건\n장학명 자격요건 종류\nA 수업료100% 한국어능력시험(TOPIKPBT, TOPIK iBT) 5급이상소지자\n외국인\nB 수업료60% 한국어능력시험(TOPIKPBT, TOPIK iBT) 4급소지자\n우수신입생\n외국인신(편)입학\n장학금 C 수업료50% 한국어능력시험(TOPIKPBT, TOPIK iBT) 3급소지자\n특별전형합격자\nA,B,C,D,E\nD 수업료40% 동아한국어능력시험(Dong-A TOPIK) 3급이상소지자\n본교입학자격요건을갖춘신(편)입생중,\nE 수업료30%\n외국인우수신입생장학금A,B,C,D에해당되지않는자\n외국인신(편)입학 A 수업료100% 한국어능력시험(TOPIKPBT, TOPIK iBT) 5급이상소지자\nDAU 특별전형합격자중,\n외국인 본교한국어학당을 B 수업료70% 한국어능력시험(TOPIKPBT, TOPIK iBT) 4급소지자\n우수신입생 2개학기이상수료\n장학금 하고최종2개학기 C 수업료60% 한국어능력시험(TOPIKPBT, TOPIK iBT) 3급소지자\nA,B,C,D 출석률이80% 이 본교입학자격요건을갖춘신(편)입생중,\nD 수업료50%\n상인자 DAU 외국인우수신입생장학금A,B,C에해당되지않는자\n※위장학금은입학학기에만적용되며2번째학기부터는재학생장학금기준에따라지급\n※장학금지급기준및지급액은본교장학제도에따라변동될수있음\n2) 외국인 유학생 국가장학금\n구분 수혜기간 수혜금액 수혜조건\n아래학과외국인신입학특별전형합격자중학과추천자\n- 인문과학대학: 역사문화학부, 한국어문학과\n- 자연과학대학: 반도체학과, 바이오메디컬학과\n- 사회과학대학: 미디어커뮤니케이션학과\n- 경영대학: 경영학과, 관광경영학과, 국제무역학과, 경영정보학과\n동아특화분야 - 생명자원과학대학: 식품생명공학과, 스마트그린자원학과\n첫학기\n우수장학금Ⅰ - 공학: 환경에너지공학과-미래에너지공학전공, 전기공학과, 전자공학과,\n기계공학과, 산업경영공학과, 조선해양공학과, 화학공학과, 신소재공학과', '* Refrigerated/frozen foods cannot be stored(Please do not bring) ○ E-mail: koreanedu@donga.ac.kr\n* After final acceptance, students must arrive in Korea, complete the dormitory application form, and pay the dormitory fee ○ Admissions application website: apply.donga.ac.kr\n2026-2027 Korean Language Course Dong-A University', '미디어커뮤니케이션학과 - 경영대학: 경영학과, 관광경영학과, 국제무역학과, 경영정보학과 동아특화분야 - 생명자원과학대학: 식품생명공학과, 스마트그린자원학과 첫학기 우수장학금Ⅰ - 공학: 환경에너지공학과-미래에너지공학전공, 전기공학과, 전자공학과, 기계공학과, 산업경영공학과, 조선해양공학과, 화학공학과, 신소재공학과 수업료전액 - 디자인환경대학: 건축학과, 산업디자인학과, 패션디자인학과, 조경학과 (입학금포함) - 예술체육대학: 미술학과 - 건강과학대학: 식품영양학과, 의약생명공학과, 건강관리학과 - 소프트웨어대학: 컴퓨터공학과, AI학과 아래학과외국인신입학특별전형합격자중학과추천자 - 자연과학대학: 화학과, 바이오메디컬학과 동아특화분야 2개학기 - 공과대학: 환경에너지공학과-미래에너지공학전공, 전기공학과, 전자공학 우수장학금Ⅱ (1년) 과, 기계공학과, 화학공학과, 조선해양공학과 - 예술체육대학: 체육학과 - 건강과학대학: 식품영양학과, 의약생명공학과, 건강관리학과 ※장학금지급대상학과는변동될수있음 ※장학금지급기준및지급액은본교장학제도에따라변동될수있음 ※학과추천외에학업성적,어학성적등추가검토사항이반영될수있음 - 16 - |', 'not accepted.) ○ Kakaotalk: dongakorean\n* Meals are excluded. ○ Address: ( 49236) Seokdang Global House, Dong-A University, 30-1 Daecheong-ro, Jung-gu, Busan, South Korea\n* Students shall prepare their own beddings in advance since it will not be provided by the dormitory (rentals for beddings are available). (49236) Dong-A University International Affairs Office, B03-0202, 225 Gudeok-ro, Seo-gu, Busan, South Korea\n* N o Wi-Fi connection will be available in the dormitory. Students shall either use the LAN cable provided by the dormitory or prepare their\n○ Web site: h ttp://www.donga.ac.kr (Dong-A University)\nown Wi-Fi router.\nhttp://global.donga.ac.kr (Dong-A University Office of International Affairs)\n* Newcomers must stay in the dormitory at least 3 months. The course will be terminated if you leave the dormitory within 3 months.\n* Refrigerated/frozen foods cannot be stored(Please do not bring) ○ E-mail: koreanedu@donga.ac.kr']","글로벌 코리아 장학금은 특정 학위 프로그램에 대한 정보가 제공되지 않았습니다. 그러나 일반적으로 장학금은 외국인 우수신입생 장학금 및 외국인 유학생 국가장학금과 같은 다양한 장학금 프로그램에 적용될 수 있습니다. 이러한 장학금은 특정 학과나 전공에 따라 다르게 적용될 수 있으며, 각 장학금의 수혜 조건과 자격 요건은 다를 수 있습니다. 따라서 구체적인 학위 프로그램에 대한 정보는 해당 학교의 공식 웹사이트나 국제교류처에 문의하여 확인하는 것이 좋습니다.",대학원 및 학부 학위 프로그램에 적용됩니다.,1.0,0.0,0.8541666666453125,1.0
GKS 장학금을 받는 유학생이 아르바이트를 할 때 지켜야 할 기준은 무엇인가요?,"['할 수 있다.\n1. 징계 처분을 하기에 사유가 경미하다고 판단하는 경우\n2. 불가피한 사유 등의 정상 참작의 여지가 있는 경우\n제21조(형사사건 기소 사실 신고 등) ①장학생은 형사사건으로 기소된 경우 이를 즉시\n수학기관에 신고하여야 하며, 교육원장은 신고하지 않은 장학생을 제20조에 따라 징\n계할 수 있다.\n②수학기관장은 장학생의 형사사건 기소 사실을 알게 된 경우 즉시 교육원장에게\n보고하여야 한다.\n③교육원장은 장학생이 형사사건으로 기소된 경우 장학금 지급을 유보할 수 있다.\n④교육원장은 장학생이 유죄 판결을 선고받은 경우 장학생에게 제19조제10호에 따라\n자격상실 처분하거나, 제20조에 따라 징계위원회에 의결을 요구할 수 있다.\n⑤교육원장은 장학생이 유죄 판결을 선고받은 경우 장학금 지급을 중단하고 장학금을 환수\n할 수 있다. 이 경우 장학금 환수 대상 기간, 항목, 금액 등은 징계위원회에서 결정한다.\n제22조(장학금 지급 및 수령) ①장학금 지급 및 수령에 관한 사항은 장학금 지침에 따\n른다.\n②교육원장은 학업성적이 우수한 장학생에게 별도로 장학금을 지급할 수 있다.\n③장학생의 월 중 국내체류기간이 15일 이상인 경우 1개월로 하여 학업장려금 전액을\n지급하고, 15일 미만인 경우 국내체류 일수만큼 일할계산하여 지급한다. 다만, 학위과\n정 장학생은 장학금 지침 제22조제6항의 경우를 제외하고 학기당 일시출국 일수 30\n일을 국내에 체류한 날로 간주한다.\n④제12조의 휴학 기간에는 학업장려금을 지급하지 않는다. 다만, 수학기관장이 장학\n생의 부득이한 국내 체류로 학업장려금 지급이 불가피함을 신청하여 교육원장이\n인정하면 지급할 수 있다.\n⑤외국대학과의 공동학위 등을 운영하는 경우, 외국대학에서 수학하는 기간의 장학\n금은 지급하지 아니한다. 다만 국내 대학에 납부하는 등록금은 지급한다.\n⑥제19조에 따라 장학생 자격이 상실되면 해당 장학생에게 장학금을 지급하지 않는다.\n다만, 본인의 의사에 의하지 않은 중도 포기 등의 사유로 교육원장이 인정하는 경우\n- 8 -', '5. The exception under Subparagraph 4 shall not apply to GKS recipients who have\nreceived two (2) academic warnings.\n③ A GKS recipient in a degree program may engage in full-time employment if the\nrecipient has satisfied the graduation requirements established by the university or\nif the recipient may maintain student status at the university after commencing\nemployment.\n④ A GKS recipient who engages in employment pursuant to Paragraph 3 and\ncontinues academic studies while maintaining student status at the university may\nretain GKS recipient status. The payment of scholarships shall be determined upon\ncomprehensive consideration of academic fulfillment, academic performance, and\nthe opinion of the university.', '에는 귀국 지원을 할 수 있다.\n⑦다음 각호의 어느 하나에 해당하는 경우에는 귀국 항공료를 지급하지 않는다.\n1. 수학종료보고서를 제출하지 않는 경우\n2. 장학 기간 내 학위취득을 하지 못한 경우\n3. 장학 기간 이후에도 한국에 체류하는 경우\n⑧학위과정 장학생이 최초 수학 시작 후 3개월 이내에 수학을 포기하면 기존에 받은\n장학금의 전부 또는 일부를 반납하여야 한다. 한국어연수과정을 거치는 경우에는\n한국어연수과정 입학 후 3개월 이내로 한다. 다만, 천재지변, 본국의 소환, 중대한 질병\n등 교육원장이 인정하는 부득이한 사유에는 예외로 한다.\n제23조(준용규정) 본 지침에 규정된 이외의 학사에 관한 사항은 장학생의 소속 수학기\n관의 학칙을 준용한다.\n제24조(장학생 관리·점검) ①교육원장은 수시 또는 정기적으로 수학기관의 장학생 관리\n실태를 점검할 수 있으며 수학기관은 관리 서류 제출 등에 적극적으로 협조하여야 한다.\n②수학기관장은 장학생이 건전한 면학과 내실있는 유학생활을 할 수 있도록 시간제 취\n업을 관리하여야 한다. 장학생은 법무부 등이 정하는 시간제 취업 허가 요건을 충족하고,\n다음 각 호의 기준을 준수하여야 한다.\n1. 장학생은 전공과목 수학에 정진하는 것을 최우선으로 한다.\n2. 한국어연수과정 장학생은 한국어연수과정 6개월 경과 후, 한국어연수기관장 확인 및\n법무부의 시간제 취업 사전 허가를 받은 경우에 방학 기간에 한하여 시간제 취업이 가\n능하다. 다만, 수학기관장이 학위과정 진학에 필요하다고 인정한 TOPIK 등급 이상을 충\n족한 장학생은 학기중에도 주당 20시간 이내에서 시간제 취업을 할 수 있다.\n3. 학위과정 장학생의 시간제 취업은 학업 성취도, 출결, 지도교수 의견 등을 종합적으로 고\n려하여, 학업에 중대한 지장이 없는 범위에서 수학대학장이 인정하는 경우 가능하다. 이\n경우 시간제 취업의 범위 및 기준은 법무부 등 관계 기관이 정한 외국인 유학생 시간\n제 취업 허가 기준을 따른다.\n가. 수학대학 내 근로장학생의 경우', 'provision applies only to the GKS recipient who has achieved 70% or higher of the\npassing score for the TOPIK level three (3).\n⑤ A GKS recipient undergoing additional Korean language program as outlined in\nParagraph 4 must bear fifty percent (50%) of the language training tuition as\nspecified in the ""Scholarship Payment Guideline"" for GKS recipients by the National\nInstitute for International Education.\n⑥ A GKS recipient who has been granted an extension of Korean language program\nperiod under Paragraph 4 must obtain at least TOPIK Level 3 and meet the\nadmission requirements of the university within the extended Korean language\nprogram period.\n⑦ A GKS recipient must obtain prior approval from the president of Korean language\ninstitution in case of an unavoidable absence from the Korean language program. The\nrecipient must submit an absence report with supporting documents such as a medical\ncertificate and may provide them afterward only in unavoidable circumstances.', '(제5쪽 / Page5))\n유의사항 Notice\n1. 위 기재사항과 관련하여 자세한 내용은 별지로 작성하거나 관련 서류를 추가로 제출할 수 있습니다.\nIf extra space is needed to complete any item, record on a separate sheet of paper or submit relevant\ndocuments which could support the application.\n2. 대한민국 사증을 승인받은 후 분실 또는 훼손 등의 사유로 여권을 새로 발급받은 경우에는, 정확한 개인정보를 반영\n할 수 있도록 변경된 여권정보를 사증처리기관에 통보해야 합니다.\nIf you received Korean visa approval, and have new passport issued thereafter in lieu of lost/damaged\npassport, you must notify the concerned visa office of changes in your passport information.\n3. 사증을 발급받았더라도 대한민국 입국 시 입국거부 사유가 발견될 경우에는 대한민국으로의 입국이 허가되지 않을 수 있습니다.\nPossession of a visa does not entitle the bearer to enter the Republic of Korea upon arrival at the port\nof entry if he/she is found inadmissible.\n4. 「출입국관리법 시행규칙」 제9조제1항에 따라 C 계열 사증소지자는 입국 후에 체류자격을 변경할 수 없습니다.\nPlease note that category C visa holders are not able to change their status of stay after their entry into', '3. 지원 자격\n가. 국적 기준: 부모가 모두 외국인인 외국인\n※복수국적자및무국적자는외국인으로인정하지않음\n나. 학력 기준\n구분 자격요건 비고\n신입학 고교졸업자또는법령에의하여이와동등이상의학력이있다고인정되는자\n1)국내4년제대학의1학년또는2학기(계절학기는제외)이상수료자\n2)국내(외)2(3)년제전문대학졸업(예정)자\n편입학\n3) 외국의 4년제 정규대학의 정규교육과정을 1학년(2개 학기) 이상 수료한 자 또는\n2학년\n졸업학점의 1/4 이상[영국학제의 3년제 대학의 경우 1년(2학기) 이상 수학하고\n1)~3)중\n졸업학점의1/3이상]취득(예정인)한자\n하나이상에\n1)국내4년제대학의2학년또는4학기(계절학기는제외)이상수료자\n해당되는자\n2)국내(외)2(3)년제전문대학졸업(예정)자\n편입학\n3) 외국의 4년제 정규대학의 정규교육과정을 2학년(4개 학기) 이상 수료한 자 또는\n3학년\n졸업학점의 1/2 이상[영국학제의 3년제 대학의 경우 2년(4학기) 이상 수학하고\n졸업학점의2/3이상]취득(예정인)한자\n※ 해당국법령에의거하여소정의학력이인정되는정규학교과정만을인정함\n다. 어학능력 기준\n구분 어학능력기준 비고\n※ 토픽2급에상응하는성적소지자의경우,\n신입학 토픽2급이상또는이에상응하는성적취득자 입학후1년간소정의한국어교육이수필수\n(단, 예체능계열입학자제외)\n편입학 토픽3급이상또는이에상응하는성적취득자\n※ 어학성적은원서접수마감일기준2년이내취득한성적만인정\n※ 어학능력은아래[어학능력기준표]에명시된시험또는과정만인정\n[어학능력기준표] ※기준성적(TOPIK)및이에상응하는어학성적목록\n동아토픽 사회통합프로그램\n토픽 동아 세종학당한국어과정 세종한국어평가\n구분 (Dong-A\n(TOPIK) 한국어학당 사전평가 교육과정 (오프라인과정) (SKA)\nTOPIK)\n41점이상 2단계\n2급 2급 중급1 수료 초급2 이수 216점이상취득\n취득 이수\n기준\n중급2 이상 61점이상 3단계\n3급 3급 중급1 이수 296점이상취득\n수료 취득 이수\n- 2 -', '3. 학위과정 장학생의 시간제 취업은 학업 성취도, 출결, 지도교수 의견 등을 종합적으로 고\n려하여, 학업에 중대한 지장이 없는 범위에서 수학대학장이 인정하는 경우 가능하다. 이\n경우 시간제 취업의 범위 및 기준은 법무부 등 관계 기관이 정한 외국인 유학생 시간\n제 취업 허가 기준을 따른다.\n가. 수학대학 내 근로장학생의 경우\n나. 학업과 연관된 연구·학술 활동의 경우\n다. 현장 실습학기제 운영에 따른 현장실습에 참여하는 경우\n- 9 -']","GKS 장학금을 받는 유학생이 아르바이트를 할 때 지켜야 할 기준은 다음과 같습니다:

1. **학업 우선**: 장학생은 전공 과목 수학에 최우선으로 집중해야 합니다.

2. **시간제 취업 허가**: 한국어 연수 과정 장학생은 한국어 연수 과정 6개월이 경과한 후, 한국어 연수 기관장의 확인 및 법무부의 시간제 취업 사전 허가를 받은 경우에만 방학 기간 동안 아르바이트가 가능합니다. 또한, 학위 과정 진학에 필요한 TOPIK 등급 이상을 충족한 장학생은 학기 중에도 주당 20시간 이내에서 아르바이트를 할 수 있습니다.

3. **학업 성취도 고려**: 학위 과정 장학생의 시간제 취업은 학업 성취도, 출결, 지도 교수의 의견 등을 종합적으로 고려하여, 학업에 중대한 지장이 없는 범위에서 수학 대학장이 인정해야 합니다.

4. **법무부 기준 준수**: 시간제 취업의 범위 및 기준은 법무부 등 관계 기관이 정한 외국인 유학생 시간제 취업 허가 기준을 따라야 합니다.

이러한 기준을 준수하여 아르바이트를 진행해야 GKS 장학생 자격을 유지할 수 있습니다.","GKS 장학금을 받는 유학생은 전공 공부를 우선시해야 하며, 법무부 및 관련 당국이 정한 아르바이트 요건을 충족해야 합니다.",1.0,0.4245651630051852,0.8928571428348213,1.0
입학허가서(Certificate of Admission)에서 확인해야 할 주요 사항은 무엇인가요?,"['| 5 | Certificate of Admission/표준입학허가서 ❖Please make sure the following points are valid: 1) Stamp of the University is clearly visible 2) Your name, passport number, and date of birth, Nationality are correctly written on your CoA document 3) Document is issued within 3 months 4) “Signature of Student” (Only hand signature will be accepted/e-signature not permitted) *If there are inaccuracies on your CoA, kindly reach out to your university directly. Incorrect information cannot be accepted. |\n| 6 | Business registration of the university in Korea issued within 3 months 한국대학교의사업자등록증명원(발급3개월이내) |\n| 7 | Proof of Payment Receipt / 송금내역서 |\n| 8 | KVAC Waiver Courier / 우편접수시책임면책서 Please clearly write down the address where you wish to have your passport sent back including C/O. 반드시여권을돌려받아야하는주소를정확하게기재해주시기바랍니다. (우편함이름까지기재) |', '2\n여권유효기간이최소6개월이상남아있는여권\nOne3.5X4.5cmpicturetakeninthepast6months. Please glue the photo on the Application Form.\n3\n최근6개월이내촬영한3.5X4.5cm사진. 사증발급신청서사진란에풀로부착.\nCertificate of Admission/표준입학허가서\n❖Please make sure the following points are valid:\n1) Stamp of the University is clearly visible\n2) Your name, passport number, and date of birth, Nationality are correctly written on your CoA document\n3) Document is issued within 3 months\n4) “Signature of Student” (Only hand signature will be accepted/e-signature not permitted)\n4\n*If there are inaccuracies on your CoA, kindly reach out to your university directly. Incorrect information cannot be accepted.\nBusiness registration of the university in Korea issued within 3 months\n5\n한국대학교의사업자등록증명원(발급3개월이내)\n6 Proof of Payment Receipt / 송금내역서\nKVAC Waiver Courier / 우편접수시책임면책서\n7 Please clearly write down the address where you wish to have your passport sent back including C/O.\n반드시여권을돌려받아야하는주소를정확하게기재해주시기바랍니다. (우편함이름까지기재)', '에는 귀국 지원을 할 수 있다.\n⑦다음 각호의 어느 하나에 해당하는 경우에는 귀국 항공료를 지급하지 않는다.\n1. 수학종료보고서를 제출하지 않는 경우\n2. 장학 기간 내 학위취득을 하지 못한 경우\n3. 장학 기간 이후에도 한국에 체류하는 경우\n⑧학위과정 장학생이 최초 수학 시작 후 3개월 이내에 수학을 포기하면 기존에 받은\n장학금의 전부 또는 일부를 반납하여야 한다. 한국어연수과정을 거치는 경우에는\n한국어연수과정 입학 후 3개월 이내로 한다. 다만, 천재지변, 본국의 소환, 중대한 질병\n등 교육원장이 인정하는 부득이한 사유에는 예외로 한다.\n제23조(준용규정) 본 지침에 규정된 이외의 학사에 관한 사항은 장학생의 소속 수학기\n관의 학칙을 준용한다.\n제24조(장학생 관리·점검) ①교육원장은 수시 또는 정기적으로 수학기관의 장학생 관리\n실태를 점검할 수 있으며 수학기관은 관리 서류 제출 등에 적극적으로 협조하여야 한다.\n②수학기관장은 장학생이 건전한 면학과 내실있는 유학생활을 할 수 있도록 시간제 취\n업을 관리하여야 한다. 장학생은 법무부 등이 정하는 시간제 취업 허가 요건을 충족하고,\n다음 각 호의 기준을 준수하여야 한다.\n1. 장학생은 전공과목 수학에 정진하는 것을 최우선으로 한다.\n2. 한국어연수과정 장학생은 한국어연수과정 6개월 경과 후, 한국어연수기관장 확인 및\n법무부의 시간제 취업 사전 허가를 받은 경우에 방학 기간에 한하여 시간제 취업이 가\n능하다. 다만, 수학기관장이 학위과정 진학에 필요하다고 인정한 TOPIK 등급 이상을 충\n족한 장학생은 학기중에도 주당 20시간 이내에서 시간제 취업을 할 수 있다.\n3. 학위과정 장학생의 시간제 취업은 학업 성취도, 출결, 지도교수 의견 등을 종합적으로 고\n려하여, 학업에 중대한 지장이 없는 범위에서 수학대학장이 인정하는 경우 가능하다. 이\n경우 시간제 취업의 범위 및 기준은 법무부 등 관계 기관이 정한 외국인 유학생 시간\n제 취업 허가 기준을 따른다.\n가. 수학대학 내 근로장학생의 경우', '할 수 있다.\n1. 징계 처분을 하기에 사유가 경미하다고 판단하는 경우\n2. 불가피한 사유 등의 정상 참작의 여지가 있는 경우\n제21조(형사사건 기소 사실 신고 등) ①장학생은 형사사건으로 기소된 경우 이를 즉시\n수학기관에 신고하여야 하며, 교육원장은 신고하지 않은 장학생을 제20조에 따라 징\n계할 수 있다.\n②수학기관장은 장학생의 형사사건 기소 사실을 알게 된 경우 즉시 교육원장에게\n보고하여야 한다.\n③교육원장은 장학생이 형사사건으로 기소된 경우 장학금 지급을 유보할 수 있다.\n④교육원장은 장학생이 유죄 판결을 선고받은 경우 장학생에게 제19조제10호에 따라\n자격상실 처분하거나, 제20조에 따라 징계위원회에 의결을 요구할 수 있다.\n⑤교육원장은 장학생이 유죄 판결을 선고받은 경우 장학금 지급을 중단하고 장학금을 환수\n할 수 있다. 이 경우 장학금 환수 대상 기간, 항목, 금액 등은 징계위원회에서 결정한다.\n제22조(장학금 지급 및 수령) ①장학금 지급 및 수령에 관한 사항은 장학금 지침에 따\n른다.\n②교육원장은 학업성적이 우수한 장학생에게 별도로 장학금을 지급할 수 있다.\n③장학생의 월 중 국내체류기간이 15일 이상인 경우 1개월로 하여 학업장려금 전액을\n지급하고, 15일 미만인 경우 국내체류 일수만큼 일할계산하여 지급한다. 다만, 학위과\n정 장학생은 장학금 지침 제22조제6항의 경우를 제외하고 학기당 일시출국 일수 30\n일을 국내에 체류한 날로 간주한다.\n④제12조의 휴학 기간에는 학업장려금을 지급하지 않는다. 다만, 수학기관장이 장학\n생의 부득이한 국내 체류로 학업장려금 지급이 불가피함을 신청하여 교육원장이\n인정하면 지급할 수 있다.\n⑤외국대학과의 공동학위 등을 운영하는 경우, 외국대학에서 수학하는 기간의 장학\n금은 지급하지 아니한다. 다만 국내 대학에 납부하는 등록금은 지급한다.\n⑥제19조에 따라 장학생 자격이 상실되면 해당 장학생에게 장학금을 지급하지 않는다.\n다만, 본인의 의사에 의하지 않은 중도 포기 등의 사유로 교육원장이 인정하는 경우\n- 8 -', '(제5쪽 / Page5))\n유의사항 Notice\n1. 위 기재사항과 관련하여 자세한 내용은 별지로 작성하거나 관련 서류를 추가로 제출할 수 있습니다.\nIf extra space is needed to complete any item, record on a separate sheet of paper or submit relevant\ndocuments which could support the application.\n2. 대한민국 사증을 승인받은 후 분실 또는 훼손 등의 사유로 여권을 새로 발급받은 경우에는, 정확한 개인정보를 반영\n할 수 있도록 변경된 여권정보를 사증처리기관에 통보해야 합니다.\nIf you received Korean visa approval, and have new passport issued thereafter in lieu of lost/damaged\npassport, you must notify the concerned visa office of changes in your passport information.\n3. 사증을 발급받았더라도 대한민국 입국 시 입국거부 사유가 발견될 경우에는 대한민국으로의 입국이 허가되지 않을 수 있습니다.\nPossession of a visa does not entitle the bearer to enter the Republic of Korea upon arrival at the port\nof entry if he/she is found inadmissible.\n4. 「출입국관리법 시행규칙」 제9조제1항에 따라 C 계열 사증소지자는 입국 후에 체류자격을 변경할 수 없습니다.\nPlease note that category C visa holders are not able to change their status of stay after their entry into', '이 경우 TOPIK 3급 합격점의 70% 이상을 취득한 장학생이어야 한다.\n⑤제4항에 따라 한국어연수과정 이수 기간을 연장한 장학생은 교육원 정부초청 외국인\n장학생 장학금 지급 세부 지침(이하 ‘장학금 지침’이라 한다)에 따른 한국어 연수\n비의 50%를 본인이 부담하여야 한다.\n⑥제4항에 따라 한국어연수과정 기간을 연장받은 장학생은 한국어연수과정 이수 기간\n이내에 TOPIK 3급 이상을 취득하고, 수학대학의 진학 조건을 충족하여야 한다.\n⑦장학생이 한국어연수과정 중에 부득이한 사유가 있으면 미리 한국어연수기관장의\n허가를 받아 결석할 수 있다. 다만, 불가피한 경우에는 사후에 의사진단서 등의 증빙\n서류를 첨부한 결석확인서를 제출할 수 있다.\n제6조(학위과정 입학) ①장학생은 교육원장이 정한 지침에 따라 학위과정에 입학하여야\n한다.\n②수학기관장은 장학생의 학위과정 입학 결과를 교육원장에게 보고하여야 한다.\n제7조(수학대학 변경) 장학생은 교육원장으로부터 입학 대학을 승인받은 이후 수학대학을\n변경할 수 없다.\n제8조(학과 등 변경) ①학위과정으로 입학한 장학생은 승인받은 최종입학학과(부)가 폐\n과되거나 또는 전공 적합성이나 진로 재설계 등의 사유로 학과(부) 변경을 원할 경\n우 수학대학의 학칙에 따라 학과(부)를 변경할 수 있다. 다만, 특화과정에 선발된 장\n학생은 해당 과정의 목적을 달성하는 학과(부) 범위 내에서 변경이 가능하다.\n②학위과정 장학생은 수학대학의 학칙에 따라 다음 각 호와 같이 통합과정으로 변경\n할 수 있으나 장학기간은 연장되지 아니한다. 다만 제17조 및 제22조제7항 적용 시\n에는 수학대학장이 인정한 통합과정의 수업연한을 기준으로 한다.\n1. 학사과정에서 학·석사통합과정\n2. 석사과정에서 석·박사통합과정\n③수학대학장은 장학생의 학위과정, 학과(계열) 변경 처리 결과를 1개월 이내에 교육\n원장에게 보고하여야 한다.\n④한국어연수과정 중인 장학생은 학위과정으로 진학한 후에 제1항 및 제2항에 따른\n- 3 -\n\n[Tables]', '증빙서류 1부를 갖추어 수학기관장에게 재입국 신고를 하여야 한다.\n②수학기관장은 매학기 방학 전 일시출국신청서를 수합하여 승인 처리하고, 방학\n종료 후 출입국증빙서류를 확인하여 무단출국 및 출국허용기간 미준수 등 학사지침\n위반자에 대해 교육원장에게 보고하여야 한다.\n제17조(귀국 신고) ①장학 기간이 종료되거나 부득이한 사유로 중도 포기하고 귀국하려는\n장학생은 소속 수학기관에 귀국 신고를 하여야 하며, 수학기관장은 해당 사실을 장학\n기간 종료 또는 귀국 30일 전까지 교육원장에게 보고하여야 한다.\n②학위과정 장학생이 장학 기간 이내에 학위를 취득하지 못하여 학위취득을 목적으로\n한국 내에 체류할 경우, 전문학사․학사․석사 학위과정은 12개월까지, 박사 학위과정은\n24개월까지 귀국 신고를 연기할 수 있으며, 수학대학장은 장학 기간 종료 30일 전까지\n장학생의 귀국 연기 상황을 교육원장에게 보고하여야 한다.\n제18조(경고) 다음 각 호의 어느 하나에 해당하는 경우, 교육원장은 해당 장학생을 경고\n조치한다.\n1. 한국어연수 기간 중 무단결석일이 연속하여 3일 이상이거나 월 누계 5일 이상인 경우\n이 경우 출결의 세부기준(지각, 조퇴, 결석의 환산 기준 등)은 한국어연수기관 내부 규\n정에 따라 적용할 수 있다.\n2. 학기 단위 평점평균(백분위 환산점수)이 기준 점수 미만인 경우(전문학사․학사과정\n70점/100점, 석․박사 과정 80점/100점)\n3. 무단으로 일시출국하거나, 허가 기간 내 입국하지 않는 경우. 다만, 위반 사유가\n부득이하다고 교육원장이 인정하는 경우에는 예외로 할 수 있다.\n4. 제24조제2항의 시간제 취업 허용 범위를 위반한 경우\n5. 이외에 정부초청 외국인 장학생 징계위원회(이하 ‘징계위원회’라 한다)에서 경고\n조치가 필요하다고 인정하는 경우\n제19조(장학생 자격상실) 다음 각 호의 어느 하나에 해당하는 경우, 교육원장은 해당 장학\n생을 자격상실 처분한다.\n1. 수학기관으로부터 제적 처분을 받은 경우']","입학허가서(Certificate of Admission)에서 확인해야 할 주요 사항은 다음과 같습니다:

1. **대학교의 도장**: 대학교의 도장이 명확하게 보이는지 확인해야 합니다.
2. **개인 정보**: 본인의 이름, 여권 번호, 생년월일, 국적이 정확하게 기재되어 있는지 확인해야 합니다.
3. **발급일**: 문서가 발급된 지 3개월 이내인지 확인해야 합니다.
4. **학생 서명**: ""학생 서명""란에 손으로 쓴 서명이 있는지 확인해야 하며, 전자 서명은 허용되지 않습니다.

이 외에도, 만약 입학허가서에 부정확한 정보가 있을 경우, 직접 대학교에 문의해야 합니다.","입학허가서에서 확인해야 할 주요 사항은 다음과 같습니다: 1) 대학의 도장이 명확하게 보이는지, 2) 본인의 이름, 여권 번호, 생년월일, 국적이 정확하게 기재되어 있는지, 3) 문서가 3개월 이내에 발급되었는지, 4) 학생의 서명이 손으로 작성되었는지(전자 서명은 허용되지 않음)입니다.",1.0,0.6935307513485082,0.8333333333055556,1.0
여권을 돌려받기 위해 주소를 어떻게 기재해야 하나요?,"['KVAC Waiver Courier / 우편접수시책임면책서\n7 Please clearly write down the address where you wish to have your passport sent back including C/O.\n반드시여권을돌려받아야하는주소를정확하게기재해주시기바랍니다. (우편함이름까지기재)\nKVAC Consent Form and Terms of Use / KVAC 이용약관동의서\n8 On page 2, “I have the right to contact IOM at _____”, please write The Hague\n2번째장, “I have the right to contact IOM at _____” 에는The Hague 을기재해주시기바랍니다.', '| 6 | KVAC Waiver Courier / 우편접수시책임면책서 Please clearly write down the address where you wish to have your passport sent back including C/O. 반드시여권을돌려받아야하는주소를정확하게기재해주시기바랍니다. (우편함이름까지기재) |\n| 7 | KVAC Consent Form and Terms of Use / KVAC 이용약관동의서 On page 2, “I have the right to contact IOM at _____”, please write The Hague 2번째장, “I have the right to contact IOM at _____” 에는The Hague 을기재해주시기바랍니다. |', '[필독] 지원자 유의사항\n1. 지원서 작성시 영문 성명, 생년월일은 반드시 여권과 일치하게\n작성 (성, 이름 순서)\n예시 이름: Hong Gilsoon\n2. 지원서 제출 후 지원 학과 및 전공 변경 불가\n3. 제출한 모든 서류는 원칙적으로 반환하지 않으며, 지원 시 서류 반환\n불가에 동의함으로 간주함. 원본 재발급이 불가능한 서류의 경우,\n정부공인 공증 기관 등을 통한 공증 원본을 제출\n4. 비자 발급을 위해 대사관에서 요청하는 은행잔고증명서 및\n필요서류는 별도로 준비해야함\n5. 원서접수 마감 기간 이후 제출 서류가 미비할 경우 서류 탈락 처리됨.\n문서 미첨부 등의 사고는 지원자 본인에게 책임이 있음\n6. 인터넷 원서 접수 시 연락 가능한 연락처 등 개인정보를 정확하게\n입력해야 하며, 전형에 관한 모든 공지는 본교 국제교류과 홈페이지를\n통해 공지함.\n7. 본 모집요강(지원자 유의 사항)을 반드시 숙지하고 지원해야함\n\n[Tables]\n|  |\n| [필독] 지원자 유의사항 1. 지원서 작성시 영문 성명, 생년월일은 반드시 여권과 일치하게 작성 (성, 이름 순서) 예시 이름: Hong Gilsoon 2. 지원서 제출 후 지원 학과 및 전공 변경 불가 3. 제출한 모든 서류는 원칙적으로 반환하지 않으며, 지원 시 서류 반환 불가에 동의함으로 간주함. 원본 재발급이 불가능한 서류의 경우, 정부공인 공증 기관 등을 통한 공증 원본을 제출 4. 비자 발급을 위해 대사관에서 요청하는 은행잔고증명서 및 필요서류는 별도로 준비해야함 5. 원서접수 마감 기간 이후 제출 서류가 미비할 경우 서류 탈락 처리됨. 문서 미첨부 등의 사고는 지원자 본인에게 책임이 있음 6. 인터넷 원서 접수 시 연락 가능한 연락처 등 개인정보를 정확하게 입력해야 하며, 전형에 관한 모든 공지는 본교 국제교류과 홈페이지를 통해 공지함. 7. 본 모집요강(지원자 유의 사항)을 반드시 숙지하고 지원해야함 |', '(제5쪽 / Page5))\n유의사항 Notice\n1. 위 기재사항과 관련하여 자세한 내용은 별지로 작성하거나 관련 서류를 추가로 제출할 수 있습니다.\nIf extra space is needed to complete any item, record on a separate sheet of paper or submit relevant\ndocuments which could support the application.\n2. 대한민국 사증을 승인받은 후 분실 또는 훼손 등의 사유로 여권을 새로 발급받은 경우에는, 정확한 개인정보를 반영\n할 수 있도록 변경된 여권정보를 사증처리기관에 통보해야 합니다.\nIf you received Korean visa approval, and have new passport issued thereafter in lieu of lost/damaged\npassport, you must notify the concerned visa office of changes in your passport information.\n3. 사증을 발급받았더라도 대한민국 입국 시 입국거부 사유가 발견될 경우에는 대한민국으로의 입국이 허가되지 않을 수 있습니다.\nPossession of a visa does not entitle the bearer to enter the Republic of Korea upon arrival at the port\nof entry if he/she is found inadmissible.\n4. 「출입국관리법 시행규칙」 제9조제1항에 따라 C 계열 사증소지자는 입국 후에 체류자격을 변경할 수 없습니다.\nPlease note that category C visa holders are not able to change their status of stay after their entry into', '■ 출입국관리법 시행규칙 [별지 제17호서식] <개정 2022. 2. 7.> (제1쪽 / Page1)\n사증발급신청서\nVISA APPLICATION FORM\n<신청서 작성방법>\n*All D-2 student visa types are issued for single entry only.\n‣ 신청인은 사실에 근거하여 빠짐없이 정확하게 신청서를 작성해야 합니다. (Only German, Japanese nationals have Multiple entry)\nTherefore, please refrain from paying the fee for double or\n‣ 신청서상의 모든 질문에 대한 답변은 한글 또는 영문으로 기재해야 합니다. multiple entry visas when applying for a student visa at KVAC.\n‣ 선택사항은 해당 칸[ ] 안에 √ 표시를 하시기 바랍니다.\n‣‘기타’를 선택한 경우, 상세내용을 기재하시기 바랍니다.\n<How to fill out this form>\n‣ The applicant must fill out this form completely and correctly.\n‣ The applicant must write in block letters either in English or Korean.\n‣ For multiple-choice questions, the applicant must check [√] all that apply.\n‣ If the applicant selects‘Other’, please provide more information in the given space.\n1. 인적사항 / PERSONAL DETAILS\n*Please attach PHOTO 1.1 여권에 기재된 영문 성명/Full name in English (as shown in passport)\nyour photo here 여권용 사진\n성 Family Name 명 Given Names\n(35㎜×45㎜)', ""붙임 2 정부초청 외국인 장학생 학사 운영 지침(국문, 영문)\n정부초청 외국인 장학생 학사 운영 지침\n개정 2026. 3. 1.\n제1조(목적) 이 지침은 정부초청 외국인 장학생(이하 '장학생'이라 한다)의 건전한 면학과\n유학 생활의 내실화를 위해 필요한 사항을 정함을 목적으로 한다.\n제2조(정의) 이 지침에서 사용하는 용어의 뜻은 다음과 같다.\n1. “정부초청 외국인 장학생”(이하 “장학생”이라 한다)이란 국립국제교육원(이하\n“교육원”이라 한다)이 수행하는 정부초청 외국인 장학사업(Global Korea\nScholarship, GKS) 및 이에 준하는 장학사업에 선발된 외국인 유학생을 말한다.\n2. “수학기관”이란 장학생이 소속되어 학업 또는 연수를 수행하는 대학 또는 한국\n어연수기관을 말한다.\n3. “수학대학”이란 장학생이 소속되어 학업을 수행하는 대학을 말한다.\n4. “수학기관장”이란 수학기관의 장을 말한다.\n5. “수학대학장”이란 수학대학의 장을 말한다.\n6. “학위과정”이란 대학의 학칙에 따라 학위를 수여하는 교육과정을 말한다.\n7. “한국어연수과정”이란 대학 또는 한국어연수기관에서 운영하는 한국어 교육과\n정을 말한다.\n8. “공동학위”란 국내․외 대학이 공동으로 운영하는 교육과정을 이수하고 각 대학\n의 학위취득에 필요한 요건을 충족한 자에게 양 대학 공동명의로 학위를 수여하는\n것을 말한다.\n9. “복수학위”란 국내․외 대학에서 각각 또는 공동으로 운영하는 교육과정을 이수\n하고 각 대학의 학위취득에 필요한 요건을 충족한 자에게 양 대학이 각자의 명의로\n학위를 수여하는 것을 말한다.\n- 1 -\n\n[Tables]"", '| 9 | KVAC Waiver Courier / 우편접수시책임면책서 Please clearly write down the address where you wish to have your passport sent back including C/O. 반드시여권을돌려받아야하는주소를정확하게기재해주시기바랍니다. (우편함이름까지기재) |\n| 1 0 | KVAC Consent Form and Terms of Use / KVAC 이용약관동의서 On page 2, “I have the right to contact IOM at _____”, please write The Hague 2번째장, “I have the right to contact IOM at _____” 에는The Hague 을기재해주시기바랍니다. |']","여권을 돌려받기 위해서는 반드시 정확한 주소를 기재해야 합니다. 주소에는 C/O(주거지 또는 사무소의 이름)와 함께 우편함 이름까지 포함하여 작성해야 합니다. 즉, 여권을 돌려받고자 하는 주소를 상세히 기재하여야 하며, 이를 통해 우편물이 정확하게 전달될 수 있도록 해야 합니다.","여권을 돌려받아야 하는 주소를 정확하게 기재해야 하며, 우편함 이름까지 포함해야 합니다.",0.75,0.2786747861844501,0.7928571428373213,1.0
유학을 위해 필요한 재정 증명은 어떻게 제출해야 하나요?,"[""붙임 2 정부초청 외국인 장학생 학사 운영 지침(국문, 영문)\n정부초청 외국인 장학생 학사 운영 지침\n개정 2026. 3. 1.\n제1조(목적) 이 지침은 정부초청 외국인 장학생(이하 '장학생'이라 한다)의 건전한 면학과\n유학 생활의 내실화를 위해 필요한 사항을 정함을 목적으로 한다.\n제2조(정의) 이 지침에서 사용하는 용어의 뜻은 다음과 같다.\n1. “정부초청 외국인 장학생”(이하 “장학생”이라 한다)이란 국립국제교육원(이하\n“교육원”이라 한다)이 수행하는 정부초청 외국인 장학사업(Global Korea\nScholarship, GKS) 및 이에 준하는 장학사업에 선발된 외국인 유학생을 말한다.\n2. “수학기관”이란 장학생이 소속되어 학업 또는 연수를 수행하는 대학 또는 한국\n어연수기관을 말한다.\n3. “수학대학”이란 장학생이 소속되어 학업을 수행하는 대학을 말한다.\n4. “수학기관장”이란 수학기관의 장을 말한다.\n5. “수학대학장”이란 수학대학의 장을 말한다.\n6. “학위과정”이란 대학의 학칙에 따라 학위를 수여하는 교육과정을 말한다.\n7. “한국어연수과정”이란 대학 또는 한국어연수기관에서 운영하는 한국어 교육과\n정을 말한다.\n8. “공동학위”란 국내․외 대학이 공동으로 운영하는 교육과정을 이수하고 각 대학\n의 학위취득에 필요한 요건을 충족한 자에게 양 대학 공동명의로 학위를 수여하는\n것을 말한다.\n9. “복수학위”란 국내․외 대학에서 각각 또는 공동으로 운영하는 교육과정을 이수\n하고 각 대학의 학위취득에 필요한 요건을 충족한 자에게 양 대학이 각자의 명의로\n학위를 수여하는 것을 말한다.\n- 1 -\n\n[Tables]"", '| 순번 | 제출서류 |  | 구분 |  | 비고 |\n|  |  |  | 신입 | 편입 |  |\n| 1 | 입학지원서 |  | ● | ● | - 온라인접수후출력 (applydonga.accomsystem.co.kr) |\n| 2 | 자기소개서 |  | ● | ● | (양식1) |\n| 3 | 학력조회동의서 |  | ● | ● | (양식2) |\n| 4 | 고등학교졸업(예정)증명서 |  | ● | ● | - ‘유의사항마.’ 참조 - 아포스티유혹은한국영사확인 |\n| 5 | 고등학교성적증명서 |  | ● | ● | - 유의사항바.’ 참조 - 고등학교전학년성적기재 - 아포스티유혹은한국영사확인 |\n| 6 | 전적대학졸업(예정)증명서 또는 재학증명서 |  |  | ● | - ‘유의사항마.’ 참조 - 아포스티유혹은한국영사확인 - 편입지원자중학사과정재학생은재학증명서, 전문학사졸업(예정)생은졸업(예정)증명서제출 |\n| 7 | 전적대학성적증명서 |  |  | ● | - 유의사항바.’ 참조 - 대학교전과정성적기재 - 아포스티유혹은한국영사확인 |\n| 8 | 부모·학생관계증명서 |  | ● | ● | - 유의사항사.’ 참조 |\n| 9 | 본인및부모의신분증사본 |  | ● | ● | - 국적확인가능한신분증제출 (여권혹은본국신분증) |\n| 10 | 재정능력입증서류(은행잔고증명서) |  | ● | ● | - ‘유의사항아.’ 참조 |\n| 11 | 재정능력입증서류의 주체가본인이아닐시 | 재정보증확인서 | ● | ● | (양식3) |\n|  |  | 재정보증인수입증명서 | ● | ● |  |\n|  |  | 재직증명서 | ● | ● |  |\n| 12 | 어학능력입증서류 |  | ● | ● | - 유효기간내성적만접수가능 (접수마감일기준2년이내취득) |\n| 13 | 여권사본 |  | ● | ● |  |', '[필독] 지원자 유의사항\n1. 지원서 작성시 영문 성명, 생년월일은 반드시 여권과 일치하게\n작성 (성, 이름 순서)\n예시 이름: Hong Gilsoon\n2. 지원서 제출 후 지원 학과 및 전공 변경 불가\n3. 제출한 모든 서류는 원칙적으로 반환하지 않으며, 지원 시 서류 반환\n불가에 동의함으로 간주함. 원본 재발급이 불가능한 서류의 경우,\n정부공인 공증 기관 등을 통한 공증 원본을 제출\n4. 비자 발급을 위해 대사관에서 요청하는 은행잔고증명서 및\n필요서류는 별도로 준비해야함\n5. 원서접수 마감 기간 이후 제출 서류가 미비할 경우 서류 탈락 처리됨.\n문서 미첨부 등의 사고는 지원자 본인에게 책임이 있음\n6. 인터넷 원서 접수 시 연락 가능한 연락처 등 개인정보를 정확하게\n입력해야 하며, 전형에 관한 모든 공지는 본교 국제교류과 홈페이지를\n통해 공지함.\n7. 본 모집요강(지원자 유의 사항)을 반드시 숙지하고 지원해야함\n\n[Tables]\n|  |\n| [필독] 지원자 유의사항 1. 지원서 작성시 영문 성명, 생년월일은 반드시 여권과 일치하게 작성 (성, 이름 순서) 예시 이름: Hong Gilsoon 2. 지원서 제출 후 지원 학과 및 전공 변경 불가 3. 제출한 모든 서류는 원칙적으로 반환하지 않으며, 지원 시 서류 반환 불가에 동의함으로 간주함. 원본 재발급이 불가능한 서류의 경우, 정부공인 공증 기관 등을 통한 공증 원본을 제출 4. 비자 발급을 위해 대사관에서 요청하는 은행잔고증명서 및 필요서류는 별도로 준비해야함 5. 원서접수 마감 기간 이후 제출 서류가 미비할 경우 서류 탈락 처리됨. 문서 미첨부 등의 사고는 지원자 본인에게 책임이 있음 6. 인터넷 원서 접수 시 연락 가능한 연락처 등 개인정보를 정확하게 입력해야 하며, 전형에 관한 모든 공지는 본교 국제교류과 홈페이지를 통해 공지함. 7. 본 모집요강(지원자 유의 사항)을 반드시 숙지하고 지원해야함 |', '6. 제출 서류\n가. 필수 제출 서류\n구분\n순번 제출서류 비고\n신입 편입\n- 온라인접수후출력\n1 입학지원서 ● ●\n(applydonga.accomsystem.co.kr)\n● ●\n2 자기소개서 (양식1)\n3 학력조회동의서 ● ● (양식2)\n- ‘유의사항마.’ 참조\n4 고등학교졸업(예정)증명서 ● ●\n- 아포스티유혹은한국영사확인\n- 유의사항바.’ 참조\n5 고등학교성적증명서 ● ● - 고등학교전학년성적기재\n- 아포스티유혹은한국영사확인\n- ‘유의사항마.’ 참조\n전적대학졸업(예정)증명서 또는 - 아포스티유혹은한국영사확인\n6 ●\n재학증명서 - 편입지원자중학사과정재학생은재학증명서,\n전문학사졸업(예정)생은졸업(예정)증명서제출\n- 유의사항바.’ 참조\n7 전적대학성적증명서 ● - 대학교전과정성적기재\n- 아포스티유혹은한국영사확인\n8 부모·학생관계증명서 ● ● - 유의사항사.’ 참조\n- 국적확인가능한신분증제출\n9 본인및부모의신분증사본 ● ●\n(여권혹은본국신분증)\n10 재정능력입증서류(은행잔고증명서) ● ● - ‘유의사항아.’ 참조\n재정보증확인서 ● ● (양식3)\n재정능력입증서류의\n11 재정보증인수입증명서 ● ●\n주체가본인이아닐시\n재직증명서 ● ●\n- 유효기간내성적만접수가능\n12 어학능력입증서류 ● ●\n(접수마감일기준2년이내취득)\n13 여권사본 ● ●\n※ 양식별첨\n※ 원서접수기간내필수제출서류를전체스캔하여원서접수사이트에업로드\n※ 업로드시, 항목당파일한개로통합하여제출(PDF, JPG, PNG파일형식)\n※제출서류중[한국어또는영어]외의다른언어로된서류는한국어또는영어로번역공증을받아제출\n- 9 -', '라. 인턴 활동의 경우\n마. 그 밖에 법무부 등 관계 기관이 정한 외국인 유학생 취업 허용 범위 내 활동\n4. 제3호 마목에 따른 활동은 원칙적으로 동 지침 제18조 제2호 성적 경고를 받은 장학생\n에게는 허용하지 아니한다. 다만, 다음 각 목의 요건을 모두 충족하는 경우에는 예외적\n으로 허용할 수 있다.\n가. 성적경고를 1회만 받은 경우\n나. 직전 학기 성적 평점평균(백분위 환산점수)이 학사 및 전문학사 과정 80/100 이\n상, 석사 및 박사 과정 85/100 이상을 충족한 경우\n다. 수학대학장이 학업 지속 가능성을 인정한 경우\n5. 성적경고를 2회 이상 받은 장학생에 대하여는 제4호 단서의 예외를 적용하지 아니한다.\n③학위과정 장학생은 수학대학이 정한 졸업 요건을 충족한 경우 또는 취업 이후에도 수\n학대학의 학적 유지가 가능한 경우 취업할 수 있다.\n④제3항에 따라 취업한 장학생이 학업을 지속하고 수학대학의 학적을 유지하는 경우에는\n장학생 자격을 유지할 수 있으며, 장학금 지급 여부는 학업 이행 여부, 학업 성취도 및\n대학의 의견 등을 종합적으로 고려하여 결정한다.\n⑤교육원장은 정부초청 외국인 장학생(GKS) 사업의 성과 분석 및 동문 네트워크 구축을\n위하여 관련 법령이 허용하는 범위 내에서 졸업생(동문)의 진로, 취업, 거주 국가 등\n현황을 조사할 수 있다.\n⑥교육원장은 제5항에 따른 조사 수행을 위하여 필요한 경우, 관련 법령에 따라 수학대\n학장에게 졸업생(동문) 조사에 필요한 정보 및 현황 자료 등을 요청할 수 있다. 이 경\n우 수학대학장은 특별한 사정이 없는 한 이에 협조하여야 한다.\n제25조(장학생 관리실적 평가) 교육원장은 수학기관에 대하여 장학생 관리실적을 평가하고,\n그 결과를 수학대학 선정 및 장학생 인원 배정 등에 반영할 수 있다.\n부 칙\n이 지침은 2019. 6. 20.부터 시행한다.\n이 지침은 2020. 6. 22.부터 시행하며, 장학 기간 중인 장학생 전체에 적용된다.', '[Tables]\n|  |\n| 6. 제출 서류 가. 필수 제출 서류 구분 순번 제출서류 비고 신입 편입 - 온라인접수후출력 1 입학지원서 ● ● (applydonga.accomsystem.co.kr) ● ● 2 자기소개서 (양식1) 3 학력조회동의서 ● ● (양식2) - ‘유의사항마.’ 참조 4 고등학교졸업(예정)증명서 ● ● - 아포스티유혹은한국영사확인 - 유의사항바.’ 참조 5 고등학교성적증명서 ● ● - 고등학교전학년성적기재 - 아포스티유혹은한국영사확인 - ‘유의사항마.’ 참조 전적대학졸업(예정)증명서 또는 - 아포스티유혹은한국영사확인 6 ● 재학증명서 - 편입지원자중학사과정재학생은재학증명서, 전문학사졸업(예정)생은졸업(예정)증명서제출 - 유의사항바.’ 참조 7 전적대학성적증명서 ● - 대학교전과정성적기재 - 아포스티유혹은한국영사확인 8 부모·학생관계증명서 ● ● - 유의사항사.’ 참조 - 국적확인가능한신분증제출 9 본인및부모의신분증사본 ● ● (여권혹은본국신분증) 10 재정능력입증서류(은행잔고증명서) ● ● - ‘유의사항아.’ 참조 재정보증확인서 ● ● (양식3) 재정능력입증서류의 11 재정보증인수입증명서 ● ● 주체가본인이아닐시 재직증명서 ● ● - 유효기간내성적만접수가능 12 어학능력입증서류 ● ● (접수마감일기준2년이내취득) 13 여권사본 ● ● ※ 양식별첨 ※ 원서접수기간내필수제출서류를전체스캔하여원서접수사이트에업로드 ※ 업로드시, 항목당파일한개로통합하여제출(PDF, JPG, PNG파일형식) ※제출서류중[한국어또는영어]외의다른언어로된서류는한국어또는영어로번역공증을받아제출 - 9 - |\n| 순번 | 제출서류 |  | 구분 |  | 비고 |\n|  |  |  | 신입 | 편입 |  |\n| 1 | 입학지원서 |  | ● | ● | - 온라인접수후출력 (applydonga.accomsystem.co.kr) |\n| 2 | 자기소개서 |  | ● | ● | (양식1) |\n| 3 | 학력조회동의서 |  | ● | ● | (양식2) |', '4. 「출입국관리법 시행규칙」 제9조제1항에 따라 C 계열 사증소지자는 입국 후에 체류자격을 변경할 수 없습니다.\nPlease note that category C visa holders are not able to change their status of stay after their entry into\nthe Republic of Korea in accordance with Article 9(1) of the Enforcement Regulations of the Immigration Act.\n5. 허위사실 기재 또는 허위서류 제출이 확인되는 경우에는 사증발급ㆍ체류허가가 취소되며, 형사처벌ㆍ입국금지의 대상이\n될 수 있습니다.\nProviding false information or documents leads to revocation of a visa and permission to stay, and may result\nin criminal punishments and an entry ban to the Republic of Korea.\n6.사증심사에 필요한 관련 서류 제출 요구에 따르지 않는 경우, 사증심사가 지연되거나 신청이 불허 될 수 있습니다.\nFailure to submit all required documents may cause delay or denial of a visa.\n7. 사증발급 신청 결과는 ‘대한민국 비자포털(www.visa.go.kr)’에서 확인*해야 하며, 사증발급거부통지서를 문서로 교\n부받고자 하는 경우에는 직접 공관을 방문하여 신청해야 합니다.\n* 확인 방법 : 비자포털 초기화면 좌측 ‘조회/발급’-‘진행현황 조회 및 출력’-‘재외공관’을 선택하고 여권번호, 성명, 생년\n월일 입력 후 조회\nVisa applicants must check online on the Korea Visa Portal website* (www.visa.go.kr) for visa']","유학을 위해 필요한 재정 증명은 다음과 같이 제출해야 합니다:

1. **재정능력입증서류**: 은행잔고증명서를 제출해야 합니다. 이 서류는 지원자가 유학 중 필요한 재정적 지원을 받을 수 있음을 증명하는 문서입니다.

2. **재정보증확인서**: 만약 재정능력입증서류의 주체가 본인이 아닐 경우, 재정보증확인서를 제출해야 합니다. 이 경우, 재정보증인의 수입증명서와 재직증명서도 함께 제출해야 합니다.

3. **서류 제출 형식**: 제출하는 모든 서류는 원칙적으로 스캔하여 원서접수 사이트에 업로드해야 하며, 항목당 파일 하나로 통합하여 제출해야 합니다. 파일 형식은 PDF, JPG, PNG로 가능합니다.

4. **유의사항**: 제출하는 서류는 아포스티유 또는 한국 영사 확인을 받아야 하며, 유효기간 내의 서류만 접수 가능합니다.

이 외에도 비자 발급을 위해 대사관에서 요청하는 추가 서류가 있을 수 있으므로, 별도로 준비해야 합니다.","재정 증명으로는 670유로에 해당하는 금액이 포함된 은행 명세서를 제출해야 하며, 이 명세서는 1개월 이내에 발급된 원본이어야 합니다. 만약 부모의 은행 명세서를 제출할 경우, 출생증명서나 가족관계증명서를 함께 제출해야 하며, 해당 문서가 영어 또는 한국어로 작성되지 않은 경우 번역본과 번역 확인서를 제출해야 합니다.",0.8333333333333334,0.38404108123921993,0.6458333333171874,0.0
유학생 비자 신청 시 필요한 서류는 무엇인가요?,"['❑ 비자 종류별 정보 / Visa type Information\n사증발급인정 번호를 보유한 자\n91일이상, 비자타입에따라다름(법무부확인필요)\nThose who has a visa issuance number over 91 days, depends on visa type\nStudent from Cuba, Syria, Kosovo must have Confirmation of Visa Issuance to apply for a visa.\nPlease contact your university.\n➢ 비자+ 서비스수수료/ Visa + Service fee\nVisa Fee (Mandatory) Please check your visa fee HERE in EURO\nYour visa fee depends on eligibility of your visa\nentry.(Single/Double/Multiple) Please check\nwith your invitation organization to check\ncorrect entry type.\nService Fee (Mandatory) 60.00 EURO\nReturn service (Optional) 15.00 EURO\n➢ 필수제출서류/ Mandatory document to be submitted\nVisaApplicationForm(Formno.17-3)/ 사증발급신청서(제17-3호서식)\n1\ne-signature not permitted/전자서명불가\n2 Passport with at least 6 months remainder validity / 여권유효기간이최소6개월이상남아있는여권\nOne3.5X4.5cmpicturetakeninthepast6months. Please glue the photo on the Application Form.\n3\n최근6개월이내촬영한3.5X4.5cm사진. 사증발급신청서사진란에풀로부착.', '[필독] 지원자 유의사항\n1. 지원서 작성시 영문 성명, 생년월일은 반드시 여권과 일치하게\n작성 (성, 이름 순서)\n예시 이름: Hong Gilsoon\n2. 지원서 제출 후 지원 학과 및 전공 변경 불가\n3. 제출한 모든 서류는 원칙적으로 반환하지 않으며, 지원 시 서류 반환\n불가에 동의함으로 간주함. 원본 재발급이 불가능한 서류의 경우,\n정부공인 공증 기관 등을 통한 공증 원본을 제출\n4. 비자 발급을 위해 대사관에서 요청하는 은행잔고증명서 및\n필요서류는 별도로 준비해야함\n5. 원서접수 마감 기간 이후 제출 서류가 미비할 경우 서류 탈락 처리됨.\n문서 미첨부 등의 사고는 지원자 본인에게 책임이 있음\n6. 인터넷 원서 접수 시 연락 가능한 연락처 등 개인정보를 정확하게\n입력해야 하며, 전형에 관한 모든 공지는 본교 국제교류과 홈페이지를\n통해 공지함.\n7. 본 모집요강(지원자 유의 사항)을 반드시 숙지하고 지원해야함\n\n[Tables]\n|  |\n| [필독] 지원자 유의사항 1. 지원서 작성시 영문 성명, 생년월일은 반드시 여권과 일치하게 작성 (성, 이름 순서) 예시 이름: Hong Gilsoon 2. 지원서 제출 후 지원 학과 및 전공 변경 불가 3. 제출한 모든 서류는 원칙적으로 반환하지 않으며, 지원 시 서류 반환 불가에 동의함으로 간주함. 원본 재발급이 불가능한 서류의 경우, 정부공인 공증 기관 등을 통한 공증 원본을 제출 4. 비자 발급을 위해 대사관에서 요청하는 은행잔고증명서 및 필요서류는 별도로 준비해야함 5. 원서접수 마감 기간 이후 제출 서류가 미비할 경우 서류 탈락 처리됨. 문서 미첨부 등의 사고는 지원자 본인에게 책임이 있음 6. 인터넷 원서 접수 시 연락 가능한 연락처 등 개인정보를 정확하게 입력해야 하며, 전형에 관한 모든 공지는 본교 국제교류과 홈페이지를 통해 공지함. 7. 본 모집요강(지원자 유의 사항)을 반드시 숙지하고 지원해야함 |', '| 순번 | 제출서류 |  | 구분 |  | 비고 |\n|  |  |  | 신입 | 편입 |  |\n| 1 | 입학지원서 |  | ● | ● | - 온라인접수후출력 (applydonga.accomsystem.co.kr) |\n| 2 | 자기소개서 |  | ● | ● | (양식1) |\n| 3 | 학력조회동의서 |  | ● | ● | (양식2) |\n| 4 | 고등학교졸업(예정)증명서 |  | ● | ● | - ‘유의사항마.’ 참조 - 아포스티유혹은한국영사확인 |\n| 5 | 고등학교성적증명서 |  | ● | ● | - 유의사항바.’ 참조 - 고등학교전학년성적기재 - 아포스티유혹은한국영사확인 |\n| 6 | 전적대학졸업(예정)증명서 또는 재학증명서 |  |  | ● | - ‘유의사항마.’ 참조 - 아포스티유혹은한국영사확인 - 편입지원자중학사과정재학생은재학증명서, 전문학사졸업(예정)생은졸업(예정)증명서제출 |\n| 7 | 전적대학성적증명서 |  |  | ● | - 유의사항바.’ 참조 - 대학교전과정성적기재 - 아포스티유혹은한국영사확인 |\n| 8 | 부모·학생관계증명서 |  | ● | ● | - 유의사항사.’ 참조 |\n| 9 | 본인및부모의신분증사본 |  | ● | ● | - 국적확인가능한신분증제출 (여권혹은본국신분증) |\n| 10 | 재정능력입증서류(은행잔고증명서) |  | ● | ● | - ‘유의사항아.’ 참조 |\n| 11 | 재정능력입증서류의 주체가본인이아닐시 | 재정보증확인서 | ● | ● | (양식3) |\n|  |  | 재정보증인수입증명서 | ● | ● |  |\n|  |  | 재직증명서 | ● | ● |  |\n| 12 | 어학능력입증서류 |  | ● | ● | - 유효기간내성적만접수가능 (접수마감일기준2년이내취득) |\n| 13 | 여권사본 |  | ● | ● |  |', '13. 기타 사항\n나. 유학생 보험\n- 유학기간 중, 예상치 못한 질병, 상해, 사망 등 불의의 사고에 대비하여 유학생 전원 의무가입\n- 2021년3월부터 외국인 유학생 국민건강보험 당연 가입(약 월 60,000원)\n다. 유학생 지원 프로그램\n프로그램명 프로그램내용\n외국인학부신/편입생과한국인재학생을多:1로매치하여외국인학부학교생\n유학생학습튜터링\n활안내및학업지원\n학부유학생(2~4학년)들의전공학습지원을위한튜터링프로그램\n유학생전공스터디그룹\n(한국인튜터, 유학생튜티로스터디진행)\n본교한국인재학생과외국인재학생이모여부산지역거주외국인들을\n동아동화\n대상으로지역사회봉사활동기획/운영\n외국인유학생대상문화활동기획및홍보를통한내·외국인재학생간국제교\n데일리(Dong-AI Love You)\n류활동활성화를위한다양한역할을수행할수있는프로그램\n유학생체육대회, International Day,한국문화체험, 글로벌리더스클럽(Global\n기타행사\nLeaders Club)-취업역량강화프로그램, 한국법령교육등\n라. 합격자 표준입학허가서 발급 및 비자 안내: 합격자에 한하여 별도 안내\n마. 신입생 오리엔테이션: 일정 추후 안내 예정이며 전원 참석 필수\n14. 문의\n가. 국제교류과 (입학 문의)\n-주소:부산광역시서구구덕로225동아대학교부민캠퍼스,B03-0202국제교류과\n-전화:+82-51-200-6444\n-이메일:contact@donga.ac.kr\n-홈페이지:(국문)https://global.donga.ac.kr// (영문)https://global.donga.ac.kr/dongaoia/\n-문의가능시간:월~금요일,09:00~17:00(12:00~13:00제외)\n나. 각 학과 사무실 (학사·전공 문의)\n-각학과홈페이지참조\n-https://about.donga.ac.kr/about/Main.do\n- 18 -', ""❑ 비자 종류별 정보 / Visa type Information\nD-2-5 Research Study 91일이상, 단수입국(인도인만복수)\nOver 91 days, Single entry\nD-2-5 연구유학\n(Only Indian national Multiple entry)\n➢ 비자+ 서비스수수료/ Visa + Service fee\nVisa Fee (Mandatory) Please check your visa fee HERE in EURO\nService Fee (Mandatory) 60.00 EURO\nCourier Return service (Optional) 15.00 EURO\n➢ 필수제출서류/ Mandatory document to be submitted\n1 VisaApplicationForm(Formno.17)/ 사증발급신청서(제17호서식)e-signature not permitted/전자서명불가\nPassport with at least 6 months remainder validity\n2\n여권유효기간이최소6개월이상남아있는여권\nOne3.5X4.5cmpicturetakeninthepast6months. Please glue the photo on the Application Form.\n3\n최근6개월이내촬영한3.5X4.5cm사진. 사증발급신청서사진란에풀로부착.\nCertificate of Master or Doctoral's degree* + Apostilled(original)\n4\n신청인의석/박사졸업증(아포스티유(원본)필요)\nBusiness registration of the university in Korea issued within 3 months\n5\n한국대학교의사업자등록증명원명원(발급3개월이내)\nFinancial proof\n재정증명\n- Applicant’s Bank Statement (650EUR * 00months) issued within 2weeks.\n신청인은행계좌내역"", '[Tables]\n|  |\n| 13. 기타 사항 나. 유학생 보험 - 유학기간 중, 예상치 못한 질병, 상해, 사망 등 불의의 사고에 대비하여 유학생 전원 의무가입 - 2021년3월부터 외국인 유학생 국민건강보험 당연 가입(약 월 60,000원) 다. 유학생 지원 프로그램 프로그램명 프로그램내용 외국인학부신/편입생과한국인재학생을多:1로매치하여외국인학부학교생 유학생학습튜터링 활안내및학업지원 학부유학생(2~4학년)들의전공학습지원을위한튜터링프로그램 유학생전공스터디그룹 (한국인튜터, 유학생튜티로스터디진행) 본교한국인재학생과외국인재학생이모여부산지역거주외국인들을 동아동화 대상으로지역사회봉사활동기획/운영 외국인유학생대상문화활동기획및홍보를통한내·외국인재학생간국제교 데일리(Dong-AI Love You) 류활동활성화를위한다양한역할을수행할수있는프로그램 유학생체육대회, International Day,한국문화체험, 글로벌리더스클럽(Global 기타행사 Leaders Club)-취업역량강화프로그램, 한국법령교육등 라. 합격자 표준입학허가서 발급 및 비자 안내: 합격자에 한하여 별도 안내 마. 신입생 오리엔테이션: 일정 추후 안내 예정이며 전원 참석 필수 14. 문의 가. 국제교류과 (입학 문의) -주소:부산광역시서구구덕로225동아대학교부민캠퍼스,B03-0202국제교류과 -전화:+82-51-200-6444 -이메일:contact@donga.ac.kr -홈페이지:(국문)https://global.donga.ac.kr// (영문)https://global.donga.ac.kr/dongaoia/ -문의가능시간:월~금요일,09:00~17:00(12:00~13:00제외) 나. 각 학과 사무실 (학사·전공 문의) -각학과홈페이지참조 -https://about.donga.ac.kr/about/Main.do - 18 - |\n| 프로그램명 | 프로그램내용 |\n| 유학생학습튜터링 | 외국인학부신/편입생과한국인재학생을多:1로매치하여외국인학부학교생 활안내및학업지원 |', '6. 제출 서류\n가. 필수 제출 서류\n구분\n순번 제출서류 비고\n신입 편입\n- 온라인접수후출력\n1 입학지원서 ● ●\n(applydonga.accomsystem.co.kr)\n● ●\n2 자기소개서 (양식1)\n3 학력조회동의서 ● ● (양식2)\n- ‘유의사항마.’ 참조\n4 고등학교졸업(예정)증명서 ● ●\n- 아포스티유혹은한국영사확인\n- 유의사항바.’ 참조\n5 고등학교성적증명서 ● ● - 고등학교전학년성적기재\n- 아포스티유혹은한국영사확인\n- ‘유의사항마.’ 참조\n전적대학졸업(예정)증명서 또는 - 아포스티유혹은한국영사확인\n6 ●\n재학증명서 - 편입지원자중학사과정재학생은재학증명서,\n전문학사졸업(예정)생은졸업(예정)증명서제출\n- 유의사항바.’ 참조\n7 전적대학성적증명서 ● - 대학교전과정성적기재\n- 아포스티유혹은한국영사확인\n8 부모·학생관계증명서 ● ● - 유의사항사.’ 참조\n- 국적확인가능한신분증제출\n9 본인및부모의신분증사본 ● ●\n(여권혹은본국신분증)\n10 재정능력입증서류(은행잔고증명서) ● ● - ‘유의사항아.’ 참조\n재정보증확인서 ● ● (양식3)\n재정능력입증서류의\n11 재정보증인수입증명서 ● ●\n주체가본인이아닐시\n재직증명서 ● ●\n- 유효기간내성적만접수가능\n12 어학능력입증서류 ● ●\n(접수마감일기준2년이내취득)\n13 여권사본 ● ●\n※ 양식별첨\n※ 원서접수기간내필수제출서류를전체스캔하여원서접수사이트에업로드\n※ 업로드시, 항목당파일한개로통합하여제출(PDF, JPG, PNG파일형식)\n※제출서류중[한국어또는영어]외의다른언어로된서류는한국어또는영어로번역공증을받아제출\n- 9 -']","유학생 비자 신청 시 필요한 서류는 다음과 같습니다:

1. **입학지원서**: 온라인 접수 후 출력 (applydonga.accomsystem.co.kr)
2. **자기소개서**: (양식1)
3. **학력조회동의서**: (양식2)
4. **고등학교 졸업(예정) 증명서**: 아포스티유 혹은 한국 영사 확인 필요
5. **고등학교 성적증명서**: 고등학교 전 학년 성적 기재, 아포스티유 혹은 한국 영사 확인 필요
6. **전적 대학 졸업(예정) 증명서 또는 재학증명서**: 편입 지원자는 재학증명서, 전문학사 졸업(예정)생은 졸업(예정) 증명서 제출
7. **전적 대학 성적증명서**: 대학교 전 과정 성적 기재, 아포스티유 혹은 한국 영사 확인 필요
8. **부모·학생 관계 증명서**
9. **본인 및 부모의 신분증 사본**: 여권 혹은 본국 신분증
10. **재정 능력 입증 서류**: 은행 잔고 증명서
11. **재정보증 확인서**: (양식3) - 재정 능력 입증 서류의 주체가 본인이 아닐 시
12. **재정보증인 수입 증명서**
13. **재직증명서**
14. **어학 능력 입증 서류**: 유효기간 내 성적만 접수 가능 (접수 마감일 기준 2년 이내 취득)
15. **여권 사본**

모든 서류는 원칙적으로 반환되지 않으며, 제출 시 서류 반환 불가에 동의한 것으로 간주됩니다. 제출 서류 중 한국어 또는 영어 외의 다른 언어로 된 서류는 한국어 또는 영어로 번역 공증을 받아 제출해야 합니다.","유학생 비자 신청 시 필요한 서류는 다음과 같습니다: 1) 사증발급신청서(제17호서식), 2) 여권(유효기간이 최소 6개월 이상 남아 있어야 함), 3) 최근 6개월 이내 촬영한 3.5X4.5cm 사진, 4) 석사 또는 박사 졸업증명서(아포스티유 원본 필요), 5) 한국대학교의 사업자등록증명원(발급 3개월 이내)입니다.",1.0,0.5449184809878768,0.7928571428373213,1.0
"유학생이 비자가 거부되었을 경우, 수업료 환불은 어떻게 되나요?","['[Tables]\n|  |\n| 10. 합격자 발표 가. 합격자 발표 나. 합격자 원본서류 제출 ※ 기간 내 원본서류 제출이 불가할 경우, 사전 연락 필수(사유없이 기한 내 원본서류 미제출시 합격 취소) 11. 전형료 및 등록금 가. 전형료 1)전형료금액:40,000원 2)납부방법:applydonga.accomsystem.co.kr사이트에서지원서최종제출후[MYPAGE]에서납부 ※반드시지원마감일까지납부해야원서접수가완료되며납부된전형료는반환되지않음 나. 등록기간 다. 등록금액 수업료 (단위: 원) 계열 최초1학기대상자를제외한 최초1학기 전체납부대상자 인문·사회 3,476,700 3,318,500 미디어커뮤니케이션학과 3,653,500 3,495,300 이학·체육 4,085,200 3,927,000 수학과(정보수학과) 3,780,900 3,622,700 공학 4,608,800 4,450,600 예능 4,690,300 4,532,100 ※ 상기등록금은2026학년도기준이며2027학년도등록금은인상될수있음 라. 등록금 납부방법: 합격자에게 별도 공지 예정 - 가상계좌는 국내 송금만 가능하며 등록금 납부는 은행 영업시간에만 가능함 - 해외에서 직접 가상계좌 납부가 불가능하므로 해외 송금자는 국제교류로 인보이스 요청 (해외송금용 등록금 인보이스 별도 발행 및 국제교류과에서 등록금 입금액 대납 처리) - 15 - |\n| 계열 | 수업료 (단위: 원) |  |\n|  | 최초1학기 | 최초1학기대상자를제외한 전체납부대상자 |\n| 인문·사회 | 3,476,700 | 3,318,500 |\n| 미디어커뮤니케이션학과 | 3,653,500 | 3,495,300 |\n| 이학·체육 | 4,085,200 | 3,927,000 |\n| 수학과(정보수학과) | 3,780,900 | 3,622,700 |\n| 공학 | 4,608,800 | 4,450,600 |\n| 예능 | 4,690,300 | 4,532,100 |', '* F ees will be refunded under the conditions listed below. The dormitory fee will be prorated according to admissions date, and other\n6) School transcript (Written in Korean or English, Apostille or Korean Embassy certified)\nmiscellaneous charges will not be refunded\n* T he Immigration Center will be notified about applicants who cancel admissions after obtaining their visa, and their visa will be * All documents must be written in Korean or English. Documents in any other languages must have a notarized translation attached.\nautomatically canceled.\n* Additional documents may be requested.\n* Conditions for refund\n* As required documents may vary depending on the country of origin and visa type, prior inquiry is required\nPeriod Amount\nWhen Visa has been denied/none of the appropriate classes are available Full refund\nBefore the beginning of the class Full refund\n3 Procdeures\nBefore 1/3 of the total class hours have been taken 2/3 of total tuition\nOther', '10. 합격자 발표\n가. 합격자 발표\n나. 합격자 원본서류 제출\n※ 기간 내 원본서류 제출이 불가할 경우, 사전 연락 필수(사유없이 기한 내 원본서류 미제출시 합격 취소)\n11. 전형료 및 등록금\n가. 전형료\n1)전형료금액:40,000원\n2)납부방법:applydonga.accomsystem.co.kr사이트에서지원서최종제출후[MYPAGE]에서납부\n※반드시지원마감일까지납부해야원서접수가완료되며납부된전형료는반환되지않음\n나. 등록기간\n다. 등록금액\n수업료 (단위: 원)\n계열 최초1학기대상자를제외한\n최초1학기\n전체납부대상자\n인문·사회 3,476,700 3,318,500\n미디어커뮤니케이션학과 3,653,500 3,495,300\n이학·체육 4,085,200 3,927,000\n수학과(정보수학과) 3,780,900 3,622,700\n공학 4,608,800 4,450,600\n예능 4,690,300 4,532,100\n※ 상기등록금은2026학년도기준이며2027학년도등록금은인상될수있음\n라. 등록금 납부방법: 합격자에게 별도 공지 예정\n- 가상계좌는 국내 송금만 가능하며 등록금 납부는 은행 영업시간에만 가능함\n- 해외에서 직접 가상계좌 납부가 불가능하므로 해외 송금자는 국제교류로 인보이스 요청\n(해외송금용 등록금 인보이스 별도 발행 및 국제교류과에서 등록금 입금액 대납 처리)\n- 15 -', '9. 지원자 유의사항\n가.지원자는반드시본모집요강의내용을철저히숙지하여원서접수및전형에착오가없도록해야하며,또한본\n대학교가정한소정의전형절차에따라야합니다.지원자의착오및전형절차에따르지않음으로인해발생되는\n불이익(원서접수취소,전공구술고사응시불허,불합격및합격취소등)에 대하여본교에서책임을지지않으며\n전형성적및평가내용은공개하지않습니다.\n나.원서접수기간마감이후지원과정및지원학과는수정이불가하며접수완료후에는지원을취소할수없습니다,\n다.인터넷접수및전형료를 납부하였더라도서류제출마감일까지구비서류 전체혹은일부미제출자는 학과평가를\n거치지않고불합격으로처리합니다.\n라. 합격자는 등록기간 내에 반드시 지정된 장소에 등록금을 납부하여야 하며, 기간 내 등록금을 납부하지 않은 자는\n불합격처리합니다.\n마.본전형에합격하여등록한자는타대학에이중등록할수없습니다.이를위반하면관계법에따라합격및입학이\n취소됩니다.\n바.지원자격에적합한지원자라도수학능력이부족하다고판단될경우,선발하지않을수있습니다.\n사.전형에관한모든공지 사항은본교국제교류과 홈페이지를통해공지합니다.인터넷원서접수 시연락가능한연\n락처와 E-mail주소를정확하게입력하지않거나지원자와연락이되지않아불이익이발생한경우본교는책임을\n지지않습니다.\n아. 다음 사항에 해당하는 경우에는 입학 이후라도 합격 또는 입학을 취소하고 학적을 말소하며 민‧형사상의 책임을\n물을수있습니다.입학이 취소되는경우해당자가 납부한 등록금은반환하지않습니다.또한본교 및타 대학교에\n서아래의사유로합격또는입학이취소된경우,취소된날로부터3년간본대학교에지원할수없습니다.\n∙대리면접등부정한방법으로지원하거나이에협조하여공정한학생선발업무를방해한경우\n∙입학사정에사용된전형자료에주요사항이누락되거나서류허위작성,위·변조등부정이있다고판단되는경우\n자.기타전형에관한모든심의및평가에따른사항은본대학교에서결정합니다.\n차.본전형에합격한후비자취득및변경에문제가없어야합니다.학업을위한비자취득및변경을하지못할경우,\n본교에서입학허가를취소할수있습니다.\n카.입학후첫학기에는휴학불가합니다.', '증빙서류 1부를 갖추어 수학기관장에게 재입국 신고를 하여야 한다.\n②수학기관장은 매학기 방학 전 일시출국신청서를 수합하여 승인 처리하고, 방학\n종료 후 출입국증빙서류를 확인하여 무단출국 및 출국허용기간 미준수 등 학사지침\n위반자에 대해 교육원장에게 보고하여야 한다.\n제17조(귀국 신고) ①장학 기간이 종료되거나 부득이한 사유로 중도 포기하고 귀국하려는\n장학생은 소속 수학기관에 귀국 신고를 하여야 하며, 수학기관장은 해당 사실을 장학\n기간 종료 또는 귀국 30일 전까지 교육원장에게 보고하여야 한다.\n②학위과정 장학생이 장학 기간 이내에 학위를 취득하지 못하여 학위취득을 목적으로\n한국 내에 체류할 경우, 전문학사․학사․석사 학위과정은 12개월까지, 박사 학위과정은\n24개월까지 귀국 신고를 연기할 수 있으며, 수학대학장은 장학 기간 종료 30일 전까지\n장학생의 귀국 연기 상황을 교육원장에게 보고하여야 한다.\n제18조(경고) 다음 각 호의 어느 하나에 해당하는 경우, 교육원장은 해당 장학생을 경고\n조치한다.\n1. 한국어연수 기간 중 무단결석일이 연속하여 3일 이상이거나 월 누계 5일 이상인 경우\n이 경우 출결의 세부기준(지각, 조퇴, 결석의 환산 기준 등)은 한국어연수기관 내부 규\n정에 따라 적용할 수 있다.\n2. 학기 단위 평점평균(백분위 환산점수)이 기준 점수 미만인 경우(전문학사․학사과정\n70점/100점, 석․박사 과정 80점/100점)\n3. 무단으로 일시출국하거나, 허가 기간 내 입국하지 않는 경우. 다만, 위반 사유가\n부득이하다고 교육원장이 인정하는 경우에는 예외로 할 수 있다.\n4. 제24조제2항의 시간제 취업 허용 범위를 위반한 경우\n5. 이외에 정부초청 외국인 장학생 징계위원회(이하 ‘징계위원회’라 한다)에서 경고\n조치가 필요하다고 인정하는 경우\n제19조(장학생 자격상실) 다음 각 호의 어느 하나에 해당하는 경우, 교육원장은 해당 장학\n생을 자격상실 처분한다.\n1. 수학기관으로부터 제적 처분을 받은 경우', '할 수 있다.\n1. 징계 처분을 하기에 사유가 경미하다고 판단하는 경우\n2. 불가피한 사유 등의 정상 참작의 여지가 있는 경우\n제21조(형사사건 기소 사실 신고 등) ①장학생은 형사사건으로 기소된 경우 이를 즉시\n수학기관에 신고하여야 하며, 교육원장은 신고하지 않은 장학생을 제20조에 따라 징\n계할 수 있다.\n②수학기관장은 장학생의 형사사건 기소 사실을 알게 된 경우 즉시 교육원장에게\n보고하여야 한다.\n③교육원장은 장학생이 형사사건으로 기소된 경우 장학금 지급을 유보할 수 있다.\n④교육원장은 장학생이 유죄 판결을 선고받은 경우 장학생에게 제19조제10호에 따라\n자격상실 처분하거나, 제20조에 따라 징계위원회에 의결을 요구할 수 있다.\n⑤교육원장은 장학생이 유죄 판결을 선고받은 경우 장학금 지급을 중단하고 장학금을 환수\n할 수 있다. 이 경우 장학금 환수 대상 기간, 항목, 금액 등은 징계위원회에서 결정한다.\n제22조(장학금 지급 및 수령) ①장학금 지급 및 수령에 관한 사항은 장학금 지침에 따\n른다.\n②교육원장은 학업성적이 우수한 장학생에게 별도로 장학금을 지급할 수 있다.\n③장학생의 월 중 국내체류기간이 15일 이상인 경우 1개월로 하여 학업장려금 전액을\n지급하고, 15일 미만인 경우 국내체류 일수만큼 일할계산하여 지급한다. 다만, 학위과\n정 장학생은 장학금 지침 제22조제6항의 경우를 제외하고 학기당 일시출국 일수 30\n일을 국내에 체류한 날로 간주한다.\n④제12조의 휴학 기간에는 학업장려금을 지급하지 않는다. 다만, 수학기관장이 장학\n생의 부득이한 국내 체류로 학업장려금 지급이 불가피함을 신청하여 교육원장이\n인정하면 지급할 수 있다.\n⑤외국대학과의 공동학위 등을 운영하는 경우, 외국대학에서 수학하는 기간의 장학\n금은 지급하지 아니한다. 다만 국내 대학에 납부하는 등록금은 지급한다.\n⑥제19조에 따라 장학생 자격이 상실되면 해당 장학생에게 장학금을 지급하지 않는다.\n다만, 본인의 의사에 의하지 않은 중도 포기 등의 사유로 교육원장이 인정하는 경우\n- 8 -', '4. 제24조제2항의 시간제 취업 허용 범위를 위반한 경우\n5. 이외에 정부초청 외국인 장학생 징계위원회(이하 ‘징계위원회’라 한다)에서 경고\n조치가 필요하다고 인정하는 경우\n제19조(장학생 자격상실) 다음 각 호의 어느 하나에 해당하는 경우, 교육원장은 해당 장학\n생을 자격상실 처분한다.\n1. 수학기관으로부터 제적 처분을 받은 경우\n2. 제5조 한국어연수과정 이수 후 수학대학에 진학하지 못한 경우\n- 6 -']","유학생이 비자가 거부되었을 경우, 수업료는 전액 환불됩니다. 이는 환불 조건 중 하나로 명시되어 있습니다.","비자가 거부된 경우, 전액 환불됩니다.",1.0,0.3961708495171863,0.49999999995,1.0
2026년 봄학기(3월~5월)의 지원 마감일은 언제인가요?,"['1. 전형 일정\n일정\n구분\n3차\n1차 2차 비고\n2026.4.1.(수) ~ 2026.6.15.(월) ~ 2026.7.23(목)~ 온라인지원\n모집기간 4.14.(화), 6.21.(일), 7.29.(수),\n(applydonga.accomsystem.co.kr)\n24:00까지 24:00까지 24:00까지\n동아\n2026.04.14(화) 예정 추후공지예정 국제교류과홈페이지공지\n한국어능력평가\n2026.5.15.(금) 2026.7.20.(월) 2026.8.14(금)\n합격자발표 국제교류과홈페이지공지\n14:00예정 14:00 예정 14:00 예정\n2026.5.18.(월) 2026.7.21.(화) 2026.8.19.(화)\n등록금납부 ~ 5.20.(수) ~ 7.23.(목) ~ 8.20.(수) 합격자별도안내\n09:00 ~ 16:00 09:00 ~ 16:00 09:00 ~ 16:00\n※ 3차지원은국내체류자만가능함\n※ 전형일정은사정에따라변동될수있음\n※ 변동사항발생시국제교류과홈페이지공지예정(https://global.donga.ac.kr)\n2. 지원 절차\n온라인지원: applydonga.accomsystem.co.kr 접속\n↓\n회원가입후동아대학교‘신입학’, ‘편입학’중해당되는과정을클릭\n↓\n유의사항숙지후입학원서작성(필수제출서류전체온라인첨부)\n↓\n입학원서최종제출및전형료결제* 전형료결제완료되어야접수완료\n↓\n제출서류적격여부심사\n↓\n서류심사\n↓\n합격자발표\n↓\n등록금납부\n↓\n표준입학허가서발급(학교) 및비자신청(지원자)\n*등록금납부자및원본서류제출자에한해비자서류를발급함\n↓\n입국및오리엔테이션\n- 1 -', '목차\n[지원자 유의사항]\n1. 전형 일정 ……………………………………… 1\n2. 지원 절차 ……………………………………… 1\n3. 지원 자격 ……………………………………… 2\n4. 전형 방법 ……………………………………… 3\n5. 모집 단위 ……………………………………… 3\n6. 제출 서류 ……………………………………… 9\n7. 서류제출 유의사항 ……………………………………… 11\n8. 합격자 유의사항 ………………………………13\n9. 지원자유의사항 ………………………………14\n10. 합격자 발표 ……………………………… 15\n11. 전형료 및 등록금 ……………………………… 15\n12. 장학금 ……………………………………… 16\n13. 기타 사항 …………………………………… 17\n14. 문의 ………………………………………… 18\n15. 캠퍼스별 안내도 ………………………………… 19\n※ 별첨 : 각종 지원서 양식 2026\n\n[Tables]\n|  |\n| 목차 [지원자 유의사항] 1. 전형 일정 ……………………………………… 1 2. 지원 절차 ……………………………………… 1 3. 지원 자격 ……………………………………… 2 4. 전형 방법 ……………………………………… 3 5. 모집 단위 ……………………………………… 3 6. 제출 서류 ……………………………………… 9 7. 서류제출 유의사항 ……………………………………… 11 8. 합격자 유의사항 ………………………………13 9. 지원자유의사항 ………………………………14 10. 합격자 발표 ……………………………… 15 11. 전형료 및 등록금 ……………………………… 15 12. 장학금 ……………………………………… 16 13. 기타 사항 …………………………………… 17 14. 문의 ………………………………………… 18 15. 캠퍼스별 안내도 ………………………………… 19 ※ 별첨 : 각종 지원서 양식 2026 |', '| 구분 | 일정 |  | 3차 비고 |  |  |\n|  | 1차 | 2차 |  |  |  |\n| 모집기간 | 2026.4.1.(수) ~ 4.14.(화), 24:00까지 | 2026.6.15.(월) ~ 6.21.(일), 24:00까지 | 2026.7.23(목)~ 7.29.(수), 24:00까지 | (app | 온라인지원 lydonga.accomsystem.co.kr) |\n| 동아 한국어능력평가 | 2026.04.14(화) 예정 | 추후공지예정 |  |  | 국제교류과홈페이지공지 |\n| 합격자발표 | 2026.5.15.(금) 14:00예정 | 2026.7.20.(월) 14:00 예정 | 2026.8.14(금) 14:00 예정 |  | 국제교류과홈페이지공지 |\n| 등록금납부 | 2026.5.18.(월) ~ 5.20.(수) 09:00 ~ 16:00 | 2026.7.21.(화) ~ 7.23.(목) 09:00 ~ 16:00 | 2026.8.19.(화) ~ 8.20.(수) 09:00 ~ 16:00 |  | 합격자별도안내 |', '나. 재학생 장학금\n구분\n수혜금액 수혜조건\n장학명 자격요건 종류\nA 수업료100% 직전학기성적순위가10% 미만\n외국인유학생\n외국인\n특별전형으로 B 수업료70% 직전학기성적순위가40% 미만\n성적우수\n입학한자\n장학금\n(융합경영학과 C 수업료40% 직전학기성적순위가60% 미만\nA,B,C,D\n학생제외)\nD 수업료20% 직전학기성적순위가80% 미만\n근로장학금 교내행정업무지원 월평균500,000원 국제교류과선발기준에따름\nTOPIKⅡ(중급) 응시표제출자(응시료의경우횟수제한없음)\n- TOPIK PBT 응시료55,000원중35,000원 지원\n시험응시료의일부\n- TOPIKiBT응시료95,000원중45,000원 지원\n- TOPIK말하기평가응시료80,000원 중40,000원 지원\nTOPIK\nTOPIK 성적표제출자 500,000원 TOPIK(PBT, iBT) 3급제출자\n장학금\n700,000원 TOPIK(PBT, iBT) 4급제출자\n500,000원 TOPIK(PBT, iBT) 5급제출자\n500,000원 TOPIK(PBT, iBT) 6급제출자\n※장학금지급기준및지급액은본교장학제도에따라변동될수있음\n※성적우수장학금의경우동점자발생시학과기준에따라장학이결정됨\n13. 기타 사항\n가. 기숙사\n구분 시설 가격 위치\n가. 기본시설\n한학기(방학제외)\n: 침대, 책상, 옷장, 신발장, 수납장등\n한림생활관 승학1관(여자기숙사): 939,000원 승학\n나. 그외시설\n승학2관(남자기숙사): 1,070,000원\n: 카페테리아, 휴게실, 세탁실등\n※ 상기금액은2026년기숙사비기준이며, 2027년기숙사비책정시변동될수있음\n※ 기숙사홈페이지: http://hanlim.donga.ac.kr\n※ 기숙사신청방법: 합격자대상으로추후공지\n- 17 -', '[Tables]\n|  |\n| 1. 전형 일정 일정 구분 3차 1차 2차 비고 2026.4.1.(수) ~ 2026.6.15.(월) ~ 2026.7.23(목)~ 온라인지원 모집기간 4.14.(화), 6.21.(일), 7.29.(수), (applydonga.accomsystem.co.kr) 24:00까지 24:00까지 24:00까지 동아 2026.04.14(화) 예정 추후공지예정 국제교류과홈페이지공지 한국어능력평가 2026.5.15.(금) 2026.7.20.(월) 2026.8.14(금) 합격자발표 국제교류과홈페이지공지 14:00예정 14:00 예정 14:00 예정 2026.5.18.(월) 2026.7.21.(화) 2026.8.19.(화) 등록금납부 ~ 5.20.(수) ~ 7.23.(목) ~ 8.20.(수) 합격자별도안내 09:00 ~ 16:00 09:00 ~ 16:00 09:00 ~ 16:00 ※ 3차지원은국내체류자만가능함 ※ 전형일정은사정에따라변동될수있음 ※ 변동사항발생시국제교류과홈페이지공지예정(https://global.donga.ac.kr) 2. 지원 절차 온라인지원: applydonga.accomsystem.co.kr 접속 ↓ 회원가입후동아대학교‘신입학’, ‘편입학’중해당되는과정을클릭 ↓ 유의사항숙지후입학원서작성(필수제출서류전체온라인첨부) ↓ 입학원서최종제출및전형료결제* 전형료결제완료되어야접수완료 ↓ 제출서류적격여부심사 ↓ 서류심사 ↓ 합격자발표 ↓ 등록금납부 ↓ 표준입학허가서발급(학교) 및비자신청(지원자) *등록금납부자및원본서류제출자에한해비자서류를발급함 ↓ 입국및오리엔테이션 - 1 - |\n| 구분 | 일정 |  | 3차 비고 |  |  |\n|  | 1차 | 2차 |  |  |  |', '[Tables]\n|  |\n| 나. 재학생 장학금 구분 수혜금액 수혜조건 장학명 자격요건 종류 A 수업료100% 직전학기성적순위가10% 미만 외국인유학생 외국인 특별전형으로 B 수업료70% 직전학기성적순위가40% 미만 성적우수 입학한자 장학금 (융합경영학과 C 수업료40% 직전학기성적순위가60% 미만 A,B,C,D 학생제외) D 수업료20% 직전학기성적순위가80% 미만 근로장학금 교내행정업무지원 월평균500,000원 국제교류과선발기준에따름 TOPIKⅡ(중급) 응시표제출자(응시료의경우횟수제한없음) - TOPIK PBT 응시료55,000원중35,000원 지원 시험응시료의일부 - TOPIKiBT응시료95,000원중45,000원 지원 - TOPIK말하기평가응시료80,000원 중40,000원 지원 TOPIK TOPIK 성적표제출자 500,000원 TOPIK(PBT, iBT) 3급제출자 장학금 700,000원 TOPIK(PBT, iBT) 4급제출자 500,000원 TOPIK(PBT, iBT) 5급제출자 500,000원 TOPIK(PBT, iBT) 6급제출자 ※장학금지급기준및지급액은본교장학제도에따라변동될수있음 ※성적우수장학금의경우동점자발생시학과기준에따라장학이결정됨 13. 기타 사항 가. 기숙사 구분 시설 가격 위치 가. 기본시설 한학기(방학제외) : 침대, 책상, 옷장, 신발장, 수납장등 한림생활관 승학1관(여자기숙사): 939,000원 승학 나. 그외시설 승학2관(남자기숙사): 1,070,000원 : 카페테리아, 휴게실, 세탁실등 ※ 상기금액은2026년기숙사비기준이며, 2027년기숙사비책정시변동될수있음 ※ 기숙사홈페이지: http://hanlim.donga.ac.kr ※ 기숙사신청방법: 합격자대상으로추후공지 - 17 - |\n| 구분 |  |  | 수혜금액 | 수혜조건 |\n| 장학명 | 자격요건 | 종류 |  |  |', '| Process | Dates |  | Remarks |\n|  | 1stRound | 2ndRound |  |\n| Online Application | 2026.4.1.(Wed) ~ 4.14.(Tue) | 2026.6.15.(Mon) ~ 6.21.(Sun) | Online Application (applydonga.accomsystem.co.kr) |\n| Document Screening | 2026.5.4.(Mon) (Scheduled) | 2026.7.7.(Tue) (Scheduled) | Interview details will be announced on the Office of International Affairs website on: -1st: 2026.5.4.(Mon) -2nd: 2026.7.7.(Tue) |\n| Interview | 2026.5.6.(Wed)~5.8.(Fri) (Scheduled) | 2026.7.8.(Wed) ~ 7.10.(Fri) (Scheduled) |  |\n| Notificationof Admission | 2026.5.15.(Fri) 14:00 (Scheduled) | 2026.7.20.(Wed) 14:00 (Scheduled) | To be announced on the Office of International Affairs website |\n| Tuition Payment | 2026.5.18.(Mon) ~ 5.20.(Wed) 9:00 ~ 16:00 | 2026.7.21.(Tue) ~ 7.23.(Thu) 9:00 ~ 16:00 |  |']",2026년 봄학기(3월~5월)의 지원 마감일은 2026년 4월 14일(화) 24:00까지입니다.,2025년 12월 1일(월)부터 2026년 1월 2일(금)까지입니다.,0.5,0.5075086969522851,0.0,0.0
유학생이 기숙사에서 제공되는 시설은 무엇인가요?,"['[Tables]\n|  |  |  |  |  |  |  |\n|  |  |  |  |  |  |  |\n|  |\n|  |\n|  |  |\n|  |  |\n|  |  |  |\n|  |  |\n|  |  |', '| 구분 |  |  | 수혜금액 | 수혜조건 |\n| 장학명 | 자격요건 | 종류 |  |  |\n| 외국인 성적우수 장학금 A,B,C,D | 외국인유학생 특별전형으로 입학한자 (융합경영학과 학생제외) | A | 수업료100% | 직전학기성적순위가10% 미만 |\n|  |  | B | 수업료70% | 직전학기성적순위가40% 미만 |\n|  |  | C | 수업료40% | 직전학기성적순위가60% 미만 |\n|  |  | D | 수업료20% | 직전학기성적순위가80% 미만 |\n| 근로장학금 | 교내행정업무지원 |  | 월평균500,000원 | 국제교류과선발기준에따름 |\n| TOPIK 장학금 | TOPIK 성적표제출자 |  | 시험응시료의일부 | TOPIKⅡ(중급) 응시표제출자(응시료의경우횟수제한없음) - TOPIK PBT 응시료55,000원중35,000원 지원 - TOPIKiBT응시료95,000원중45,000원 지원 - TOPIK말하기평가응시료80,000원 중40,000원 지원 |\n|  |  |  | 500,000원 | TOPIK(PBT, iBT) 3급제출자 |\n|  |  |  | 700,000원 | TOPIK(PBT, iBT) 4급제출자 |\n|  |  |  | 500,000원 | TOPIK(PBT, iBT) 5급제출자 |\n|  |  |  | 500,000원 | TOPIK(PBT, iBT) 6급제출자 |\n| 구분 | 시설 | 가격 | 위치 |\n| 한림생활관 | 가. 기본시설 : 침대, 책상, 옷장, 신발장, 수납장등 나. 그외시설 : 카페테리아, 휴게실, 세탁실등 | 한학기(방학제외) 승학1관(여자기숙사): 939,000원 승학2관(남자기숙사): 1,070,000원 | 승학 |', '[Tables]\n| Type | Rate(app.) | Facilities | Meal |\n|  | Around 756,000 KRW (for 3 months) | Public sector: Laundry room, resting area Room: Bathroom, bed, desk, chair, bookcase, closet, air-conditioning, heating system, LAN |  |', '나. 재학생 장학금\n구분\n수혜금액 수혜조건\n장학명 자격요건 종류\nA 수업료100% 직전학기성적순위가10% 미만\n외국인유학생\n외국인\n특별전형으로 B 수업료70% 직전학기성적순위가40% 미만\n성적우수\n입학한자\n장학금\n(융합경영학과 C 수업료40% 직전학기성적순위가60% 미만\nA,B,C,D\n학생제외)\nD 수업료20% 직전학기성적순위가80% 미만\n근로장학금 교내행정업무지원 월평균500,000원 국제교류과선발기준에따름\nTOPIKⅡ(중급) 응시표제출자(응시료의경우횟수제한없음)\n- TOPIK PBT 응시료55,000원중35,000원 지원\n시험응시료의일부\n- TOPIKiBT응시료95,000원중45,000원 지원\n- TOPIK말하기평가응시료80,000원 중40,000원 지원\nTOPIK\nTOPIK 성적표제출자 500,000원 TOPIK(PBT, iBT) 3급제출자\n장학금\n700,000원 TOPIK(PBT, iBT) 4급제출자\n500,000원 TOPIK(PBT, iBT) 5급제출자\n500,000원 TOPIK(PBT, iBT) 6급제출자\n※장학금지급기준및지급액은본교장학제도에따라변동될수있음\n※성적우수장학금의경우동점자발생시학과기준에따라장학이결정됨\n13. 기타 사항\n가. 기숙사\n구분 시설 가격 위치\n가. 기본시설\n한학기(방학제외)\n: 침대, 책상, 옷장, 신발장, 수납장등\n한림생활관 승학1관(여자기숙사): 939,000원 승학\n나. 그외시설\n승학2관(남자기숙사): 1,070,000원\n: 카페테리아, 휴게실, 세탁실등\n※ 상기금액은2026년기숙사비기준이며, 2027년기숙사비책정시변동될수있음\n※ 기숙사홈페이지: http://hanlim.donga.ac.kr\n※ 기숙사신청방법: 합격자대상으로추후공지\n- 17 -', '* Refrigerated/frozen foods cannot be stored(Please do not bring) ○ E-mail: koreanedu@donga.ac.kr\n* After final acceptance, students must arrive in Korea, complete the dormitory application form, and pay the dormitory fee ○ Admissions application website: apply.donga.ac.kr\n2026-2027 Korean Language Course Dong-A University', '[Tables]\n|  |\n| 나. 재학생 장학금 구분 수혜금액 수혜조건 장학명 자격요건 종류 A 수업료100% 직전학기성적순위가10% 미만 외국인유학생 외국인 특별전형으로 B 수업료70% 직전학기성적순위가40% 미만 성적우수 입학한자 장학금 (융합경영학과 C 수업료40% 직전학기성적순위가60% 미만 A,B,C,D 학생제외) D 수업료20% 직전학기성적순위가80% 미만 근로장학금 교내행정업무지원 월평균500,000원 국제교류과선발기준에따름 TOPIKⅡ(중급) 응시표제출자(응시료의경우횟수제한없음) - TOPIK PBT 응시료55,000원중35,000원 지원 시험응시료의일부 - TOPIKiBT응시료95,000원중45,000원 지원 - TOPIK말하기평가응시료80,000원 중40,000원 지원 TOPIK TOPIK 성적표제출자 500,000원 TOPIK(PBT, iBT) 3급제출자 장학금 700,000원 TOPIK(PBT, iBT) 4급제출자 500,000원 TOPIK(PBT, iBT) 5급제출자 500,000원 TOPIK(PBT, iBT) 6급제출자 ※장학금지급기준및지급액은본교장학제도에따라변동될수있음 ※성적우수장학금의경우동점자발생시학과기준에따라장학이결정됨 13. 기타 사항 가. 기숙사 구분 시설 가격 위치 가. 기본시설 한학기(방학제외) : 침대, 책상, 옷장, 신발장, 수납장등 한림생활관 승학1관(여자기숙사): 939,000원 승학 나. 그외시설 승학2관(남자기숙사): 1,070,000원 : 카페테리아, 휴게실, 세탁실등 ※ 상기금액은2026년기숙사비기준이며, 2027년기숙사비책정시변동될수있음 ※ 기숙사홈페이지: http://hanlim.donga.ac.kr ※ 기숙사신청방법: 합격자대상으로추후공지 - 17 - |\n| 구분 |  |  | 수혜금액 | 수혜조건 |\n| 장학명 | 자격요건 | 종류 |  |  |', 'not accepted.) ○ Kakaotalk: dongakorean\n* Meals are excluded. ○ Address: ( 49236) Seokdang Global House, Dong-A University, 30-1 Daecheong-ro, Jung-gu, Busan, South Korea\n* Students shall prepare their own beddings in advance since it will not be provided by the dormitory (rentals for beddings are available). (49236) Dong-A University International Affairs Office, B03-0202, 225 Gudeok-ro, Seo-gu, Busan, South Korea\n* N o Wi-Fi connection will be available in the dormitory. Students shall either use the LAN cable provided by the dormitory or prepare their\n○ Web site: h ttp://www.donga.ac.kr (Dong-A University)\nown Wi-Fi router.\nhttp://global.donga.ac.kr (Dong-A University Office of International Affairs)\n* Newcomers must stay in the dormitory at least 3 months. The course will be terminated if you leave the dormitory within 3 months.\n* Refrigerated/frozen foods cannot be stored(Please do not bring) ○ E-mail: koreanedu@donga.ac.kr']","유학생이 기숙사에서 제공되는 시설은 다음과 같습니다:

1. **기본시설**:
   - 침대
   - 책상
   - 옷장
   - 신발장
   - 수납장 등

2. **그 외 시설**:
   - 카페테리아
   - 휴게실
   - 세탁실 등

이 외에도 기숙사에는 공용 세탁실과 휴게 공간이 마련되어 있습니다.","기숙사에서는 세탁실, 휴게실, 욕실, 침대, 책상, 의자, 책장, 옷장, 에어컨, 난방 시스템이 제공됩니다.",1.0,0.4536796335901327,0.6458333333171874,1.0
부산의 기숙사 비용은 얼마인가요?,"['나. 재학생 장학금\n구분\n수혜금액 수혜조건\n장학명 자격요건 종류\nA 수업료100% 직전학기성적순위가10% 미만\n외국인유학생\n외국인\n특별전형으로 B 수업료70% 직전학기성적순위가40% 미만\n성적우수\n입학한자\n장학금\n(융합경영학과 C 수업료40% 직전학기성적순위가60% 미만\nA,B,C,D\n학생제외)\nD 수업료20% 직전학기성적순위가80% 미만\n근로장학금 교내행정업무지원 월평균500,000원 국제교류과선발기준에따름\nTOPIKⅡ(중급) 응시표제출자(응시료의경우횟수제한없음)\n- TOPIK PBT 응시료55,000원중35,000원 지원\n시험응시료의일부\n- TOPIKiBT응시료95,000원중45,000원 지원\n- TOPIK말하기평가응시료80,000원 중40,000원 지원\nTOPIK\nTOPIK 성적표제출자 500,000원 TOPIK(PBT, iBT) 3급제출자\n장학금\n700,000원 TOPIK(PBT, iBT) 4급제출자\n500,000원 TOPIK(PBT, iBT) 5급제출자\n500,000원 TOPIK(PBT, iBT) 6급제출자\n※장학금지급기준및지급액은본교장학제도에따라변동될수있음\n※성적우수장학금의경우동점자발생시학과기준에따라장학이결정됨\n13. 기타 사항\n가. 기숙사\n구분 시설 가격 위치\n가. 기본시설\n한학기(방학제외)\n: 침대, 책상, 옷장, 신발장, 수납장등\n한림생활관 승학1관(여자기숙사): 939,000원 승학\n나. 그외시설\n승학2관(남자기숙사): 1,070,000원\n: 카페테리아, 휴게실, 세탁실등\n※ 상기금액은2026년기숙사비기준이며, 2027년기숙사비책정시변동될수있음\n※ 기숙사홈페이지: http://hanlim.donga.ac.kr\n※ 기숙사신청방법: 합격자대상으로추후공지\n- 17 -', '[Tables]\n|  |\n| 나. 재학생 장학금 구분 수혜금액 수혜조건 장학명 자격요건 종류 A 수업료100% 직전학기성적순위가10% 미만 외국인유학생 외국인 특별전형으로 B 수업료70% 직전학기성적순위가40% 미만 성적우수 입학한자 장학금 (융합경영학과 C 수업료40% 직전학기성적순위가60% 미만 A,B,C,D 학생제외) D 수업료20% 직전학기성적순위가80% 미만 근로장학금 교내행정업무지원 월평균500,000원 국제교류과선발기준에따름 TOPIKⅡ(중급) 응시표제출자(응시료의경우횟수제한없음) - TOPIK PBT 응시료55,000원중35,000원 지원 시험응시료의일부 - TOPIKiBT응시료95,000원중45,000원 지원 - TOPIK말하기평가응시료80,000원 중40,000원 지원 TOPIK TOPIK 성적표제출자 500,000원 TOPIK(PBT, iBT) 3급제출자 장학금 700,000원 TOPIK(PBT, iBT) 4급제출자 500,000원 TOPIK(PBT, iBT) 5급제출자 500,000원 TOPIK(PBT, iBT) 6급제출자 ※장학금지급기준및지급액은본교장학제도에따라변동될수있음 ※성적우수장학금의경우동점자발생시학과기준에따라장학이결정됨 13. 기타 사항 가. 기숙사 구분 시설 가격 위치 가. 기본시설 한학기(방학제외) : 침대, 책상, 옷장, 신발장, 수납장등 한림생활관 승학1관(여자기숙사): 939,000원 승학 나. 그외시설 승학2관(남자기숙사): 1,070,000원 : 카페테리아, 휴게실, 세탁실등 ※ 상기금액은2026년기숙사비기준이며, 2027년기숙사비책정시변동될수있음 ※ 기숙사홈페이지: http://hanlim.donga.ac.kr ※ 기숙사신청방법: 합격자대상으로추후공지 - 17 - |\n| 구분 |  |  | 수혜금액 | 수혜조건 |\n| 장학명 | 자격요건 | 종류 |  |  |', '부산출입국 가\n- S ubway: line number 1 (Orange line), Busan station exit number 2 or Joongang station exit 종합민원센터 교\nnumber 14, first floor of the Korean Air building (Joongang-dong).\n6 Note\n06\nDormitory\nLanguage school students who want to apply for the undergraduate or graduate school may use the original documents they submitted when\nthey apply for the language course. If there are no changes on the original documents, required documents can be simplified.\n1 Facility and rate\n08\nContact\nType Rate(app.) Facilities Meal\nAround 756,000 Public sector: Laundry room, resting area Not\nTwin room\nKRW (for 3 months) Room: Bathroom, bed, desk, chair, bookcase, closet, air-conditioning, heating system, LAN Included\n* T he dormitory fee must be paid to the dormitory account at the time of receiving the invoice after entering Korea (Monthly payments are ○ Phone number : +82-51-200-6446\nnot accepted.) ○ Kakaotalk: dongakorean', '[Tables]\n|  |  |  |  |  |  |  |\n|  |  |  |  |  |  |  |\n|  |\n|  |\n|  |  |\n|  |  |\n|  |  |  |\n|  |  |\n|  |  |', '[Tables]\n| Type | Rate(app.) | Facilities | Meal |\n|  | Around 756,000 KRW (for 3 months) | Public sector: Laundry room, resting area Room: Bathroom, bed, desk, chair, bookcase, closet, air-conditioning, heating system, LAN |  |', '| 구분 |  |  | 수혜금액 | 수혜조건 |\n| 장학명 | 자격요건 | 종류 |  |  |\n| 외국인 성적우수 장학금 A,B,C,D | 외국인유학생 특별전형으로 입학한자 (융합경영학과 학생제외) | A | 수업료100% | 직전학기성적순위가10% 미만 |\n|  |  | B | 수업료70% | 직전학기성적순위가40% 미만 |\n|  |  | C | 수업료40% | 직전학기성적순위가60% 미만 |\n|  |  | D | 수업료20% | 직전학기성적순위가80% 미만 |\n| 근로장학금 | 교내행정업무지원 |  | 월평균500,000원 | 국제교류과선발기준에따름 |\n| TOPIK 장학금 | TOPIK 성적표제출자 |  | 시험응시료의일부 | TOPIKⅡ(중급) 응시표제출자(응시료의경우횟수제한없음) - TOPIK PBT 응시료55,000원중35,000원 지원 - TOPIKiBT응시료95,000원중45,000원 지원 - TOPIK말하기평가응시료80,000원 중40,000원 지원 |\n|  |  |  | 500,000원 | TOPIK(PBT, iBT) 3급제출자 |\n|  |  |  | 700,000원 | TOPIK(PBT, iBT) 4급제출자 |\n|  |  |  | 500,000원 | TOPIK(PBT, iBT) 5급제출자 |\n|  |  |  | 500,000원 | TOPIK(PBT, iBT) 6급제출자 |\n| 구분 | 시설 | 가격 | 위치 |\n| 한림생활관 | 가. 기본시설 : 침대, 책상, 옷장, 신발장, 수납장등 나. 그외시설 : 카페테리아, 휴게실, 세탁실등 | 한학기(방학제외) 승학1관(여자기숙사): 939,000원 승학2관(남자기숙사): 1,070,000원 | 승학 |', '* Refrigerated/frozen foods cannot be stored(Please do not bring) ○ E-mail: koreanedu@donga.ac.kr\n* After final acceptance, students must arrive in Korea, complete the dormitory application form, and pay the dormitory fee ○ Admissions application website: apply.donga.ac.kr\n2026-2027 Korean Language Course Dong-A University']","부산의 기숙사 비용은 다음과 같습니다:

- 한림생활관 승학1관(여자기숙사): 939,000원 (한 학기, 방학 제외)
- 한림생활관 승학2관(남자기숙사): 1,070,000원 (한 학기, 방학 제외)

이 금액은 2026년 기숙사비 기준이며, 2027년 기숙사비는 변동될 수 있습니다.","부산의 기숙사 비용은 3개월 기준으로 약 756,000원입니다.",0.8571428571428571,0.0,0.94999999997625,1.0
장학생이 한국어 연수 과정을 이수해야 하는 기간은 얼마인가요?,"[""제3조(적용 대상) 이 지침의 적용 대상은 국립국제교육원(이하 “교육원”이라 한다)이\n관리하는 장학사업으로 다음 각 호에 해당하는 사업에 선발된 장학생을 대상으로 한다.\n1. 정부초청외국인장학생 교류지원 사업\n2. 한일 공동 고등교육 유학생 교류사업(석박사 학위과정)\n제4조(장학 기간) ①장학 기간은 한국어 연수 기간 외에 다음 각호에 따라 학과의 수업\n연한 이내로 한다.\n1. 전문학사과정 : 2-3년\n2. 학사과정 : 4-6년\n3. 석사과정 : 2년\n4. 박사과정 : 3년\n5. 석·박사 통합과정 4년\n②특수한 목적에 의해 운영되는 과정(이하 “특화과정”이라 한다) 중 교육원장이 인\n정하는 편입학의 경우에는 제1항의 장학 기간에서 편입학한 학년 이전 기간은 제외한다.\n③제1항과 제2항의 장학 기간은 연장되지 않으며, 장학 기간에 휴학 기간은 포함하지\n않는다.\n제5조(한국어연수과정) ①장학생은 입학 전에 1년의 한국어연수과정을 이수하고, 한국\n어능력시험(이하 'TOPIK’이라 한다) 3급 이상을 취득하여야 한다. 다만, TOPIK 5급\n이상을 취득한 경우 또는 교육원장이 장학생 선발 시 외국어로 학위과정의 이수가\n가능하다고 인정한 경우에는 한국어연수과정 이수 의무가 면제되며, 수학대학의 학\n사일정에 맞추어 진학할 수 있다.\n②제1항을 충족하지 못한 장학생 중 TOPIK 3급 합격점의 70% 이상을 받은 경우,\n수학대학장이 승인하고 국립국제교육원장(이하 “교육원장”이라 한다)이 인정하면\n수학대학의 학사일정에 맞추어 진학할 수 있다.\n③교육원장은 교육부장관이 국제협력선도대학 육성지원사업에 필요하다고 인정하여\n요청하는 경우 TOPIK 등급 요건을 완화하여 진학을 인정할 수 있다.\n④제1항을 충족하지 못한 장학생 중 한국어 연수기관장의 허가를 받고 교육원장의\n승인을 얻은 경우에는 한국어연수과정 이수 기간을 1회에 한해 6개월 연장할 수 있다.\n- 2 -\n\n[Tables]"", '학과(부) 변경 등의 절차를 거칠 수 있다.\n제9조(등록) ①장학생은 수학기관이 정한 등록기간 내에 등록하여야 한다.\n②수학기관장은 장학생이 매학기 등록 기한까지 등록을 아니한 경우 교육원장에게\n보고하여야 한다.\n제10조(수학 의무) 장학생은 수학기관의 학칙, 규정 등에 따라 성실히 수강하여야 한다.\n제11조(수학 상황 보고) ①수학기관장은 장학생의 수학 상황을 매학기 종료 후에 다음\n각호와 같이 교육원장에게 보고하여야 한다.\n1. 한국어연수과정 : 성적 및 수료 상황\n2. 학위과정 : 성적, 수료 및 학위 취득 상황\n②특화과정으로 교육원장이 인정하는 외국대학과의 공동학위 및 복수학위(이하 “공동\n학위 등”이라 한다)를 운영하는 수학대학장은 다음 각 호의 사항을 교육원장에게 보고\n하여야 한다.\n1. 매학기 종료 후에 성적, 수료 및 학위 취득 상황. 다만 외국대학에서 공동학위 등\n을 수학하는 기간의 성적은 제외\n2. 학기 개시 1개월 전에 공동학위 등을 운영하는 외국대학의 명칭, 외국대학 체류 학기\n및 체류 기간\n3. 공동학위 등 이수를 위한 출입국일. 출국일은 7일 전까지, 입국일은 7일 이내 보고\n③학위과정 장학생은 최종 수학 완료 시 수학종료보고서 등의 서류를 교육원장에게\n제출하여야 한다.\n제12조(휴학 등) ①한국어연수과정 장학생은 휴학할 수 없으며, 다만 본국의 긴급 소환,\n긴급한 가정 사정, 본인의 중대한 질병 등 부득이한 경우에 한하여 한국어 연수기관의\n규정에 따라 휴학 등을 신청하고 교육원장의 승인을 받아야 한다.\n②학기 시작 전 휴학하고자 하는 학위과정 장학생은 수학대학의 규정에 따라 휴학을\n신청하고 수학대학장의 승인을 받아야 한다.\n③학기 중간에 휴학하고자 하는 학위과정 장학생은 본국의 긴급 소환, 긴급한 가정\n- 4 -\n\n[Tables]', '이 경우 TOPIK 3급 합격점의 70% 이상을 취득한 장학생이어야 한다.\n⑤제4항에 따라 한국어연수과정 이수 기간을 연장한 장학생은 교육원 정부초청 외국인\n장학생 장학금 지급 세부 지침(이하 ‘장학금 지침’이라 한다)에 따른 한국어 연수\n비의 50%를 본인이 부담하여야 한다.\n⑥제4항에 따라 한국어연수과정 기간을 연장받은 장학생은 한국어연수과정 이수 기간\n이내에 TOPIK 3급 이상을 취득하고, 수학대학의 진학 조건을 충족하여야 한다.\n⑦장학생이 한국어연수과정 중에 부득이한 사유가 있으면 미리 한국어연수기관장의\n허가를 받아 결석할 수 있다. 다만, 불가피한 경우에는 사후에 의사진단서 등의 증빙\n서류를 첨부한 결석확인서를 제출할 수 있다.\n제6조(학위과정 입학) ①장학생은 교육원장이 정한 지침에 따라 학위과정에 입학하여야\n한다.\n②수학기관장은 장학생의 학위과정 입학 결과를 교육원장에게 보고하여야 한다.\n제7조(수학대학 변경) 장학생은 교육원장으로부터 입학 대학을 승인받은 이후 수학대학을\n변경할 수 없다.\n제8조(학과 등 변경) ①학위과정으로 입학한 장학생은 승인받은 최종입학학과(부)가 폐\n과되거나 또는 전공 적합성이나 진로 재설계 등의 사유로 학과(부) 변경을 원할 경\n우 수학대학의 학칙에 따라 학과(부)를 변경할 수 있다. 다만, 특화과정에 선발된 장\n학생은 해당 과정의 목적을 달성하는 학과(부) 범위 내에서 변경이 가능하다.\n②학위과정 장학생은 수학대학의 학칙에 따라 다음 각 호와 같이 통합과정으로 변경\n할 수 있으나 장학기간은 연장되지 아니한다. 다만 제17조 및 제22조제7항 적용 시\n에는 수학대학장이 인정한 통합과정의 수업연한을 기준으로 한다.\n1. 학사과정에서 학·석사통합과정\n2. 석사과정에서 석·박사통합과정\n③수학대학장은 장학생의 학위과정, 학과(계열) 변경 처리 결과를 1개월 이내에 교육\n원장에게 보고하여야 한다.\n④한국어연수과정 중인 장학생은 학위과정으로 진학한 후에 제1항 및 제2항에 따른\n- 3 -\n\n[Tables]', '에는 귀국 지원을 할 수 있다.\n⑦다음 각호의 어느 하나에 해당하는 경우에는 귀국 항공료를 지급하지 않는다.\n1. 수학종료보고서를 제출하지 않는 경우\n2. 장학 기간 내 학위취득을 하지 못한 경우\n3. 장학 기간 이후에도 한국에 체류하는 경우\n⑧학위과정 장학생이 최초 수학 시작 후 3개월 이내에 수학을 포기하면 기존에 받은\n장학금의 전부 또는 일부를 반납하여야 한다. 한국어연수과정을 거치는 경우에는\n한국어연수과정 입학 후 3개월 이내로 한다. 다만, 천재지변, 본국의 소환, 중대한 질병\n등 교육원장이 인정하는 부득이한 사유에는 예외로 한다.\n제23조(준용규정) 본 지침에 규정된 이외의 학사에 관한 사항은 장학생의 소속 수학기\n관의 학칙을 준용한다.\n제24조(장학생 관리·점검) ①교육원장은 수시 또는 정기적으로 수학기관의 장학생 관리\n실태를 점검할 수 있으며 수학기관은 관리 서류 제출 등에 적극적으로 협조하여야 한다.\n②수학기관장은 장학생이 건전한 면학과 내실있는 유학생활을 할 수 있도록 시간제 취\n업을 관리하여야 한다. 장학생은 법무부 등이 정하는 시간제 취업 허가 요건을 충족하고,\n다음 각 호의 기준을 준수하여야 한다.\n1. 장학생은 전공과목 수학에 정진하는 것을 최우선으로 한다.\n2. 한국어연수과정 장학생은 한국어연수과정 6개월 경과 후, 한국어연수기관장 확인 및\n법무부의 시간제 취업 사전 허가를 받은 경우에 방학 기간에 한하여 시간제 취업이 가\n능하다. 다만, 수학기관장이 학위과정 진학에 필요하다고 인정한 TOPIK 등급 이상을 충\n족한 장학생은 학기중에도 주당 20시간 이내에서 시간제 취업을 할 수 있다.\n3. 학위과정 장학생의 시간제 취업은 학업 성취도, 출결, 지도교수 의견 등을 종합적으로 고\n려하여, 학업에 중대한 지장이 없는 범위에서 수학대학장이 인정하는 경우 가능하다. 이\n경우 시간제 취업의 범위 및 기준은 법무부 등 관계 기관이 정한 외국인 유학생 시간\n제 취업 허가 기준을 따른다.\n가. 수학대학 내 근로장학생의 경우', '사정, 본인의 중대한 질병 등 부득이한 사유가 있는 경우에 한하여 허용한다. 이 경\n우 장학생은 휴학 신청서와 함께 해당 사유를 증빙하는 자료를 제출하여야 한다.\n④휴학은 학기 단위로 신청하여야 하며, 총 휴학 기간은 1년을 초과할 수 없다.\n다만, 수학기관장이 특별한 사유로 인정하는 경우에는 최대 1년의 범위에서 휴학 기\n간을 추가로 연장할 수 있다.\n⑤수학대학장은 장학생의 휴학 처리 결과를 교육원장에게 보고하여야 한다.\n제13조(복학) ①복학하고자 하는 장학생은 휴학 기간 종료 1개월 전까지 수학기관의\n학칙에 따라 복학 신고를 하여야 한다.\n②수학기관장은 장학생의 복학 처리 결과를 매학기 개시일 2주 전까지 교육원장에게\n보고하여야 한다.\n제14조(비상연락망 유지) 장학생은 체류지, 연락처 등 정보가 변경된 즉시 수학기관에\n신고하여야 하며, 수학기관장은 수학대학의 장학생 및 교육원과의 비상 연락 체계를\n상시 유지하여야 한다.\n제15조(일시출국) ①한국어연수과정 장학생의 일시출국은 다음 각호에 한하여 일시출국\n7일 전까지 일시출국신청서 및 증빙서류를 제출하여 한국어 연수기관장의 승인을\n받아야 한다. 다만 가족사망 등의 이유로 출국이 긴급한 경우에는 일시출국일까지\n신청할 수 있다.\n1. 학기 중에는 본국의 긴급 소환, 직계 가족의 긴급한 가정 사정, 본인의 중대한 질병\n등 특별한 사안이 발생한 경우에 한하여 최대 2주까지 일시출국 허용\n2. 한국어 연수기관장이 정한 방학 기간 범위 내에서 최대 4주까지 일시출국 허용\n②학위과정 장학생의 일시출국은 다음 각호에 한하여 일시출국 7일 전까지 일시출국\n신청서를 제출하여 수학대학장의 승인을 받아야 한다. 다만 가족사망 등의 이유로\n출국이 긴급한 경우에는 일시출국일까지 신청할 수 있다.\n1. 학기 중에는 학업에 지장이 없는 범위 내에서 최대 2주까지 일시출국 허용\n2. 수학대학장이 정한 방학 기간 내에서 일시출국 허용\n제16조(재입국 신고) ①일시출국 기간이 종료되어 재입국한 장학생은 7일 이내에 출입국\n- 5 -', ""붙임 2 정부초청 외국인 장학생 학사 운영 지침(국문, 영문)\n정부초청 외국인 장학생 학사 운영 지침\n개정 2026. 3. 1.\n제1조(목적) 이 지침은 정부초청 외국인 장학생(이하 '장학생'이라 한다)의 건전한 면학과\n유학 생활의 내실화를 위해 필요한 사항을 정함을 목적으로 한다.\n제2조(정의) 이 지침에서 사용하는 용어의 뜻은 다음과 같다.\n1. “정부초청 외국인 장학생”(이하 “장학생”이라 한다)이란 국립국제교육원(이하\n“교육원”이라 한다)이 수행하는 정부초청 외국인 장학사업(Global Korea\nScholarship, GKS) 및 이에 준하는 장학사업에 선발된 외국인 유학생을 말한다.\n2. “수학기관”이란 장학생이 소속되어 학업 또는 연수를 수행하는 대학 또는 한국\n어연수기관을 말한다.\n3. “수학대학”이란 장학생이 소속되어 학업을 수행하는 대학을 말한다.\n4. “수학기관장”이란 수학기관의 장을 말한다.\n5. “수학대학장”이란 수학대학의 장을 말한다.\n6. “학위과정”이란 대학의 학칙에 따라 학위를 수여하는 교육과정을 말한다.\n7. “한국어연수과정”이란 대학 또는 한국어연수기관에서 운영하는 한국어 교육과\n정을 말한다.\n8. “공동학위”란 국내․외 대학이 공동으로 운영하는 교육과정을 이수하고 각 대학\n의 학위취득에 필요한 요건을 충족한 자에게 양 대학 공동명의로 학위를 수여하는\n것을 말한다.\n9. “복수학위”란 국내․외 대학에서 각각 또는 공동으로 운영하는 교육과정을 이수\n하고 각 대학의 학위취득에 필요한 요건을 충족한 자에게 양 대학이 각자의 명의로\n학위를 수여하는 것을 말한다.\n- 1 -\n\n[Tables]"", '4. 제24조제2항의 시간제 취업 허용 범위를 위반한 경우\n5. 이외에 정부초청 외국인 장학생 징계위원회(이하 ‘징계위원회’라 한다)에서 경고\n조치가 필요하다고 인정하는 경우\n제19조(장학생 자격상실) 다음 각 호의 어느 하나에 해당하는 경우, 교육원장은 해당 장학\n생을 자격상실 처분한다.\n1. 수학기관으로부터 제적 처분을 받은 경우\n2. 제5조 한국어연수과정 이수 후 수학대학에 진학하지 못한 경우\n- 6 -']",장학생은 입학 전에 1년의 한국어 연수 과정을 이수해야 합니다.,장학생은 입학 전에 1년의 한국어 연수 과정을 이수해야 합니다.,1.0,0.3094610978331466,0.7499999999625,1.0
유학생이 한국에서 시간제 취업을 하려면 어떤 조건을 충족해야 하나요?,"['에는 귀국 지원을 할 수 있다.\n⑦다음 각호의 어느 하나에 해당하는 경우에는 귀국 항공료를 지급하지 않는다.\n1. 수학종료보고서를 제출하지 않는 경우\n2. 장학 기간 내 학위취득을 하지 못한 경우\n3. 장학 기간 이후에도 한국에 체류하는 경우\n⑧학위과정 장학생이 최초 수학 시작 후 3개월 이내에 수학을 포기하면 기존에 받은\n장학금의 전부 또는 일부를 반납하여야 한다. 한국어연수과정을 거치는 경우에는\n한국어연수과정 입학 후 3개월 이내로 한다. 다만, 천재지변, 본국의 소환, 중대한 질병\n등 교육원장이 인정하는 부득이한 사유에는 예외로 한다.\n제23조(준용규정) 본 지침에 규정된 이외의 학사에 관한 사항은 장학생의 소속 수학기\n관의 학칙을 준용한다.\n제24조(장학생 관리·점검) ①교육원장은 수시 또는 정기적으로 수학기관의 장학생 관리\n실태를 점검할 수 있으며 수학기관은 관리 서류 제출 등에 적극적으로 협조하여야 한다.\n②수학기관장은 장학생이 건전한 면학과 내실있는 유학생활을 할 수 있도록 시간제 취\n업을 관리하여야 한다. 장학생은 법무부 등이 정하는 시간제 취업 허가 요건을 충족하고,\n다음 각 호의 기준을 준수하여야 한다.\n1. 장학생은 전공과목 수학에 정진하는 것을 최우선으로 한다.\n2. 한국어연수과정 장학생은 한국어연수과정 6개월 경과 후, 한국어연수기관장 확인 및\n법무부의 시간제 취업 사전 허가를 받은 경우에 방학 기간에 한하여 시간제 취업이 가\n능하다. 다만, 수학기관장이 학위과정 진학에 필요하다고 인정한 TOPIK 등급 이상을 충\n족한 장학생은 학기중에도 주당 20시간 이내에서 시간제 취업을 할 수 있다.\n3. 학위과정 장학생의 시간제 취업은 학업 성취도, 출결, 지도교수 의견 등을 종합적으로 고\n려하여, 학업에 중대한 지장이 없는 범위에서 수학대학장이 인정하는 경우 가능하다. 이\n경우 시간제 취업의 범위 및 기준은 법무부 등 관계 기관이 정한 외국인 유학생 시간\n제 취업 허가 기준을 따른다.\n가. 수학대학 내 근로장학생의 경우', '3. 학위과정 장학생의 시간제 취업은 학업 성취도, 출결, 지도교수 의견 등을 종합적으로 고\n려하여, 학업에 중대한 지장이 없는 범위에서 수학대학장이 인정하는 경우 가능하다. 이\n경우 시간제 취업의 범위 및 기준은 법무부 등 관계 기관이 정한 외국인 유학생 시간\n제 취업 허가 기준을 따른다.\n가. 수학대학 내 근로장학생의 경우\n나. 학업과 연관된 연구·학술 활동의 경우\n다. 현장 실습학기제 운영에 따른 현장실습에 참여하는 경우\n- 9 -', '4. 제24조제2항의 시간제 취업 허용 범위를 위반한 경우\n5. 이외에 정부초청 외국인 장학생 징계위원회(이하 ‘징계위원회’라 한다)에서 경고\n조치가 필요하다고 인정하는 경우\n제19조(장학생 자격상실) 다음 각 호의 어느 하나에 해당하는 경우, 교육원장은 해당 장학\n생을 자격상실 처분한다.\n1. 수학기관으로부터 제적 처분을 받은 경우\n2. 제5조 한국어연수과정 이수 후 수학대학에 진학하지 못한 경우\n- 6 -', '이 경우 TOPIK 3급 합격점의 70% 이상을 취득한 장학생이어야 한다.\n⑤제4항에 따라 한국어연수과정 이수 기간을 연장한 장학생은 교육원 정부초청 외국인\n장학생 장학금 지급 세부 지침(이하 ‘장학금 지침’이라 한다)에 따른 한국어 연수\n비의 50%를 본인이 부담하여야 한다.\n⑥제4항에 따라 한국어연수과정 기간을 연장받은 장학생은 한국어연수과정 이수 기간\n이내에 TOPIK 3급 이상을 취득하고, 수학대학의 진학 조건을 충족하여야 한다.\n⑦장학생이 한국어연수과정 중에 부득이한 사유가 있으면 미리 한국어연수기관장의\n허가를 받아 결석할 수 있다. 다만, 불가피한 경우에는 사후에 의사진단서 등의 증빙\n서류를 첨부한 결석확인서를 제출할 수 있다.\n제6조(학위과정 입학) ①장학생은 교육원장이 정한 지침에 따라 학위과정에 입학하여야\n한다.\n②수학기관장은 장학생의 학위과정 입학 결과를 교육원장에게 보고하여야 한다.\n제7조(수학대학 변경) 장학생은 교육원장으로부터 입학 대학을 승인받은 이후 수학대학을\n변경할 수 없다.\n제8조(학과 등 변경) ①학위과정으로 입학한 장학생은 승인받은 최종입학학과(부)가 폐\n과되거나 또는 전공 적합성이나 진로 재설계 등의 사유로 학과(부) 변경을 원할 경\n우 수학대학의 학칙에 따라 학과(부)를 변경할 수 있다. 다만, 특화과정에 선발된 장\n학생은 해당 과정의 목적을 달성하는 학과(부) 범위 내에서 변경이 가능하다.\n②학위과정 장학생은 수학대학의 학칙에 따라 다음 각 호와 같이 통합과정으로 변경\n할 수 있으나 장학기간은 연장되지 아니한다. 다만 제17조 및 제22조제7항 적용 시\n에는 수학대학장이 인정한 통합과정의 수업연한을 기준으로 한다.\n1. 학사과정에서 학·석사통합과정\n2. 석사과정에서 석·박사통합과정\n③수학대학장은 장학생의 학위과정, 학과(계열) 변경 처리 결과를 1개월 이내에 교육\n원장에게 보고하여야 한다.\n④한국어연수과정 중인 장학생은 학위과정으로 진학한 후에 제1항 및 제2항에 따른\n- 3 -\n\n[Tables]', '학과(부) 변경 등의 절차를 거칠 수 있다.\n제9조(등록) ①장학생은 수학기관이 정한 등록기간 내에 등록하여야 한다.\n②수학기관장은 장학생이 매학기 등록 기한까지 등록을 아니한 경우 교육원장에게\n보고하여야 한다.\n제10조(수학 의무) 장학생은 수학기관의 학칙, 규정 등에 따라 성실히 수강하여야 한다.\n제11조(수학 상황 보고) ①수학기관장은 장학생의 수학 상황을 매학기 종료 후에 다음\n각호와 같이 교육원장에게 보고하여야 한다.\n1. 한국어연수과정 : 성적 및 수료 상황\n2. 학위과정 : 성적, 수료 및 학위 취득 상황\n②특화과정으로 교육원장이 인정하는 외국대학과의 공동학위 및 복수학위(이하 “공동\n학위 등”이라 한다)를 운영하는 수학대학장은 다음 각 호의 사항을 교육원장에게 보고\n하여야 한다.\n1. 매학기 종료 후에 성적, 수료 및 학위 취득 상황. 다만 외국대학에서 공동학위 등\n을 수학하는 기간의 성적은 제외\n2. 학기 개시 1개월 전에 공동학위 등을 운영하는 외국대학의 명칭, 외국대학 체류 학기\n및 체류 기간\n3. 공동학위 등 이수를 위한 출입국일. 출국일은 7일 전까지, 입국일은 7일 이내 보고\n③학위과정 장학생은 최종 수학 완료 시 수학종료보고서 등의 서류를 교육원장에게\n제출하여야 한다.\n제12조(휴학 등) ①한국어연수과정 장학생은 휴학할 수 없으며, 다만 본국의 긴급 소환,\n긴급한 가정 사정, 본인의 중대한 질병 등 부득이한 경우에 한하여 한국어 연수기관의\n규정에 따라 휴학 등을 신청하고 교육원장의 승인을 받아야 한다.\n②학기 시작 전 휴학하고자 하는 학위과정 장학생은 수학대학의 규정에 따라 휴학을\n신청하고 수학대학장의 승인을 받아야 한다.\n③학기 중간에 휴학하고자 하는 학위과정 장학생은 본국의 긴급 소환, 긴급한 가정\n- 4 -\n\n[Tables]', '증빙서류 1부를 갖추어 수학기관장에게 재입국 신고를 하여야 한다.\n②수학기관장은 매학기 방학 전 일시출국신청서를 수합하여 승인 처리하고, 방학\n종료 후 출입국증빙서류를 확인하여 무단출국 및 출국허용기간 미준수 등 학사지침\n위반자에 대해 교육원장에게 보고하여야 한다.\n제17조(귀국 신고) ①장학 기간이 종료되거나 부득이한 사유로 중도 포기하고 귀국하려는\n장학생은 소속 수학기관에 귀국 신고를 하여야 하며, 수학기관장은 해당 사실을 장학\n기간 종료 또는 귀국 30일 전까지 교육원장에게 보고하여야 한다.\n②학위과정 장학생이 장학 기간 이내에 학위를 취득하지 못하여 학위취득을 목적으로\n한국 내에 체류할 경우, 전문학사․학사․석사 학위과정은 12개월까지, 박사 학위과정은\n24개월까지 귀국 신고를 연기할 수 있으며, 수학대학장은 장학 기간 종료 30일 전까지\n장학생의 귀국 연기 상황을 교육원장에게 보고하여야 한다.\n제18조(경고) 다음 각 호의 어느 하나에 해당하는 경우, 교육원장은 해당 장학생을 경고\n조치한다.\n1. 한국어연수 기간 중 무단결석일이 연속하여 3일 이상이거나 월 누계 5일 이상인 경우\n이 경우 출결의 세부기준(지각, 조퇴, 결석의 환산 기준 등)은 한국어연수기관 내부 규\n정에 따라 적용할 수 있다.\n2. 학기 단위 평점평균(백분위 환산점수)이 기준 점수 미만인 경우(전문학사․학사과정\n70점/100점, 석․박사 과정 80점/100점)\n3. 무단으로 일시출국하거나, 허가 기간 내 입국하지 않는 경우. 다만, 위반 사유가\n부득이하다고 교육원장이 인정하는 경우에는 예외로 할 수 있다.\n4. 제24조제2항의 시간제 취업 허용 범위를 위반한 경우\n5. 이외에 정부초청 외국인 장학생 징계위원회(이하 ‘징계위원회’라 한다)에서 경고\n조치가 필요하다고 인정하는 경우\n제19조(장학생 자격상실) 다음 각 호의 어느 하나에 해당하는 경우, 교육원장은 해당 장학\n생을 자격상실 처분한다.\n1. 수학기관으로부터 제적 처분을 받은 경우', 'provided after entering our university.\nChina : or notorization, Philippines: Family Census, Indonesia : KARTU KELUARGA,\n5 Information about Immigration Office - (map included)\n户口本 亲属关系证明 영주터널\nVietnam : So Ho Khau or Giay Khai Sinh, Pakistan : Family Certificate\nA. D uties: Issuing alien registration card, extension of length of stay, change in types of visa,\n중앙동\nchange in address, reports and declarations and etc. 지하철역 중부경찰서\n※ T hese are the basic requirements for applying for the visa. Conditions may vary depending on the country, so please check with the\nB. P hone number: representative number (without area code) 1345 / general civil service center\nKorean embassies in your country before applying for the visa. 남포동\n051-461-3120~6 중부소방서 대한항공빌딩 부산역\n영\nC. Directions 주 고\n부산출입국 가\n- S ubway: line number 1 (Orange line), Busan station exit number 2 or Joongang station exit 종합민원센터 교\nnumber 14, first floor of the Korean Air building (Joongang-dong).\n6 Note\n06\nDormitory']","유학생이 한국에서 시간제 취업을 하려면 다음과 같은 조건을 충족해야 합니다:

1. **전공과목 수학에 정진**: 장학생은 전공 과목 수학에 최우선으로 집중해야 합니다.

2. **한국어연수과정 장학생의 경우**: 한국어연수과정 장학생은 한국어연수과정 6개월이 경과한 후, 한국어연수기관장의 확인 및 법무부의 시간제 취업 사전 허가를 받은 경우에만 방학 기간에 시간제 취업이 가능합니다. 또한, 수학기관장이 학위과정 진학에 필요하다고 인정한 TOPIK 등급 이상을 충족한 장학생은 학기 중에도 주당 20시간 이내에서 시간제 취업이 가능합니다.

3. **학위과정 장학생의 경우**: 학위과정 장학생은 학업 성취도, 출결, 지도교수의 의견 등을 종합적으로 고려하여, 학업에 중대한 지장이 없는 범위에서 수학대학장이 인정하는 경우에만 시간제 취업이 가능합니다. 이 경우 시간제 취업의 범위 및 기준은 법무부 등 관계 기관이 정한 외국인 유학생 시간제 취업 허가 기준을 따라야 합니다.

4. **시간제 취업 허용 범위 위반 금지**: 시간제 취업 허용 범위를 위반한 경우에는 취업이 금지됩니다.

이러한 조건들을 충족해야 유학생이 한국에서 합법적으로 시간제 취업을 할 수 있습니다.","유학생은 법무부 등이 정하는 시간제 취업 허가 요건을 충족해야 하며, 전공과목 수학에 정진하는 것을 최우선으로 해야 합니다. 한국어연수과정 장학생은 한국어연수과정 6개월 경과 후, 한국어연수기관장 확인 및 법무부의 시간제 취업 사전 허가를 받은 경우에 방학 기간에 한하여 시간제 취업이 가능합니다. 또한, 학위과정 장학생은 학업 성취도, 출결, 지도교수 의견 등을 종합적으로 고려하여 수학대학장이 인정하는 경우에 한해 시간제 취업이 가능합니다.",1.0,0.4816075288021766,0.8541666666453125,1.0
정부초청 외국인 장학생으로 선발되면 어떤 기관에서 학업을 수행하게 되나요?,"[""붙임 2 정부초청 외국인 장학생 학사 운영 지침(국문, 영문)\n정부초청 외국인 장학생 학사 운영 지침\n개정 2026. 3. 1.\n제1조(목적) 이 지침은 정부초청 외국인 장학생(이하 '장학생'이라 한다)의 건전한 면학과\n유학 생활의 내실화를 위해 필요한 사항을 정함을 목적으로 한다.\n제2조(정의) 이 지침에서 사용하는 용어의 뜻은 다음과 같다.\n1. “정부초청 외국인 장학생”(이하 “장학생”이라 한다)이란 국립국제교육원(이하\n“교육원”이라 한다)이 수행하는 정부초청 외국인 장학사업(Global Korea\nScholarship, GKS) 및 이에 준하는 장학사업에 선발된 외국인 유학생을 말한다.\n2. “수학기관”이란 장학생이 소속되어 학업 또는 연수를 수행하는 대학 또는 한국\n어연수기관을 말한다.\n3. “수학대학”이란 장학생이 소속되어 학업을 수행하는 대학을 말한다.\n4. “수학기관장”이란 수학기관의 장을 말한다.\n5. “수학대학장”이란 수학대학의 장을 말한다.\n6. “학위과정”이란 대학의 학칙에 따라 학위를 수여하는 교육과정을 말한다.\n7. “한국어연수과정”이란 대학 또는 한국어연수기관에서 운영하는 한국어 교육과\n정을 말한다.\n8. “공동학위”란 국내․외 대학이 공동으로 운영하는 교육과정을 이수하고 각 대학\n의 학위취득에 필요한 요건을 충족한 자에게 양 대학 공동명의로 학위를 수여하는\n것을 말한다.\n9. “복수학위”란 국내․외 대학에서 각각 또는 공동으로 운영하는 교육과정을 이수\n하고 각 대학의 학위취득에 필요한 요건을 충족한 자에게 양 대학이 각자의 명의로\n학위를 수여하는 것을 말한다.\n- 1 -\n\n[Tables]"", '4. 제24조제2항의 시간제 취업 허용 범위를 위반한 경우\n5. 이외에 정부초청 외국인 장학생 징계위원회(이하 ‘징계위원회’라 한다)에서 경고\n조치가 필요하다고 인정하는 경우\n제19조(장학생 자격상실) 다음 각 호의 어느 하나에 해당하는 경우, 교육원장은 해당 장학\n생을 자격상실 처분한다.\n1. 수학기관으로부터 제적 처분을 받은 경우\n2. 제5조 한국어연수과정 이수 후 수학대학에 진학하지 못한 경우\n- 6 -', '라. 인턴 활동의 경우\n마. 그 밖에 법무부 등 관계 기관이 정한 외국인 유학생 취업 허용 범위 내 활동\n4. 제3호 마목에 따른 활동은 원칙적으로 동 지침 제18조 제2호 성적 경고를 받은 장학생\n에게는 허용하지 아니한다. 다만, 다음 각 목의 요건을 모두 충족하는 경우에는 예외적\n으로 허용할 수 있다.\n가. 성적경고를 1회만 받은 경우\n나. 직전 학기 성적 평점평균(백분위 환산점수)이 학사 및 전문학사 과정 80/100 이\n상, 석사 및 박사 과정 85/100 이상을 충족한 경우\n다. 수학대학장이 학업 지속 가능성을 인정한 경우\n5. 성적경고를 2회 이상 받은 장학생에 대하여는 제4호 단서의 예외를 적용하지 아니한다.\n③학위과정 장학생은 수학대학이 정한 졸업 요건을 충족한 경우 또는 취업 이후에도 수\n학대학의 학적 유지가 가능한 경우 취업할 수 있다.\n④제3항에 따라 취업한 장학생이 학업을 지속하고 수학대학의 학적을 유지하는 경우에는\n장학생 자격을 유지할 수 있으며, 장학금 지급 여부는 학업 이행 여부, 학업 성취도 및\n대학의 의견 등을 종합적으로 고려하여 결정한다.\n⑤교육원장은 정부초청 외국인 장학생(GKS) 사업의 성과 분석 및 동문 네트워크 구축을\n위하여 관련 법령이 허용하는 범위 내에서 졸업생(동문)의 진로, 취업, 거주 국가 등\n현황을 조사할 수 있다.\n⑥교육원장은 제5항에 따른 조사 수행을 위하여 필요한 경우, 관련 법령에 따라 수학대\n학장에게 졸업생(동문) 조사에 필요한 정보 및 현황 자료 등을 요청할 수 있다. 이 경\n우 수학대학장은 특별한 사정이 없는 한 이에 협조하여야 한다.\n제25조(장학생 관리실적 평가) 교육원장은 수학기관에 대하여 장학생 관리실적을 평가하고,\n그 결과를 수학대학 선정 및 장학생 인원 배정 등에 반영할 수 있다.\n부 칙\n이 지침은 2019. 6. 20.부터 시행한다.\n이 지침은 2020. 6. 22.부터 시행하며, 장학 기간 중인 장학생 전체에 적용된다.', ""제3조(적용 대상) 이 지침의 적용 대상은 국립국제교육원(이하 “교육원”이라 한다)이\n관리하는 장학사업으로 다음 각 호에 해당하는 사업에 선발된 장학생을 대상으로 한다.\n1. 정부초청외국인장학생 교류지원 사업\n2. 한일 공동 고등교육 유학생 교류사업(석박사 학위과정)\n제4조(장학 기간) ①장학 기간은 한국어 연수 기간 외에 다음 각호에 따라 학과의 수업\n연한 이내로 한다.\n1. 전문학사과정 : 2-3년\n2. 학사과정 : 4-6년\n3. 석사과정 : 2년\n4. 박사과정 : 3년\n5. 석·박사 통합과정 4년\n②특수한 목적에 의해 운영되는 과정(이하 “특화과정”이라 한다) 중 교육원장이 인\n정하는 편입학의 경우에는 제1항의 장학 기간에서 편입학한 학년 이전 기간은 제외한다.\n③제1항과 제2항의 장학 기간은 연장되지 않으며, 장학 기간에 휴학 기간은 포함하지\n않는다.\n제5조(한국어연수과정) ①장학생은 입학 전에 1년의 한국어연수과정을 이수하고, 한국\n어능력시험(이하 'TOPIK’이라 한다) 3급 이상을 취득하여야 한다. 다만, TOPIK 5급\n이상을 취득한 경우 또는 교육원장이 장학생 선발 시 외국어로 학위과정의 이수가\n가능하다고 인정한 경우에는 한국어연수과정 이수 의무가 면제되며, 수학대학의 학\n사일정에 맞추어 진학할 수 있다.\n②제1항을 충족하지 못한 장학생 중 TOPIK 3급 합격점의 70% 이상을 받은 경우,\n수학대학장이 승인하고 국립국제교육원장(이하 “교육원장”이라 한다)이 인정하면\n수학대학의 학사일정에 맞추어 진학할 수 있다.\n③교육원장은 교육부장관이 국제협력선도대학 육성지원사업에 필요하다고 인정하여\n요청하는 경우 TOPIK 등급 요건을 완화하여 진학을 인정할 수 있다.\n④제1항을 충족하지 못한 장학생 중 한국어 연수기관장의 허가를 받고 교육원장의\n승인을 얻은 경우에는 한국어연수과정 이수 기간을 1회에 한해 6개월 연장할 수 있다.\n- 2 -\n\n[Tables]"", '동아대학교 2026학년도 후기\n학부 외국인 신(편)입학 특별전형\n모집요강\n(한국어 트랙)\n2026\n\n[Tables]\n|  |\n| 동아대학교 2026학년도 후기 학부 외국인 신(편)입학 특별전형 모집요강 (한국어 트랙) 2026 |', '| 프로그램명 | 프로그램내용 |\n| 유학생학습튜터링 | 외국인학부신/편입생과한국인재학생을多:1로매치하여외국인학부학교생 활안내및학업지원 |\n| 유학생전공스터디그룹 | 학부유학생(2~4학년)들의전공학습지원을위한튜터링프로그램 (한국인튜터, 유학생튜티로스터디진행) |\n| 동아동화 | 본교한국인재학생과외국인재학생이모여부산지역거주외국인들을 대상으로지역사회봉사활동기획/운영 |\n| 데일리(Dong-AI Love You) | 외국인유학생대상문화활동기획및홍보를통한내·외국인재학생간국제교 류활동활성화를위한다양한역할을수행할수있는프로그램 |\n| 기타행사 | 유학생체육대회, International Day,한국문화체험, 글로벌리더스클럽(Global Leaders Club)-취업역량강화프로그램, 한국법령교육등 |', '12. 장학금\n가. 신입생 장학금\n1) 외국인 우수신입생 장학금\n구분\n수혜금액 수혜조건\n장학명 자격요건 종류\nA 수업료100% 한국어능력시험(TOPIKPBT, TOPIK iBT) 5급이상소지자\n외국인\nB 수업료60% 한국어능력시험(TOPIKPBT, TOPIK iBT) 4급소지자\n우수신입생\n외국인신(편)입학\n장학금 C 수업료50% 한국어능력시험(TOPIKPBT, TOPIK iBT) 3급소지자\n특별전형합격자\nA,B,C,D,E\nD 수업료40% 동아한국어능력시험(Dong-A TOPIK) 3급이상소지자\n본교입학자격요건을갖춘신(편)입생중,\nE 수업료30%\n외국인우수신입생장학금A,B,C,D에해당되지않는자\n외국인신(편)입학 A 수업료100% 한국어능력시험(TOPIKPBT, TOPIK iBT) 5급이상소지자\nDAU 특별전형합격자중,\n외국인 본교한국어학당을 B 수업료70% 한국어능력시험(TOPIKPBT, TOPIK iBT) 4급소지자\n우수신입생 2개학기이상수료\n장학금 하고최종2개학기 C 수업료60% 한국어능력시험(TOPIKPBT, TOPIK iBT) 3급소지자\nA,B,C,D 출석률이80% 이 본교입학자격요건을갖춘신(편)입생중,\nD 수업료50%\n상인자 DAU 외국인우수신입생장학금A,B,C에해당되지않는자\n※위장학금은입학학기에만적용되며2번째학기부터는재학생장학금기준에따라지급\n※장학금지급기준및지급액은본교장학제도에따라변동될수있음\n2) 외국인 유학생 국가장학금\n구분 수혜기간 수혜금액 수혜조건\n아래학과외국인신입학특별전형합격자중학과추천자\n- 인문과학대학: 역사문화학부, 한국어문학과\n- 자연과학대학: 반도체학과, 바이오메디컬학과\n- 사회과학대학: 미디어커뮤니케이션학과\n- 경영대학: 경영학과, 관광경영학과, 국제무역학과, 경영정보학과\n동아특화분야 - 생명자원과학대학: 식품생명공학과, 스마트그린자원학과\n첫학기\n우수장학금Ⅰ - 공학: 환경에너지공학과-미래에너지공학전공, 전기공학과, 전자공학과,\n기계공학과, 산업경영공학과, 조선해양공학과, 화학공학과, 신소재공학과']","정부초청 외국인 장학생으로 선발되면, 국립국제교육원(교육원)이 관리하는 수학기관에서 학업을 수행하게 됩니다. 수학기관은 장학생이 소속되어 학업 또는 연수를 수행하는 대학 또는 한국어 연수기관을 의미합니다.","장학생은 국립국제교육원이 수행하는 정부초청 외국인 장학사업에 선발된 외국인 유학생으로, 소속된 대학 또는 한국어연수기관에서 학업 또는 연수를 수행하게 됩니다.",1.0,0.5363373786053725,0.9428571428382857,1.0
유학생이 징계를 받을 수 있는 경우는 어떤 것들이 있나요?,"['할 수 있다.\n1. 징계 처분을 하기에 사유가 경미하다고 판단하는 경우\n2. 불가피한 사유 등의 정상 참작의 여지가 있는 경우\n제21조(형사사건 기소 사실 신고 등) ①장학생은 형사사건으로 기소된 경우 이를 즉시\n수학기관에 신고하여야 하며, 교육원장은 신고하지 않은 장학생을 제20조에 따라 징\n계할 수 있다.\n②수학기관장은 장학생의 형사사건 기소 사실을 알게 된 경우 즉시 교육원장에게\n보고하여야 한다.\n③교육원장은 장학생이 형사사건으로 기소된 경우 장학금 지급을 유보할 수 있다.\n④교육원장은 장학생이 유죄 판결을 선고받은 경우 장학생에게 제19조제10호에 따라\n자격상실 처분하거나, 제20조에 따라 징계위원회에 의결을 요구할 수 있다.\n⑤교육원장은 장학생이 유죄 판결을 선고받은 경우 장학금 지급을 중단하고 장학금을 환수\n할 수 있다. 이 경우 장학금 환수 대상 기간, 항목, 금액 등은 징계위원회에서 결정한다.\n제22조(장학금 지급 및 수령) ①장학금 지급 및 수령에 관한 사항은 장학금 지침에 따\n른다.\n②교육원장은 학업성적이 우수한 장학생에게 별도로 장학금을 지급할 수 있다.\n③장학생의 월 중 국내체류기간이 15일 이상인 경우 1개월로 하여 학업장려금 전액을\n지급하고, 15일 미만인 경우 국내체류 일수만큼 일할계산하여 지급한다. 다만, 학위과\n정 장학생은 장학금 지침 제22조제6항의 경우를 제외하고 학기당 일시출국 일수 30\n일을 국내에 체류한 날로 간주한다.\n④제12조의 휴학 기간에는 학업장려금을 지급하지 않는다. 다만, 수학기관장이 장학\n생의 부득이한 국내 체류로 학업장려금 지급이 불가피함을 신청하여 교육원장이\n인정하면 지급할 수 있다.\n⑤외국대학과의 공동학위 등을 운영하는 경우, 외국대학에서 수학하는 기간의 장학\n금은 지급하지 아니한다. 다만 국내 대학에 납부하는 등록금은 지급한다.\n⑥제19조에 따라 장학생 자격이 상실되면 해당 장학생에게 장학금을 지급하지 않는다.\n다만, 본인의 의사에 의하지 않은 중도 포기 등의 사유로 교육원장이 인정하는 경우\n- 8 -', '3. 수학기관이 정한 등록 기간 내에 등록하지 않는 경우\n4. 수학기관이 정한 학기 시작일 이후 정당한 사유 없이 입국하지 않는 경우\n5. 휴학 기간 종료 후 정당한 사유 없이 복학원서를 제출하지 않은 경우\n6. 제12조제3항에 명시된 휴학 기간을 초과한 경우\n7. 외국대학과의 학점 교류 등의 목적으로 출신국 또는 제3국으로 출국한 경우\n다만, 다음 각 목의 어느 하나에 해당하는 경우는 제외한다.\n가. 외국대학과의 공동학위 등을 운영하는 경우\n나. 수학대학의 교육과정에 근거하여 방학 기간 중 운영되는 외국대학 학점 교류의 경우\n8. 제15조 각호의 기준에 따른 일시출국 최대허용기간을 초과한 경우. 다만, 교육원장이\n그 행위에 부득이한 사유가 있다고 인정하는 경우는 예외로 한다.\n9. 제18조에 따른 경고를 3회 이상 받은 경우\n10. 성범죄로 벌금 이상의 형 또는 기소유예 처분을 받거나, 그 외 범죄로 300만원을\n초과하는 벌금형 또는 금고 이상의 형이 확정된 경우\n11. 사망, 정신적․신체적 무능력, 연락두절, 체류기간 종료, 출국 명령 등으로 더 이상\n학업을 수행할 수 없다고 교육원장이 인정하는 경우\n12. 장학을 중도 포기한 경우\n13. 이 외에 징계위원회에서 자격상실 처분의 의결을 받은 경우\n제20조(징계) ①징계는 ‘정부초청외국인 장학생 상벌 규정’에 따라 징계위원회 의결을\n거쳐 장학금 일시정지, 자격상실 처분을 말한다.\n②교육원장은 다음 각호의 어느 하나에 해당하는 경우 징계할 수 있다.\n1. 정치활동을 하거나, 대한민국의 명예와 국익을 실추시킨 경우\n2. 절도, 폭력, 성폭행(성희롱, 성추행 포함), 폭언 등 타인에게 해를 가한 경우\n3. 법령을 위반한 경우\n4. 각종 서류가 허위로 작성되었거나 사실과 다른 것으로 드러난 경우\n5. 교육원에 서약한 사항을 위반한 경우\n6. 이 외에 장학생의 본분에 어긋난 행위를 한 경우\n③교육원장은 다음 각호에 해당하는 경우 징계위원회의 의결을 거쳐 경고 등을 조치\n- 7 -\n\n[Tables]', '사정, 본인의 중대한 질병 등 부득이한 사유가 있는 경우에 한하여 허용한다. 이 경\n우 장학생은 휴학 신청서와 함께 해당 사유를 증빙하는 자료를 제출하여야 한다.\n④휴학은 학기 단위로 신청하여야 하며, 총 휴학 기간은 1년을 초과할 수 없다.\n다만, 수학기관장이 특별한 사유로 인정하는 경우에는 최대 1년의 범위에서 휴학 기\n간을 추가로 연장할 수 있다.\n⑤수학대학장은 장학생의 휴학 처리 결과를 교육원장에게 보고하여야 한다.\n제13조(복학) ①복학하고자 하는 장학생은 휴학 기간 종료 1개월 전까지 수학기관의\n학칙에 따라 복학 신고를 하여야 한다.\n②수학기관장은 장학생의 복학 처리 결과를 매학기 개시일 2주 전까지 교육원장에게\n보고하여야 한다.\n제14조(비상연락망 유지) 장학생은 체류지, 연락처 등 정보가 변경된 즉시 수학기관에\n신고하여야 하며, 수학기관장은 수학대학의 장학생 및 교육원과의 비상 연락 체계를\n상시 유지하여야 한다.\n제15조(일시출국) ①한국어연수과정 장학생의 일시출국은 다음 각호에 한하여 일시출국\n7일 전까지 일시출국신청서 및 증빙서류를 제출하여 한국어 연수기관장의 승인을\n받아야 한다. 다만 가족사망 등의 이유로 출국이 긴급한 경우에는 일시출국일까지\n신청할 수 있다.\n1. 학기 중에는 본국의 긴급 소환, 직계 가족의 긴급한 가정 사정, 본인의 중대한 질병\n등 특별한 사안이 발생한 경우에 한하여 최대 2주까지 일시출국 허용\n2. 한국어 연수기관장이 정한 방학 기간 범위 내에서 최대 4주까지 일시출국 허용\n②학위과정 장학생의 일시출국은 다음 각호에 한하여 일시출국 7일 전까지 일시출국\n신청서를 제출하여 수학대학장의 승인을 받아야 한다. 다만 가족사망 등의 이유로\n출국이 긴급한 경우에는 일시출국일까지 신청할 수 있다.\n1. 학기 중에는 학업에 지장이 없는 범위 내에서 최대 2주까지 일시출국 허용\n2. 수학대학장이 정한 방학 기간 내에서 일시출국 허용\n제16조(재입국 신고) ①일시출국 기간이 종료되어 재입국한 장학생은 7일 이내에 출입국\n- 5 -', '4. 제24조제2항의 시간제 취업 허용 범위를 위반한 경우\n5. 이외에 정부초청 외국인 장학생 징계위원회(이하 ‘징계위원회’라 한다)에서 경고\n조치가 필요하다고 인정하는 경우\n제19조(장학생 자격상실) 다음 각 호의 어느 하나에 해당하는 경우, 교육원장은 해당 장학\n생을 자격상실 처분한다.\n1. 수학기관으로부터 제적 처분을 받은 경우\n2. 제5조 한국어연수과정 이수 후 수학대학에 진학하지 못한 경우\n- 6 -', '라. 인턴 활동의 경우\n마. 그 밖에 법무부 등 관계 기관이 정한 외국인 유학생 취업 허용 범위 내 활동\n4. 제3호 마목에 따른 활동은 원칙적으로 동 지침 제18조 제2호 성적 경고를 받은 장학생\n에게는 허용하지 아니한다. 다만, 다음 각 목의 요건을 모두 충족하는 경우에는 예외적\n으로 허용할 수 있다.\n가. 성적경고를 1회만 받은 경우\n나. 직전 학기 성적 평점평균(백분위 환산점수)이 학사 및 전문학사 과정 80/100 이\n상, 석사 및 박사 과정 85/100 이상을 충족한 경우\n다. 수학대학장이 학업 지속 가능성을 인정한 경우\n5. 성적경고를 2회 이상 받은 장학생에 대하여는 제4호 단서의 예외를 적용하지 아니한다.\n③학위과정 장학생은 수학대학이 정한 졸업 요건을 충족한 경우 또는 취업 이후에도 수\n학대학의 학적 유지가 가능한 경우 취업할 수 있다.\n④제3항에 따라 취업한 장학생이 학업을 지속하고 수학대학의 학적을 유지하는 경우에는\n장학생 자격을 유지할 수 있으며, 장학금 지급 여부는 학업 이행 여부, 학업 성취도 및\n대학의 의견 등을 종합적으로 고려하여 결정한다.\n⑤교육원장은 정부초청 외국인 장학생(GKS) 사업의 성과 분석 및 동문 네트워크 구축을\n위하여 관련 법령이 허용하는 범위 내에서 졸업생(동문)의 진로, 취업, 거주 국가 등\n현황을 조사할 수 있다.\n⑥교육원장은 제5항에 따른 조사 수행을 위하여 필요한 경우, 관련 법령에 따라 수학대\n학장에게 졸업생(동문) 조사에 필요한 정보 및 현황 자료 등을 요청할 수 있다. 이 경\n우 수학대학장은 특별한 사정이 없는 한 이에 협조하여야 한다.\n제25조(장학생 관리실적 평가) 교육원장은 수학기관에 대하여 장학생 관리실적을 평가하고,\n그 결과를 수학대학 선정 및 장학생 인원 배정 등에 반영할 수 있다.\n부 칙\n이 지침은 2019. 6. 20.부터 시행한다.\n이 지침은 2020. 6. 22.부터 시행하며, 장학 기간 중인 장학생 전체에 적용된다.', '증빙서류 1부를 갖추어 수학기관장에게 재입국 신고를 하여야 한다.\n②수학기관장은 매학기 방학 전 일시출국신청서를 수합하여 승인 처리하고, 방학\n종료 후 출입국증빙서류를 확인하여 무단출국 및 출국허용기간 미준수 등 학사지침\n위반자에 대해 교육원장에게 보고하여야 한다.\n제17조(귀국 신고) ①장학 기간이 종료되거나 부득이한 사유로 중도 포기하고 귀국하려는\n장학생은 소속 수학기관에 귀국 신고를 하여야 하며, 수학기관장은 해당 사실을 장학\n기간 종료 또는 귀국 30일 전까지 교육원장에게 보고하여야 한다.\n②학위과정 장학생이 장학 기간 이내에 학위를 취득하지 못하여 학위취득을 목적으로\n한국 내에 체류할 경우, 전문학사․학사․석사 학위과정은 12개월까지, 박사 학위과정은\n24개월까지 귀국 신고를 연기할 수 있으며, 수학대학장은 장학 기간 종료 30일 전까지\n장학생의 귀국 연기 상황을 교육원장에게 보고하여야 한다.\n제18조(경고) 다음 각 호의 어느 하나에 해당하는 경우, 교육원장은 해당 장학생을 경고\n조치한다.\n1. 한국어연수 기간 중 무단결석일이 연속하여 3일 이상이거나 월 누계 5일 이상인 경우\n이 경우 출결의 세부기준(지각, 조퇴, 결석의 환산 기준 등)은 한국어연수기관 내부 규\n정에 따라 적용할 수 있다.\n2. 학기 단위 평점평균(백분위 환산점수)이 기준 점수 미만인 경우(전문학사․학사과정\n70점/100점, 석․박사 과정 80점/100점)\n3. 무단으로 일시출국하거나, 허가 기간 내 입국하지 않는 경우. 다만, 위반 사유가\n부득이하다고 교육원장이 인정하는 경우에는 예외로 할 수 있다.\n4. 제24조제2항의 시간제 취업 허용 범위를 위반한 경우\n5. 이외에 정부초청 외국인 장학생 징계위원회(이하 ‘징계위원회’라 한다)에서 경고\n조치가 필요하다고 인정하는 경우\n제19조(장학생 자격상실) 다음 각 호의 어느 하나에 해당하는 경우, 교육원장은 해당 장학\n생을 자격상실 처분한다.\n1. 수학기관으로부터 제적 처분을 받은 경우', '이 경우 TOPIK 3급 합격점의 70% 이상을 취득한 장학생이어야 한다.\n⑤제4항에 따라 한국어연수과정 이수 기간을 연장한 장학생은 교육원 정부초청 외국인\n장학생 장학금 지급 세부 지침(이하 ‘장학금 지침’이라 한다)에 따른 한국어 연수\n비의 50%를 본인이 부담하여야 한다.\n⑥제4항에 따라 한국어연수과정 기간을 연장받은 장학생은 한국어연수과정 이수 기간\n이내에 TOPIK 3급 이상을 취득하고, 수학대학의 진학 조건을 충족하여야 한다.\n⑦장학생이 한국어연수과정 중에 부득이한 사유가 있으면 미리 한국어연수기관장의\n허가를 받아 결석할 수 있다. 다만, 불가피한 경우에는 사후에 의사진단서 등의 증빙\n서류를 첨부한 결석확인서를 제출할 수 있다.\n제6조(학위과정 입학) ①장학생은 교육원장이 정한 지침에 따라 학위과정에 입학하여야\n한다.\n②수학기관장은 장학생의 학위과정 입학 결과를 교육원장에게 보고하여야 한다.\n제7조(수학대학 변경) 장학생은 교육원장으로부터 입학 대학을 승인받은 이후 수학대학을\n변경할 수 없다.\n제8조(학과 등 변경) ①학위과정으로 입학한 장학생은 승인받은 최종입학학과(부)가 폐\n과되거나 또는 전공 적합성이나 진로 재설계 등의 사유로 학과(부) 변경을 원할 경\n우 수학대학의 학칙에 따라 학과(부)를 변경할 수 있다. 다만, 특화과정에 선발된 장\n학생은 해당 과정의 목적을 달성하는 학과(부) 범위 내에서 변경이 가능하다.\n②학위과정 장학생은 수학대학의 학칙에 따라 다음 각 호와 같이 통합과정으로 변경\n할 수 있으나 장학기간은 연장되지 아니한다. 다만 제17조 및 제22조제7항 적용 시\n에는 수학대학장이 인정한 통합과정의 수업연한을 기준으로 한다.\n1. 학사과정에서 학·석사통합과정\n2. 석사과정에서 석·박사통합과정\n③수학대학장은 장학생의 학위과정, 학과(계열) 변경 처리 결과를 1개월 이내에 교육\n원장에게 보고하여야 한다.\n④한국어연수과정 중인 장학생은 학위과정으로 진학한 후에 제1항 및 제2항에 따른\n- 3 -\n\n[Tables]']","유학생이 징계를 받을 수 있는 경우는 다음과 같습니다:

1. 정치활동을 하거나, 대한민국의 명예와 국익을 실추시킨 경우.
2. 절도, 폭력, 성폭행(성희롱, 성추행 포함), 폭언 등 타인에게 해를 가한 경우.
3. 법령을 위반한 경우.
4. 각종 서류가 허위로 작성되었거나 사실과 다른 것으로 드러난 경우.
5. 교육원에 서약한 사항을 위반한 경우.
6. 장학생의 본분에 어긋난 행위를 한 경우.
7. 한국어연수 기간 중 무단결석일이 연속하여 3일 이상이거나 월 누계 5일 이상인 경우.
8. 학기 단위 평점평균이 기준 점수 미만인 경우.
9. 무단으로 일시출국하거나, 허가 기간 내 입국하지 않는 경우. (단, 위반 사유가 부득이하다고 교육원장이 인정하는 경우는 예외)
10. 성범죄로 벌금 이상의 형 또는 기소유예 처분을 받거나, 그 외 범죄로 300만원을 초과하는 벌금형 또는 금고 이상의 형이 확정된 경우.
11. 경고를 3회 이상 받은 경우.
12. 수학기관이 정한 등록 기간 내에 등록하지 않는 경우.
13. 수학기관이 정한 학기 시작일 이후 정당한 사유 없이 입국하지 않는 경우.
14. 휴학 기간 종료 후 정당한 사유 없이 복학원서를 제출하지 않은 경우.
15. 제12조제3항에 명시된 휴학 기간을 초과한 경우.
16. 외국대학과의 학점 교류 등의 목적으로 출신국 또는 제3국으로 출국한 경우 (단, 특정 조건에 해당하는 경우는 제외).
17. 장학금을 중도 포기한 경우.
18. 이 외에 징계위원회에서 자격상실 처분의 의결을 받은 경우.

이와 같은 사유에 해당하는 경우, 유학생은 징계를 받을 수 있습니다.","유학생이 징계를 받을 수 있는 경우는 정치활동을 하거나 대한민국의 명예와 국익을 실추시킨 경우, 절도, 폭력, 성폭행(성희롱, 성추행 포함), 폭언 등 타인에게 해를 가한 경우, 법령을 위반한 경우, 각종 서류가 허위로 작성되었거나 사실과 다른 것으로 드러난 경우, 교육원에 서약한 사항을 위반한 경우, 그리고 장학생의 본분에 어긋난 행위를 한 경우입니다.",1.0,0.37351728034502124,0.8766666666491334,1.0
유학생이 제출해야 하는 필수 서류는 무엇인가요?,"['6. 제출 서류\n가. 필수 제출 서류\n구분\n순번 제출서류 비고\n신입 편입\n- 온라인접수후출력\n1 입학지원서 ● ●\n(applydonga.accomsystem.co.kr)\n● ●\n2 자기소개서 (양식1)\n3 학력조회동의서 ● ● (양식2)\n- ‘유의사항마.’ 참조\n4 고등학교졸업(예정)증명서 ● ●\n- 아포스티유혹은한국영사확인\n- 유의사항바.’ 참조\n5 고등학교성적증명서 ● ● - 고등학교전학년성적기재\n- 아포스티유혹은한국영사확인\n- ‘유의사항마.’ 참조\n전적대학졸업(예정)증명서 또는 - 아포스티유혹은한국영사확인\n6 ●\n재학증명서 - 편입지원자중학사과정재학생은재학증명서,\n전문학사졸업(예정)생은졸업(예정)증명서제출\n- 유의사항바.’ 참조\n7 전적대학성적증명서 ● - 대학교전과정성적기재\n- 아포스티유혹은한국영사확인\n8 부모·학생관계증명서 ● ● - 유의사항사.’ 참조\n- 국적확인가능한신분증제출\n9 본인및부모의신분증사본 ● ●\n(여권혹은본국신분증)\n10 재정능력입증서류(은행잔고증명서) ● ● - ‘유의사항아.’ 참조\n재정보증확인서 ● ● (양식3)\n재정능력입증서류의\n11 재정보증인수입증명서 ● ●\n주체가본인이아닐시\n재직증명서 ● ●\n- 유효기간내성적만접수가능\n12 어학능력입증서류 ● ●\n(접수마감일기준2년이내취득)\n13 여권사본 ● ●\n※ 양식별첨\n※ 원서접수기간내필수제출서류를전체스캔하여원서접수사이트에업로드\n※ 업로드시, 항목당파일한개로통합하여제출(PDF, JPG, PNG파일형식)\n※제출서류중[한국어또는영어]외의다른언어로된서류는한국어또는영어로번역공증을받아제출\n- 9 -', '[Tables]\n|  |\n| 6. 제출 서류 가. 필수 제출 서류 구분 순번 제출서류 비고 신입 편입 - 온라인접수후출력 1 입학지원서 ● ● (applydonga.accomsystem.co.kr) ● ● 2 자기소개서 (양식1) 3 학력조회동의서 ● ● (양식2) - ‘유의사항마.’ 참조 4 고등학교졸업(예정)증명서 ● ● - 아포스티유혹은한국영사확인 - 유의사항바.’ 참조 5 고등학교성적증명서 ● ● - 고등학교전학년성적기재 - 아포스티유혹은한국영사확인 - ‘유의사항마.’ 참조 전적대학졸업(예정)증명서 또는 - 아포스티유혹은한국영사확인 6 ● 재학증명서 - 편입지원자중학사과정재학생은재학증명서, 전문학사졸업(예정)생은졸업(예정)증명서제출 - 유의사항바.’ 참조 7 전적대학성적증명서 ● - 대학교전과정성적기재 - 아포스티유혹은한국영사확인 8 부모·학생관계증명서 ● ● - 유의사항사.’ 참조 - 국적확인가능한신분증제출 9 본인및부모의신분증사본 ● ● (여권혹은본국신분증) 10 재정능력입증서류(은행잔고증명서) ● ● - ‘유의사항아.’ 참조 재정보증확인서 ● ● (양식3) 재정능력입증서류의 11 재정보증인수입증명서 ● ● 주체가본인이아닐시 재직증명서 ● ● - 유효기간내성적만접수가능 12 어학능력입증서류 ● ● (접수마감일기준2년이내취득) 13 여권사본 ● ● ※ 양식별첨 ※ 원서접수기간내필수제출서류를전체스캔하여원서접수사이트에업로드 ※ 업로드시, 항목당파일한개로통합하여제출(PDF, JPG, PNG파일형식) ※제출서류중[한국어또는영어]외의다른언어로된서류는한국어또는영어로번역공증을받아제출 - 9 - |\n| 순번 | 제출서류 |  | 구분 |  | 비고 |\n|  |  |  | 신입 | 편입 |  |\n| 1 | 입학지원서 |  | ● | ● | - 온라인접수후출력 (applydonga.accomsystem.co.kr) |\n| 2 | 자기소개서 |  | ● | ● | (양식1) |\n| 3 | 학력조회동의서 |  | ● | ● | (양식2) |', '[필독] 지원자 유의사항\n1. 지원서 작성시 영문 성명, 생년월일은 반드시 여권과 일치하게\n작성 (성, 이름 순서)\n예시 이름: Hong Gilsoon\n2. 지원서 제출 후 지원 학과 및 전공 변경 불가\n3. 제출한 모든 서류는 원칙적으로 반환하지 않으며, 지원 시 서류 반환\n불가에 동의함으로 간주함. 원본 재발급이 불가능한 서류의 경우,\n정부공인 공증 기관 등을 통한 공증 원본을 제출\n4. 비자 발급을 위해 대사관에서 요청하는 은행잔고증명서 및\n필요서류는 별도로 준비해야함\n5. 원서접수 마감 기간 이후 제출 서류가 미비할 경우 서류 탈락 처리됨.\n문서 미첨부 등의 사고는 지원자 본인에게 책임이 있음\n6. 인터넷 원서 접수 시 연락 가능한 연락처 등 개인정보를 정확하게\n입력해야 하며, 전형에 관한 모든 공지는 본교 국제교류과 홈페이지를\n통해 공지함.\n7. 본 모집요강(지원자 유의 사항)을 반드시 숙지하고 지원해야함\n\n[Tables]\n|  |\n| [필독] 지원자 유의사항 1. 지원서 작성시 영문 성명, 생년월일은 반드시 여권과 일치하게 작성 (성, 이름 순서) 예시 이름: Hong Gilsoon 2. 지원서 제출 후 지원 학과 및 전공 변경 불가 3. 제출한 모든 서류는 원칙적으로 반환하지 않으며, 지원 시 서류 반환 불가에 동의함으로 간주함. 원본 재발급이 불가능한 서류의 경우, 정부공인 공증 기관 등을 통한 공증 원본을 제출 4. 비자 발급을 위해 대사관에서 요청하는 은행잔고증명서 및 필요서류는 별도로 준비해야함 5. 원서접수 마감 기간 이후 제출 서류가 미비할 경우 서류 탈락 처리됨. 문서 미첨부 등의 사고는 지원자 본인에게 책임이 있음 6. 인터넷 원서 접수 시 연락 가능한 연락처 등 개인정보를 정확하게 입력해야 하며, 전형에 관한 모든 공지는 본교 국제교류과 홈페이지를 통해 공지함. 7. 본 모집요강(지원자 유의 사항)을 반드시 숙지하고 지원해야함 |', '| 순번 | 제출서류 |  | 구분 |  | 비고 |\n|  |  |  | 신입 | 편입 |  |\n| 1 | 입학지원서 |  | ● | ● | - 온라인접수후출력 (applydonga.accomsystem.co.kr) |\n| 2 | 자기소개서 |  | ● | ● | (양식1) |\n| 3 | 학력조회동의서 |  | ● | ● | (양식2) |\n| 4 | 고등학교졸업(예정)증명서 |  | ● | ● | - ‘유의사항마.’ 참조 - 아포스티유혹은한국영사확인 |\n| 5 | 고등학교성적증명서 |  | ● | ● | - 유의사항바.’ 참조 - 고등학교전학년성적기재 - 아포스티유혹은한국영사확인 |\n| 6 | 전적대학졸업(예정)증명서 또는 재학증명서 |  |  | ● | - ‘유의사항마.’ 참조 - 아포스티유혹은한국영사확인 - 편입지원자중학사과정재학생은재학증명서, 전문학사졸업(예정)생은졸업(예정)증명서제출 |\n| 7 | 전적대학성적증명서 |  |  | ● | - 유의사항바.’ 참조 - 대학교전과정성적기재 - 아포스티유혹은한국영사확인 |\n| 8 | 부모·학생관계증명서 |  | ● | ● | - 유의사항사.’ 참조 |\n| 9 | 본인및부모의신분증사본 |  | ● | ● | - 국적확인가능한신분증제출 (여권혹은본국신분증) |\n| 10 | 재정능력입증서류(은행잔고증명서) |  | ● | ● | - ‘유의사항아.’ 참조 |\n| 11 | 재정능력입증서류의 주체가본인이아닐시 | 재정보증확인서 | ● | ● | (양식3) |\n|  |  | 재정보증인수입증명서 | ● | ● |  |\n|  |  | 재직증명서 | ● | ● |  |\n| 12 | 어학능력입증서류 |  | ● | ● | - 유효기간내성적만접수가능 (접수마감일기준2년이내취득) |\n| 13 | 여권사본 |  | ● | ● |  |', '학과(부) 변경 등의 절차를 거칠 수 있다.\n제9조(등록) ①장학생은 수학기관이 정한 등록기간 내에 등록하여야 한다.\n②수학기관장은 장학생이 매학기 등록 기한까지 등록을 아니한 경우 교육원장에게\n보고하여야 한다.\n제10조(수학 의무) 장학생은 수학기관의 학칙, 규정 등에 따라 성실히 수강하여야 한다.\n제11조(수학 상황 보고) ①수학기관장은 장학생의 수학 상황을 매학기 종료 후에 다음\n각호와 같이 교육원장에게 보고하여야 한다.\n1. 한국어연수과정 : 성적 및 수료 상황\n2. 학위과정 : 성적, 수료 및 학위 취득 상황\n②특화과정으로 교육원장이 인정하는 외국대학과의 공동학위 및 복수학위(이하 “공동\n학위 등”이라 한다)를 운영하는 수학대학장은 다음 각 호의 사항을 교육원장에게 보고\n하여야 한다.\n1. 매학기 종료 후에 성적, 수료 및 학위 취득 상황. 다만 외국대학에서 공동학위 등\n을 수학하는 기간의 성적은 제외\n2. 학기 개시 1개월 전에 공동학위 등을 운영하는 외국대학의 명칭, 외국대학 체류 학기\n및 체류 기간\n3. 공동학위 등 이수를 위한 출입국일. 출국일은 7일 전까지, 입국일은 7일 이내 보고\n③학위과정 장학생은 최종 수학 완료 시 수학종료보고서 등의 서류를 교육원장에게\n제출하여야 한다.\n제12조(휴학 등) ①한국어연수과정 장학생은 휴학할 수 없으며, 다만 본국의 긴급 소환,\n긴급한 가정 사정, 본인의 중대한 질병 등 부득이한 경우에 한하여 한국어 연수기관의\n규정에 따라 휴학 등을 신청하고 교육원장의 승인을 받아야 한다.\n②학기 시작 전 휴학하고자 하는 학위과정 장학생은 수학대학의 규정에 따라 휴학을\n신청하고 수학대학장의 승인을 받아야 한다.\n③학기 중간에 휴학하고자 하는 학위과정 장학생은 본국의 긴급 소환, 긴급한 가정\n- 4 -\n\n[Tables]', '13. 기타 사항\n나. 유학생 보험\n- 유학기간 중, 예상치 못한 질병, 상해, 사망 등 불의의 사고에 대비하여 유학생 전원 의무가입\n- 2021년3월부터 외국인 유학생 국민건강보험 당연 가입(약 월 60,000원)\n다. 유학생 지원 프로그램\n프로그램명 프로그램내용\n외국인학부신/편입생과한국인재학생을多:1로매치하여외국인학부학교생\n유학생학습튜터링\n활안내및학업지원\n학부유학생(2~4학년)들의전공학습지원을위한튜터링프로그램\n유학생전공스터디그룹\n(한국인튜터, 유학생튜티로스터디진행)\n본교한국인재학생과외국인재학생이모여부산지역거주외국인들을\n동아동화\n대상으로지역사회봉사활동기획/운영\n외국인유학생대상문화활동기획및홍보를통한내·외국인재학생간국제교\n데일리(Dong-AI Love You)\n류활동활성화를위한다양한역할을수행할수있는프로그램\n유학생체육대회, International Day,한국문화체험, 글로벌리더스클럽(Global\n기타행사\nLeaders Club)-취업역량강화프로그램, 한국법령교육등\n라. 합격자 표준입학허가서 발급 및 비자 안내: 합격자에 한하여 별도 안내\n마. 신입생 오리엔테이션: 일정 추후 안내 예정이며 전원 참석 필수\n14. 문의\n가. 국제교류과 (입학 문의)\n-주소:부산광역시서구구덕로225동아대학교부민캠퍼스,B03-0202국제교류과\n-전화:+82-51-200-6444\n-이메일:contact@donga.ac.kr\n-홈페이지:(국문)https://global.donga.ac.kr// (영문)https://global.donga.ac.kr/dongaoia/\n-문의가능시간:월~금요일,09:00~17:00(12:00~13:00제외)\n나. 각 학과 사무실 (학사·전공 문의)\n-각학과홈페이지참조\n-https://about.donga.ac.kr/about/Main.do\n- 18 -', '[Tables]\n|  |\n| 13. 기타 사항 나. 유학생 보험 - 유학기간 중, 예상치 못한 질병, 상해, 사망 등 불의의 사고에 대비하여 유학생 전원 의무가입 - 2021년3월부터 외국인 유학생 국민건강보험 당연 가입(약 월 60,000원) 다. 유학생 지원 프로그램 프로그램명 프로그램내용 외국인학부신/편입생과한국인재학생을多:1로매치하여외국인학부학교생 유학생학습튜터링 활안내및학업지원 학부유학생(2~4학년)들의전공학습지원을위한튜터링프로그램 유학생전공스터디그룹 (한국인튜터, 유학생튜티로스터디진행) 본교한국인재학생과외국인재학생이모여부산지역거주외국인들을 동아동화 대상으로지역사회봉사활동기획/운영 외국인유학생대상문화활동기획및홍보를통한내·외국인재학생간국제교 데일리(Dong-AI Love You) 류활동활성화를위한다양한역할을수행할수있는프로그램 유학생체육대회, International Day,한국문화체험, 글로벌리더스클럽(Global 기타행사 Leaders Club)-취업역량강화프로그램, 한국법령교육등 라. 합격자 표준입학허가서 발급 및 비자 안내: 합격자에 한하여 별도 안내 마. 신입생 오리엔테이션: 일정 추후 안내 예정이며 전원 참석 필수 14. 문의 가. 국제교류과 (입학 문의) -주소:부산광역시서구구덕로225동아대학교부민캠퍼스,B03-0202국제교류과 -전화:+82-51-200-6444 -이메일:contact@donga.ac.kr -홈페이지:(국문)https://global.donga.ac.kr// (영문)https://global.donga.ac.kr/dongaoia/ -문의가능시간:월~금요일,09:00~17:00(12:00~13:00제외) 나. 각 학과 사무실 (학사·전공 문의) -각학과홈페이지참조 -https://about.donga.ac.kr/about/Main.do - 18 - |\n| 프로그램명 | 프로그램내용 |\n| 유학생학습튜터링 | 외국인학부신/편입생과한국인재학생을多:1로매치하여외국인학부학교생 활안내및학업지원 |']","유학생이 제출해야 하는 필수 서류는 다음과 같습니다:

1. 입학지원서
2. 자기소개서 (양식1)
3. 학력조회동의서 (양식2)
4. 고등학교졸업(예정)증명서
5. 고등학교성적증명서
6. 전적대학졸업(예정)증명서 또는 재학증명서 (편입지원자에 해당)
7. 전적대학성적증명서
8. 부모·학생관계증명서
9. 본인 및 부모의 신분증 사본 (여권 혹은 본국 신분증)
10. 재정능력 입증 서류 (은행잔고증명서)
11. 재정보증 확인서 (양식3)
12. 재정보증인 수입증명서
13. 재직증명서
14. 어학능력 입증 서류
15. 여권 사본

이 서류들은 원서접수 기간 내에 전체 스캔하여 원서접수 사이트에 업로드해야 하며, 제출 서류 중 한국어 또는 영어 외의 다른 언어로 된 서류는 한국어 또는 영어로 번역 공증을 받아 제출해야 합니다.","유학생이 제출해야 하는 필수 서류는 다음과 같습니다: 1) 온라인 지원서, 2) 교육조회 동의서, 3) 고등학교 졸업증명서(아포스티유 또는 한국 영사관 인증 필요), 4) 고등학교 공식 성적증명서(아포스티유 또는 한국 영사관 인증 필요), 5) 부모와의 관계 증명서, 6) 부모와 지원자의 신분증 사본, 7) 은행 잔고 증명서.",1.0,0.5340219872343237,0.999999999975,1.0
유학생이 받을 수 있는 장학금 종류는 무엇이 있나요?,"['할 수 있다.\n1. 징계 처분을 하기에 사유가 경미하다고 판단하는 경우\n2. 불가피한 사유 등의 정상 참작의 여지가 있는 경우\n제21조(형사사건 기소 사실 신고 등) ①장학생은 형사사건으로 기소된 경우 이를 즉시\n수학기관에 신고하여야 하며, 교육원장은 신고하지 않은 장학생을 제20조에 따라 징\n계할 수 있다.\n②수학기관장은 장학생의 형사사건 기소 사실을 알게 된 경우 즉시 교육원장에게\n보고하여야 한다.\n③교육원장은 장학생이 형사사건으로 기소된 경우 장학금 지급을 유보할 수 있다.\n④교육원장은 장학생이 유죄 판결을 선고받은 경우 장학생에게 제19조제10호에 따라\n자격상실 처분하거나, 제20조에 따라 징계위원회에 의결을 요구할 수 있다.\n⑤교육원장은 장학생이 유죄 판결을 선고받은 경우 장학금 지급을 중단하고 장학금을 환수\n할 수 있다. 이 경우 장학금 환수 대상 기간, 항목, 금액 등은 징계위원회에서 결정한다.\n제22조(장학금 지급 및 수령) ①장학금 지급 및 수령에 관한 사항은 장학금 지침에 따\n른다.\n②교육원장은 학업성적이 우수한 장학생에게 별도로 장학금을 지급할 수 있다.\n③장학생의 월 중 국내체류기간이 15일 이상인 경우 1개월로 하여 학업장려금 전액을\n지급하고, 15일 미만인 경우 국내체류 일수만큼 일할계산하여 지급한다. 다만, 학위과\n정 장학생은 장학금 지침 제22조제6항의 경우를 제외하고 학기당 일시출국 일수 30\n일을 국내에 체류한 날로 간주한다.\n④제12조의 휴학 기간에는 학업장려금을 지급하지 않는다. 다만, 수학기관장이 장학\n생의 부득이한 국내 체류로 학업장려금 지급이 불가피함을 신청하여 교육원장이\n인정하면 지급할 수 있다.\n⑤외국대학과의 공동학위 등을 운영하는 경우, 외국대학에서 수학하는 기간의 장학\n금은 지급하지 아니한다. 다만 국내 대학에 납부하는 등록금은 지급한다.\n⑥제19조에 따라 장학생 자격이 상실되면 해당 장학생에게 장학금을 지급하지 않는다.\n다만, 본인의 의사에 의하지 않은 중도 포기 등의 사유로 교육원장이 인정하는 경우\n- 8 -', '12. 장학금\n가. 신입생 장학금\n1) 외국인 우수신입생 장학금\n구분\n수혜금액 수혜조건\n장학명 자격요건 종류\nA 수업료100% 한국어능력시험(TOPIKPBT, TOPIK iBT) 5급이상소지자\n외국인\nB 수업료60% 한국어능력시험(TOPIKPBT, TOPIK iBT) 4급소지자\n우수신입생\n외국인신(편)입학\n장학금 C 수업료50% 한국어능력시험(TOPIKPBT, TOPIK iBT) 3급소지자\n특별전형합격자\nA,B,C,D,E\nD 수업료40% 동아한국어능력시험(Dong-A TOPIK) 3급이상소지자\n본교입학자격요건을갖춘신(편)입생중,\nE 수업료30%\n외국인우수신입생장학금A,B,C,D에해당되지않는자\n외국인신(편)입학 A 수업료100% 한국어능력시험(TOPIKPBT, TOPIK iBT) 5급이상소지자\nDAU 특별전형합격자중,\n외국인 본교한국어학당을 B 수업료70% 한국어능력시험(TOPIKPBT, TOPIK iBT) 4급소지자\n우수신입생 2개학기이상수료\n장학금 하고최종2개학기 C 수업료60% 한국어능력시험(TOPIKPBT, TOPIK iBT) 3급소지자\nA,B,C,D 출석률이80% 이 본교입학자격요건을갖춘신(편)입생중,\nD 수업료50%\n상인자 DAU 외국인우수신입생장학금A,B,C에해당되지않는자\n※위장학금은입학학기에만적용되며2번째학기부터는재학생장학금기준에따라지급\n※장학금지급기준및지급액은본교장학제도에따라변동될수있음\n2) 외국인 유학생 국가장학금\n구분 수혜기간 수혜금액 수혜조건\n아래학과외국인신입학특별전형합격자중학과추천자\n- 인문과학대학: 역사문화학부, 한국어문학과\n- 자연과학대학: 반도체학과, 바이오메디컬학과\n- 사회과학대학: 미디어커뮤니케이션학과\n- 경영대학: 경영학과, 관광경영학과, 국제무역학과, 경영정보학과\n동아특화분야 - 생명자원과학대학: 식품생명공학과, 스마트그린자원학과\n첫학기\n우수장학금Ⅰ - 공학: 환경에너지공학과-미래에너지공학전공, 전기공학과, 전자공학과,\n기계공학과, 산업경영공학과, 조선해양공학과, 화학공학과, 신소재공학과', '| 12. 장학금 가. 신입생 장학금 1) 외국인 우수신입생 장학금 구분 수혜금액 수혜조건 장학명 자격요건 종류 A 수업료100% 한국어능력시험(TOPIKPBT, TOPIK iBT) 5급이상소지자 외국인 B 수업료60% 한국어능력시험(TOPIKPBT, TOPIK iBT) 4급소지자 우수신입생 외국인신(편)입학 장학금 C 수업료50% 한국어능력시험(TOPIKPBT, TOPIK iBT) 3급소지자 특별전형합격자 A,B,C,D,E D 수업료40% 동아한국어능력시험(Dong-A TOPIK) 3급이상소지자 본교입학자격요건을갖춘신(편)입생중, E 수업료30% 외국인우수신입생장학금A,B,C,D에해당되지않는자 외국인신(편)입학 A 수업료100% 한국어능력시험(TOPIKPBT, TOPIK iBT) 5급이상소지자 DAU 특별전형합격자중, 외국인 본교한국어학당을 B 수업료70% 한국어능력시험(TOPIKPBT, TOPIK iBT) 4급소지자 우수신입생 2개학기이상수료 장학금 하고최종2개학기 C 수업료60% 한국어능력시험(TOPIKPBT, TOPIK iBT) 3급소지자 A,B,C,D 출석률이80% 이 본교입학자격요건을갖춘신(편)입생중, D 수업료50% 상인자 DAU 외국인우수신입생장학금A,B,C에해당되지않는자 ※위장학금은입학학기에만적용되며2번째학기부터는재학생장학금기준에따라지급 ※장학금지급기준및지급액은본교장학제도에따라변동될수있음 2) 외국인 유학생 국가장학금 구분 수혜기간 수혜금액 수혜조건 아래학과외국인신입학특별전형합격자중학과추천자 - 인문과학대학: 역사문화학부, 한국어문학과 - 자연과학대학: 반도체학과, 바이오메디컬학과 - 사회과학대학: 미디어커뮤니케이션학과 - 경영대학: 경영학과, 관광경영학과, 국제무역학과, 경영정보학과 동아특화분야 - 생명자원과학대학: 식품생명공학과, 스마트그린자원학과 첫학기 우수장학금Ⅰ - 공학: 환경에너지공학과-미래에너지공학전공, 전기공학과, 전자공학과, 기계공학과, 산업경영공학과, 조선해양공학과, 화학공학과, 신소재공학과 수업료전액 - 디자인환경대학:', '나. 재학생 장학금\n구분\n수혜금액 수혜조건\n장학명 자격요건 종류\nA 수업료100% 직전학기성적순위가10% 미만\n외국인유학생\n외국인\n특별전형으로 B 수업료70% 직전학기성적순위가40% 미만\n성적우수\n입학한자\n장학금\n(융합경영학과 C 수업료40% 직전학기성적순위가60% 미만\nA,B,C,D\n학생제외)\nD 수업료20% 직전학기성적순위가80% 미만\n근로장학금 교내행정업무지원 월평균500,000원 국제교류과선발기준에따름\nTOPIKⅡ(중급) 응시표제출자(응시료의경우횟수제한없음)\n- TOPIK PBT 응시료55,000원중35,000원 지원\n시험응시료의일부\n- TOPIKiBT응시료95,000원중45,000원 지원\n- TOPIK말하기평가응시료80,000원 중40,000원 지원\nTOPIK\nTOPIK 성적표제출자 500,000원 TOPIK(PBT, iBT) 3급제출자\n장학금\n700,000원 TOPIK(PBT, iBT) 4급제출자\n500,000원 TOPIK(PBT, iBT) 5급제출자\n500,000원 TOPIK(PBT, iBT) 6급제출자\n※장학금지급기준및지급액은본교장학제도에따라변동될수있음\n※성적우수장학금의경우동점자발생시학과기준에따라장학이결정됨\n13. 기타 사항\n가. 기숙사\n구분 시설 가격 위치\n가. 기본시설\n한학기(방학제외)\n: 침대, 책상, 옷장, 신발장, 수납장등\n한림생활관 승학1관(여자기숙사): 939,000원 승학\n나. 그외시설\n승학2관(남자기숙사): 1,070,000원\n: 카페테리아, 휴게실, 세탁실등\n※ 상기금액은2026년기숙사비기준이며, 2027년기숙사비책정시변동될수있음\n※ 기숙사홈페이지: http://hanlim.donga.ac.kr\n※ 기숙사신청방법: 합격자대상으로추후공지\n- 17 -', '사정, 본인의 중대한 질병 등 부득이한 사유가 있는 경우에 한하여 허용한다. 이 경\n우 장학생은 휴학 신청서와 함께 해당 사유를 증빙하는 자료를 제출하여야 한다.\n④휴학은 학기 단위로 신청하여야 하며, 총 휴학 기간은 1년을 초과할 수 없다.\n다만, 수학기관장이 특별한 사유로 인정하는 경우에는 최대 1년의 범위에서 휴학 기\n간을 추가로 연장할 수 있다.\n⑤수학대학장은 장학생의 휴학 처리 결과를 교육원장에게 보고하여야 한다.\n제13조(복학) ①복학하고자 하는 장학생은 휴학 기간 종료 1개월 전까지 수학기관의\n학칙에 따라 복학 신고를 하여야 한다.\n②수학기관장은 장학생의 복학 처리 결과를 매학기 개시일 2주 전까지 교육원장에게\n보고하여야 한다.\n제14조(비상연락망 유지) 장학생은 체류지, 연락처 등 정보가 변경된 즉시 수학기관에\n신고하여야 하며, 수학기관장은 수학대학의 장학생 및 교육원과의 비상 연락 체계를\n상시 유지하여야 한다.\n제15조(일시출국) ①한국어연수과정 장학생의 일시출국은 다음 각호에 한하여 일시출국\n7일 전까지 일시출국신청서 및 증빙서류를 제출하여 한국어 연수기관장의 승인을\n받아야 한다. 다만 가족사망 등의 이유로 출국이 긴급한 경우에는 일시출국일까지\n신청할 수 있다.\n1. 학기 중에는 본국의 긴급 소환, 직계 가족의 긴급한 가정 사정, 본인의 중대한 질병\n등 특별한 사안이 발생한 경우에 한하여 최대 2주까지 일시출국 허용\n2. 한국어 연수기관장이 정한 방학 기간 범위 내에서 최대 4주까지 일시출국 허용\n②학위과정 장학생의 일시출국은 다음 각호에 한하여 일시출국 7일 전까지 일시출국\n신청서를 제출하여 수학대학장의 승인을 받아야 한다. 다만 가족사망 등의 이유로\n출국이 긴급한 경우에는 일시출국일까지 신청할 수 있다.\n1. 학기 중에는 학업에 지장이 없는 범위 내에서 최대 2주까지 일시출국 허용\n2. 수학대학장이 정한 방학 기간 내에서 일시출국 허용\n제16조(재입국 신고) ①일시출국 기간이 종료되어 재입국한 장학생은 7일 이내에 출입국\n- 5 -', '라. 인턴 활동의 경우\n마. 그 밖에 법무부 등 관계 기관이 정한 외국인 유학생 취업 허용 범위 내 활동\n4. 제3호 마목에 따른 활동은 원칙적으로 동 지침 제18조 제2호 성적 경고를 받은 장학생\n에게는 허용하지 아니한다. 다만, 다음 각 목의 요건을 모두 충족하는 경우에는 예외적\n으로 허용할 수 있다.\n가. 성적경고를 1회만 받은 경우\n나. 직전 학기 성적 평점평균(백분위 환산점수)이 학사 및 전문학사 과정 80/100 이\n상, 석사 및 박사 과정 85/100 이상을 충족한 경우\n다. 수학대학장이 학업 지속 가능성을 인정한 경우\n5. 성적경고를 2회 이상 받은 장학생에 대하여는 제4호 단서의 예외를 적용하지 아니한다.\n③학위과정 장학생은 수학대학이 정한 졸업 요건을 충족한 경우 또는 취업 이후에도 수\n학대학의 학적 유지가 가능한 경우 취업할 수 있다.\n④제3항에 따라 취업한 장학생이 학업을 지속하고 수학대학의 학적을 유지하는 경우에는\n장학생 자격을 유지할 수 있으며, 장학금 지급 여부는 학업 이행 여부, 학업 성취도 및\n대학의 의견 등을 종합적으로 고려하여 결정한다.\n⑤교육원장은 정부초청 외국인 장학생(GKS) 사업의 성과 분석 및 동문 네트워크 구축을\n위하여 관련 법령이 허용하는 범위 내에서 졸업생(동문)의 진로, 취업, 거주 국가 등\n현황을 조사할 수 있다.\n⑥교육원장은 제5항에 따른 조사 수행을 위하여 필요한 경우, 관련 법령에 따라 수학대\n학장에게 졸업생(동문) 조사에 필요한 정보 및 현황 자료 등을 요청할 수 있다. 이 경\n우 수학대학장은 특별한 사정이 없는 한 이에 협조하여야 한다.\n제25조(장학생 관리실적 평가) 교육원장은 수학기관에 대하여 장학생 관리실적을 평가하고,\n그 결과를 수학대학 선정 및 장학생 인원 배정 등에 반영할 수 있다.\n부 칙\n이 지침은 2019. 6. 20.부터 시행한다.\n이 지침은 2020. 6. 22.부터 시행하며, 장학 기간 중인 장학생 전체에 적용된다.', '이 경우 TOPIK 3급 합격점의 70% 이상을 취득한 장학생이어야 한다.\n⑤제4항에 따라 한국어연수과정 이수 기간을 연장한 장학생은 교육원 정부초청 외국인\n장학생 장학금 지급 세부 지침(이하 ‘장학금 지침’이라 한다)에 따른 한국어 연수\n비의 50%를 본인이 부담하여야 한다.\n⑥제4항에 따라 한국어연수과정 기간을 연장받은 장학생은 한국어연수과정 이수 기간\n이내에 TOPIK 3급 이상을 취득하고, 수학대학의 진학 조건을 충족하여야 한다.\n⑦장학생이 한국어연수과정 중에 부득이한 사유가 있으면 미리 한국어연수기관장의\n허가를 받아 결석할 수 있다. 다만, 불가피한 경우에는 사후에 의사진단서 등의 증빙\n서류를 첨부한 결석확인서를 제출할 수 있다.\n제6조(학위과정 입학) ①장학생은 교육원장이 정한 지침에 따라 학위과정에 입학하여야\n한다.\n②수학기관장은 장학생의 학위과정 입학 결과를 교육원장에게 보고하여야 한다.\n제7조(수학대학 변경) 장학생은 교육원장으로부터 입학 대학을 승인받은 이후 수학대학을\n변경할 수 없다.\n제8조(학과 등 변경) ①학위과정으로 입학한 장학생은 승인받은 최종입학학과(부)가 폐\n과되거나 또는 전공 적합성이나 진로 재설계 등의 사유로 학과(부) 변경을 원할 경\n우 수학대학의 학칙에 따라 학과(부)를 변경할 수 있다. 다만, 특화과정에 선발된 장\n학생은 해당 과정의 목적을 달성하는 학과(부) 범위 내에서 변경이 가능하다.\n②학위과정 장학생은 수학대학의 학칙에 따라 다음 각 호와 같이 통합과정으로 변경\n할 수 있으나 장학기간은 연장되지 아니한다. 다만 제17조 및 제22조제7항 적용 시\n에는 수학대학장이 인정한 통합과정의 수업연한을 기준으로 한다.\n1. 학사과정에서 학·석사통합과정\n2. 석사과정에서 석·박사통합과정\n③수학대학장은 장학생의 학위과정, 학과(계열) 변경 처리 결과를 1개월 이내에 교육\n원장에게 보고하여야 한다.\n④한국어연수과정 중인 장학생은 학위과정으로 진학한 후에 제1항 및 제2항에 따른\n- 3 -\n\n[Tables]']","유학생이 받을 수 있는 장학금 종류는 다음과 같습니다:

1. **외국인 우수신입생 장학금**:
   - **A**: 수업료 100% - 한국어능력시험(TOPIK PBT, iBT) 5급 이상 소지자
   - **B**: 수업료 60% - 한국어능력시험(TOPIK PBT, iBT) 4급 소지자
   - **C**: 수업료 50% - 한국어능력시험(TOPIK PBT, iBT) 3급 소지자
   - **D**: 수업료 40% - 동아한국어능력시험(Dong-A TOPIK) 3급 이상 소지자
   - **E**: 수업료 30% - A, B, C, D에 해당되지 않는 자

2. **외국인 유학생 국가장학금**:
   - 첫 학기 우수장학금Ⅰ: 특정 학과의 외국인 신입학 특별전형 합격자 중 학과 추천자에게 수업료 전액 지급

3. **재학생 장학금**:
   - **A**: 수업료 100% - 직전 학기 성적 순위가 10% 미만
   - **B**: 수업료 70% - 직전 학기 성적 순위가 40% 미만
   - **C**: 수업료 40% - 직전 학기 성적 순위가 60% 미만
   - **D**: 수업료 20% - 직전 학기 성적 순위가 80% 미만

4. **근로장학금**: 교내 행정업무 지원에 대한 보상으로 월 평균 500,000원 지급

5. **TOPIK 응시료 지원**: TOPIK 응시표 제출자에게 응시료의 일부 지원

이 외에도 장학금 지급 기준 및 지급액은 학교의 장학 제도에 따라 변동될 수 있습니다.","유학생이 받을 수 있는 장학금 종류로는 GPA 기반 장학금, On-Campus Work-Study 장학금, TOPIK 장학금 등이 있습니다.",1.0,0.4445330698302347,0.4166666666458333,1.0
유학생이 졸업 증명서 발급이 지연될 경우 어떤 서류를 제출해야 하나요?,"['라. 인턴 활동의 경우\n마. 그 밖에 법무부 등 관계 기관이 정한 외국인 유학생 취업 허용 범위 내 활동\n4. 제3호 마목에 따른 활동은 원칙적으로 동 지침 제18조 제2호 성적 경고를 받은 장학생\n에게는 허용하지 아니한다. 다만, 다음 각 목의 요건을 모두 충족하는 경우에는 예외적\n으로 허용할 수 있다.\n가. 성적경고를 1회만 받은 경우\n나. 직전 학기 성적 평점평균(백분위 환산점수)이 학사 및 전문학사 과정 80/100 이\n상, 석사 및 박사 과정 85/100 이상을 충족한 경우\n다. 수학대학장이 학업 지속 가능성을 인정한 경우\n5. 성적경고를 2회 이상 받은 장학생에 대하여는 제4호 단서의 예외를 적용하지 아니한다.\n③학위과정 장학생은 수학대학이 정한 졸업 요건을 충족한 경우 또는 취업 이후에도 수\n학대학의 학적 유지가 가능한 경우 취업할 수 있다.\n④제3항에 따라 취업한 장학생이 학업을 지속하고 수학대학의 학적을 유지하는 경우에는\n장학생 자격을 유지할 수 있으며, 장학금 지급 여부는 학업 이행 여부, 학업 성취도 및\n대학의 의견 등을 종합적으로 고려하여 결정한다.\n⑤교육원장은 정부초청 외국인 장학생(GKS) 사업의 성과 분석 및 동문 네트워크 구축을\n위하여 관련 법령이 허용하는 범위 내에서 졸업생(동문)의 진로, 취업, 거주 국가 등\n현황을 조사할 수 있다.\n⑥교육원장은 제5항에 따른 조사 수행을 위하여 필요한 경우, 관련 법령에 따라 수학대\n학장에게 졸업생(동문) 조사에 필요한 정보 및 현황 자료 등을 요청할 수 있다. 이 경\n우 수학대학장은 특별한 사정이 없는 한 이에 협조하여야 한다.\n제25조(장학생 관리실적 평가) 교육원장은 수학기관에 대하여 장학생 관리실적을 평가하고,\n그 결과를 수학대학 선정 및 장학생 인원 배정 등에 반영할 수 있다.\n부 칙\n이 지침은 2019. 6. 20.부터 시행한다.\n이 지침은 2020. 6. 22.부터 시행하며, 장학 기간 중인 장학생 전체에 적용된다.', '| 순번 | 제출서류 |  | 구분 |  | 비고 |\n|  |  |  | 신입 | 편입 |  |\n| 1 | 입학지원서 |  | ● | ● | - 온라인접수후출력 (applydonga.accomsystem.co.kr) |\n| 2 | 자기소개서 |  | ● | ● | (양식1) |\n| 3 | 학력조회동의서 |  | ● | ● | (양식2) |\n| 4 | 고등학교졸업(예정)증명서 |  | ● | ● | - ‘유의사항마.’ 참조 - 아포스티유혹은한국영사확인 |\n| 5 | 고등학교성적증명서 |  | ● | ● | - 유의사항바.’ 참조 - 고등학교전학년성적기재 - 아포스티유혹은한국영사확인 |\n| 6 | 전적대학졸업(예정)증명서 또는 재학증명서 |  |  | ● | - ‘유의사항마.’ 참조 - 아포스티유혹은한국영사확인 - 편입지원자중학사과정재학생은재학증명서, 전문학사졸업(예정)생은졸업(예정)증명서제출 |\n| 7 | 전적대학성적증명서 |  |  | ● | - 유의사항바.’ 참조 - 대학교전과정성적기재 - 아포스티유혹은한국영사확인 |\n| 8 | 부모·학생관계증명서 |  | ● | ● | - 유의사항사.’ 참조 |\n| 9 | 본인및부모의신분증사본 |  | ● | ● | - 국적확인가능한신분증제출 (여권혹은본국신분증) |\n| 10 | 재정능력입증서류(은행잔고증명서) |  | ● | ● | - ‘유의사항아.’ 참조 |\n| 11 | 재정능력입증서류의 주체가본인이아닐시 | 재정보증확인서 | ● | ● | (양식3) |\n|  |  | 재정보증인수입증명서 | ● | ● |  |\n|  |  | 재직증명서 | ● | ● |  |\n| 12 | 어학능력입증서류 |  | ● | ● | - 유효기간내성적만접수가능 (접수마감일기준2년이내취득) |\n| 13 | 여권사본 |  | ● | ● |  |', '3. 수학기관이 정한 등록 기간 내에 등록하지 않는 경우\n4. 수학기관이 정한 학기 시작일 이후 정당한 사유 없이 입국하지 않는 경우\n5. 휴학 기간 종료 후 정당한 사유 없이 복학원서를 제출하지 않은 경우\n6. 제12조제3항에 명시된 휴학 기간을 초과한 경우\n7. 외국대학과의 학점 교류 등의 목적으로 출신국 또는 제3국으로 출국한 경우\n다만, 다음 각 목의 어느 하나에 해당하는 경우는 제외한다.\n가. 외국대학과의 공동학위 등을 운영하는 경우\n나. 수학대학의 교육과정에 근거하여 방학 기간 중 운영되는 외국대학 학점 교류의 경우\n8. 제15조 각호의 기준에 따른 일시출국 최대허용기간을 초과한 경우. 다만, 교육원장이\n그 행위에 부득이한 사유가 있다고 인정하는 경우는 예외로 한다.\n9. 제18조에 따른 경고를 3회 이상 받은 경우\n10. 성범죄로 벌금 이상의 형 또는 기소유예 처분을 받거나, 그 외 범죄로 300만원을\n초과하는 벌금형 또는 금고 이상의 형이 확정된 경우\n11. 사망, 정신적․신체적 무능력, 연락두절, 체류기간 종료, 출국 명령 등으로 더 이상\n학업을 수행할 수 없다고 교육원장이 인정하는 경우\n12. 장학을 중도 포기한 경우\n13. 이 외에 징계위원회에서 자격상실 처분의 의결을 받은 경우\n제20조(징계) ①징계는 ‘정부초청외국인 장학생 상벌 규정’에 따라 징계위원회 의결을\n거쳐 장학금 일시정지, 자격상실 처분을 말한다.\n②교육원장은 다음 각호의 어느 하나에 해당하는 경우 징계할 수 있다.\n1. 정치활동을 하거나, 대한민국의 명예와 국익을 실추시킨 경우\n2. 절도, 폭력, 성폭행(성희롱, 성추행 포함), 폭언 등 타인에게 해를 가한 경우\n3. 법령을 위반한 경우\n4. 각종 서류가 허위로 작성되었거나 사실과 다른 것으로 드러난 경우\n5. 교육원에 서약한 사항을 위반한 경우\n6. 이 외에 장학생의 본분에 어긋난 행위를 한 경우\n③교육원장은 다음 각호에 해당하는 경우 징계위원회의 의결을 거쳐 경고 등을 조치\n- 7 -\n\n[Tables]', '6. 제출 서류\n가. 필수 제출 서류\n구분\n순번 제출서류 비고\n신입 편입\n- 온라인접수후출력\n1 입학지원서 ● ●\n(applydonga.accomsystem.co.kr)\n● ●\n2 자기소개서 (양식1)\n3 학력조회동의서 ● ● (양식2)\n- ‘유의사항마.’ 참조\n4 고등학교졸업(예정)증명서 ● ●\n- 아포스티유혹은한국영사확인\n- 유의사항바.’ 참조\n5 고등학교성적증명서 ● ● - 고등학교전학년성적기재\n- 아포스티유혹은한국영사확인\n- ‘유의사항마.’ 참조\n전적대학졸업(예정)증명서 또는 - 아포스티유혹은한국영사확인\n6 ●\n재학증명서 - 편입지원자중학사과정재학생은재학증명서,\n전문학사졸업(예정)생은졸업(예정)증명서제출\n- 유의사항바.’ 참조\n7 전적대학성적증명서 ● - 대학교전과정성적기재\n- 아포스티유혹은한국영사확인\n8 부모·학생관계증명서 ● ● - 유의사항사.’ 참조\n- 국적확인가능한신분증제출\n9 본인및부모의신분증사본 ● ●\n(여권혹은본국신분증)\n10 재정능력입증서류(은행잔고증명서) ● ● - ‘유의사항아.’ 참조\n재정보증확인서 ● ● (양식3)\n재정능력입증서류의\n11 재정보증인수입증명서 ● ●\n주체가본인이아닐시\n재직증명서 ● ●\n- 유효기간내성적만접수가능\n12 어학능력입증서류 ● ●\n(접수마감일기준2년이내취득)\n13 여권사본 ● ●\n※ 양식별첨\n※ 원서접수기간내필수제출서류를전체스캔하여원서접수사이트에업로드\n※ 업로드시, 항목당파일한개로통합하여제출(PDF, JPG, PNG파일형식)\n※제출서류중[한국어또는영어]외의다른언어로된서류는한국어또는영어로번역공증을받아제출\n- 9 -', '3. 학위과정 장학생의 시간제 취업은 학업 성취도, 출결, 지도교수 의견 등을 종합적으로 고\n려하여, 학업에 중대한 지장이 없는 범위에서 수학대학장이 인정하는 경우 가능하다. 이\n경우 시간제 취업의 범위 및 기준은 법무부 등 관계 기관이 정한 외국인 유학생 시간\n제 취업 허가 기준을 따른다.\n가. 수학대학 내 근로장학생의 경우\n나. 학업과 연관된 연구·학술 활동의 경우\n다. 현장 실습학기제 운영에 따른 현장실습에 참여하는 경우\n- 9 -', '| 7. 서류제출 유의사항 가.접수완료(전형료결제)이후전공변경,추가서류제출등의접수사항변경이불가함 나.접수기간내온라인원서접수사이트에모든제출서류를첨부해야하며필수제출서류미비혹은식별이 불가능한서류인경우결격처리함※우편,이메일을통한서류제출불가 다.제출서류중[한국어또는영어]외의다른언어로된서류는한국어또는영어로번역공증을받아제출 라.제출서류이외에자격심사를위하여필요한서류를추가로요구할수있으며,국제교류과의판단에의해 제출서류를가감할수있음 마.학력입증서류:졸업(예정)증명서 ∙지원자가제출한‘학력조회동의서’를 바탕으로최종출신학교에대해학력조회를할수있으며최종적으로학력 조회가미회신되는경우입학을취소할수있음 ∙학력입증서류는아래의방법으로인증을받은후제출해야함 [학력입증서류인증방법] 1)아포스티유협약국:아포스티유확인서(학교소재국지정기관) 2)아포스티유비협약국:영사인증(학교소재국영사관) 3)중국내학위취득자:①과②모두제출 ①중국교육부학력인증센터(CHSI) 발행학위인증보고서(영문버전)-http://www.chsi.com.cn ②졸업증명서(번역공증) 단,중국교육부학력인증센터(CHSI) 인증보고서발행이불가할경우아래기준에따라서류제출 구 분 기 준 보통중등전문학교(普通中专) ①온라인발행 Regular Specialized ⅰ)지방교육당국발행졸업증명서*: 아포스티유필요 Secondary Schools ※온라인에서진위여부확인가능한경우만인정 직업고등학교(职业高中) ②오프라인발행(‘학교정보확인서(붙임7)’ 제출필수) Vocational High Schools 중등 ⅰ)지방교육당국발행졸업증명서:아포스티유필요 직업 성인중등전문학교(成人中专)ⅱ)학교자체발행졸업증명서:성교육청(시교육국)*확인+아포스티유필요 학교 Adult Specialized ※직할시(베이징,상하이,충칭,텐진)의교육청공식명칭은‘교육위원회’임 Secondary Schools 인적자원사회보장부공식홈페이지(www.mohrss.gov.cn) 온라인조회본* 기술공업학교(技工学校) +주중한국영사확인 Skilled Workers Schools', '4. 제24조제2항의 시간제 취업 허용 범위를 위반한 경우\n5. 이외에 정부초청 외국인 장학생 징계위원회(이하 ‘징계위원회’라 한다)에서 경고\n조치가 필요하다고 인정하는 경우\n제19조(장학생 자격상실) 다음 각 호의 어느 하나에 해당하는 경우, 교육원장은 해당 장학\n생을 자격상실 처분한다.\n1. 수학기관으로부터 제적 처분을 받은 경우\n2. 제5조 한국어연수과정 이수 후 수학대학에 진학하지 못한 경우\n- 6 -']","유학생이 졸업 증명서 발급이 지연될 경우, 일반적으로는 해당 학교에서 발급한 ""재학증명서"" 또는 ""졸업 예정 증명서""를 제출해야 합니다. 이 서류는 졸업 증명서가 아직 발급되지 않았음을 증명하는 역할을 하며, 필요한 경우 추가적인 서류나 설명을 요구할 수 있습니다. 구체적인 요구 사항은 해당 수학기관의 지침이나 규정에 따라 다를 수 있으므로, 반드시 해당 기관에 확인하는 것이 좋습니다.","졸업 증명서 발급이 지연될 경우, 유학생은 예비 졸업 증명서나 임시 졸업 증명서를 제출할 수 있습니다.",0.6,0.0,0.249999999975,0.0
대학교 캠퍼스 내에서 국제학생을 위한 지원 서비스는 어디에 위치하고 있나요?,"['자.기타전형에관한모든심의및평가에따른사항은본대학교에서결정합니다. 차.본전형에합격한후비자취득및변경에문제가없어야합니다.학업을위한비자취득및변경을하지못할경우, 본교에서입학허가를취소할수있습니다. 카.입학후첫학기에는휴학불가합니다. ※ 동아대학교 학부 외국인 특별전형 모집에 관한 권한과 책임은 본 대학교 국제교류과에 있으며, 기타 유학원이나 제3자가제공하는정보에대해서는동아대학교가책임지지않습니다. - 14 - |', '[Tables]\n|  |\n| 13. 기타 사항 나. 유학생 보험 - 유학기간 중, 예상치 못한 질병, 상해, 사망 등 불의의 사고에 대비하여 유학생 전원 의무가입 - 2021년3월부터 외국인 유학생 국민건강보험 당연 가입(약 월 60,000원) 다. 유학생 지원 프로그램 프로그램명 프로그램내용 외국인학부신/편입생과한국인재학생을多:1로매치하여외국인학부학교생 유학생학습튜터링 활안내및학업지원 학부유학생(2~4학년)들의전공학습지원을위한튜터링프로그램 유학생전공스터디그룹 (한국인튜터, 유학생튜티로스터디진행) 본교한국인재학생과외국인재학생이모여부산지역거주외국인들을 동아동화 대상으로지역사회봉사활동기획/운영 외국인유학생대상문화활동기획및홍보를통한내·외국인재학생간국제교 데일리(Dong-AI Love You) 류활동활성화를위한다양한역할을수행할수있는프로그램 유학생체육대회, International Day,한국문화체험, 글로벌리더스클럽(Global 기타행사 Leaders Club)-취업역량강화프로그램, 한국법령교육등 라. 합격자 표준입학허가서 발급 및 비자 안내: 합격자에 한하여 별도 안내 마. 신입생 오리엔테이션: 일정 추후 안내 예정이며 전원 참석 필수 14. 문의 가. 국제교류과 (입학 문의) -주소:부산광역시서구구덕로225동아대학교부민캠퍼스,B03-0202국제교류과 -전화:+82-51-200-6444 -이메일:contact@donga.ac.kr -홈페이지:(국문)https://global.donga.ac.kr// (영문)https://global.donga.ac.kr/dongaoia/ -문의가능시간:월~금요일,09:00~17:00(12:00~13:00제외) 나. 각 학과 사무실 (학사·전공 문의) -각학과홈페이지참조 -https://about.donga.ac.kr/about/Main.do - 18 - |\n| 프로그램명 | 프로그램내용 |\n| 유학생학습튜터링 | 외국인학부신/편입생과한국인재학생을多:1로매치하여외국인학부학교생 활안내및학업지원 |', '∙입학사정에사용된전형자료에주요사항이누락되거나서류허위작성,위·변조등부정이있다고판단되는경우\n자.기타전형에관한모든심의및평가에따른사항은본대학교에서결정합니다.\n차.본전형에합격한후비자취득및변경에문제가없어야합니다.학업을위한비자취득및변경을하지못할경우,\n본교에서입학허가를취소할수있습니다.\n카.입학후첫학기에는휴학불가합니다.\n※ 동아대학교 학부 외국인 특별전형 모집에 관한 권한과 책임은 본 대학교 국제교류과에 있으며, 기타 유학원이나\n제3자가제공하는정보에대해서는동아대학교가책임지지않습니다.\n- 14 -', '나.제출장소:동아대학교국제교류과(우편또는방문제출)\n국문주소 영문주소\n(49236) Office of International Affairs,\n우) 49236 부산광역시서구구덕로225\nB03-0202, BuminCampus, Dong-A University,\n동아대학교부민캠퍼스B03-0202국제교류과\n225 Gudeok-ro, Seo-gu, Busan, Korea\n전화)051-200-6444\n☎82-51-200-6444\n- 13 -', '사정, 본인의 중대한 질병 등 부득이한 사유가 있는 경우에 한하여 허용한다. 이 경\n우 장학생은 휴학 신청서와 함께 해당 사유를 증빙하는 자료를 제출하여야 한다.\n④휴학은 학기 단위로 신청하여야 하며, 총 휴학 기간은 1년을 초과할 수 없다.\n다만, 수학기관장이 특별한 사유로 인정하는 경우에는 최대 1년의 범위에서 휴학 기\n간을 추가로 연장할 수 있다.\n⑤수학대학장은 장학생의 휴학 처리 결과를 교육원장에게 보고하여야 한다.\n제13조(복학) ①복학하고자 하는 장학생은 휴학 기간 종료 1개월 전까지 수학기관의\n학칙에 따라 복학 신고를 하여야 한다.\n②수학기관장은 장학생의 복학 처리 결과를 매학기 개시일 2주 전까지 교육원장에게\n보고하여야 한다.\n제14조(비상연락망 유지) 장학생은 체류지, 연락처 등 정보가 변경된 즉시 수학기관에\n신고하여야 하며, 수학기관장은 수학대학의 장학생 및 교육원과의 비상 연락 체계를\n상시 유지하여야 한다.\n제15조(일시출국) ①한국어연수과정 장학생의 일시출국은 다음 각호에 한하여 일시출국\n7일 전까지 일시출국신청서 및 증빙서류를 제출하여 한국어 연수기관장의 승인을\n받아야 한다. 다만 가족사망 등의 이유로 출국이 긴급한 경우에는 일시출국일까지\n신청할 수 있다.\n1. 학기 중에는 본국의 긴급 소환, 직계 가족의 긴급한 가정 사정, 본인의 중대한 질병\n등 특별한 사안이 발생한 경우에 한하여 최대 2주까지 일시출국 허용\n2. 한국어 연수기관장이 정한 방학 기간 범위 내에서 최대 4주까지 일시출국 허용\n②학위과정 장학생의 일시출국은 다음 각호에 한하여 일시출국 7일 전까지 일시출국\n신청서를 제출하여 수학대학장의 승인을 받아야 한다. 다만 가족사망 등의 이유로\n출국이 긴급한 경우에는 일시출국일까지 신청할 수 있다.\n1. 학기 중에는 학업에 지장이 없는 범위 내에서 최대 2주까지 일시출국 허용\n2. 수학대학장이 정한 방학 기간 내에서 일시출국 허용\n제16조(재입국 신고) ①일시출국 기간이 종료되어 재입국한 장학생은 7일 이내에 출입국\n- 5 -', '| Korean | English |\n| 우) 49236 부산광역시서구구덕로225 동아대학교, 부민캠퍼스,B03-0202,국제교류과 전화)051-200-6444 | (49236) Office of International Affairs, B03-0202, BuminCampus, Dong-A University, 225 Gudeok-ro, Seo-gu, Busan, Korea ☎82-51-200-6444 |', '목차\n[지원자 유의사항]\n1. 전형 일정 ……………………………………… 1\n2. 지원 절차 ……………………………………… 1\n3. 지원 자격 ……………………………………… 2\n4. 전형 방법 ……………………………………… 3\n5. 모집 단위 ……………………………………… 3\n6. 제출 서류 ……………………………………… 9\n7. 서류제출 유의사항 ……………………………………… 11\n8. 합격자 유의사항 ………………………………13\n9. 지원자유의사항 ………………………………14\n10. 합격자 발표 ……………………………… 15\n11. 전형료 및 등록금 ……………………………… 15\n12. 장학금 ……………………………………… 16\n13. 기타 사항 …………………………………… 17\n14. 문의 ………………………………………… 18\n15. 캠퍼스별 안내도 ………………………………… 19\n※ 별첨 : 각종 지원서 양식 2026\n\n[Tables]\n|  |\n| 목차 [지원자 유의사항] 1. 전형 일정 ……………………………………… 1 2. 지원 절차 ……………………………………… 1 3. 지원 자격 ……………………………………… 2 4. 전형 방법 ……………………………………… 3 5. 모집 단위 ……………………………………… 3 6. 제출 서류 ……………………………………… 9 7. 서류제출 유의사항 ……………………………………… 11 8. 합격자 유의사항 ………………………………13 9. 지원자유의사항 ………………………………14 10. 합격자 발표 ……………………………… 15 11. 전형료 및 등록금 ……………………………… 15 12. 장학금 ……………………………………… 16 13. 기타 사항 …………………………………… 17 14. 문의 ………………………………………… 18 15. 캠퍼스별 안내도 ………………………………… 19 ※ 별첨 : 각종 지원서 양식 2026 |']","대학교 캠퍼스 내에서 국제학생을 위한 지원 서비스는 동아대학교 국제교류과에 위치하고 있습니다. 구체적인 주소는 부산광역시 서구 구덕로 225, 부민캠퍼스 B03-0202입니다.",국제학생을 위한 지원 서비스는 학생회관(S02) 근처에 위치하고 있습니다.,1.0,0.6909610982303213,0.0,0.0
유학생이 제출해야 하는 서류에는 어떤 것들이 있나요?,"['학과(부) 변경 등의 절차를 거칠 수 있다.\n제9조(등록) ①장학생은 수학기관이 정한 등록기간 내에 등록하여야 한다.\n②수학기관장은 장학생이 매학기 등록 기한까지 등록을 아니한 경우 교육원장에게\n보고하여야 한다.\n제10조(수학 의무) 장학생은 수학기관의 학칙, 규정 등에 따라 성실히 수강하여야 한다.\n제11조(수학 상황 보고) ①수학기관장은 장학생의 수학 상황을 매학기 종료 후에 다음\n각호와 같이 교육원장에게 보고하여야 한다.\n1. 한국어연수과정 : 성적 및 수료 상황\n2. 학위과정 : 성적, 수료 및 학위 취득 상황\n②특화과정으로 교육원장이 인정하는 외국대학과의 공동학위 및 복수학위(이하 “공동\n학위 등”이라 한다)를 운영하는 수학대학장은 다음 각 호의 사항을 교육원장에게 보고\n하여야 한다.\n1. 매학기 종료 후에 성적, 수료 및 학위 취득 상황. 다만 외국대학에서 공동학위 등\n을 수학하는 기간의 성적은 제외\n2. 학기 개시 1개월 전에 공동학위 등을 운영하는 외국대학의 명칭, 외국대학 체류 학기\n및 체류 기간\n3. 공동학위 등 이수를 위한 출입국일. 출국일은 7일 전까지, 입국일은 7일 이내 보고\n③학위과정 장학생은 최종 수학 완료 시 수학종료보고서 등의 서류를 교육원장에게\n제출하여야 한다.\n제12조(휴학 등) ①한국어연수과정 장학생은 휴학할 수 없으며, 다만 본국의 긴급 소환,\n긴급한 가정 사정, 본인의 중대한 질병 등 부득이한 경우에 한하여 한국어 연수기관의\n규정에 따라 휴학 등을 신청하고 교육원장의 승인을 받아야 한다.\n②학기 시작 전 휴학하고자 하는 학위과정 장학생은 수학대학의 규정에 따라 휴학을\n신청하고 수학대학장의 승인을 받아야 한다.\n③학기 중간에 휴학하고자 하는 학위과정 장학생은 본국의 긴급 소환, 긴급한 가정\n- 4 -\n\n[Tables]', '6. 제출 서류\n가. 필수 제출 서류\n구분\n순번 제출서류 비고\n신입 편입\n- 온라인접수후출력\n1 입학지원서 ● ●\n(applydonga.accomsystem.co.kr)\n● ●\n2 자기소개서 (양식1)\n3 학력조회동의서 ● ● (양식2)\n- ‘유의사항마.’ 참조\n4 고등학교졸업(예정)증명서 ● ●\n- 아포스티유혹은한국영사확인\n- 유의사항바.’ 참조\n5 고등학교성적증명서 ● ● - 고등학교전학년성적기재\n- 아포스티유혹은한국영사확인\n- ‘유의사항마.’ 참조\n전적대학졸업(예정)증명서 또는 - 아포스티유혹은한국영사확인\n6 ●\n재학증명서 - 편입지원자중학사과정재학생은재학증명서,\n전문학사졸업(예정)생은졸업(예정)증명서제출\n- 유의사항바.’ 참조\n7 전적대학성적증명서 ● - 대학교전과정성적기재\n- 아포스티유혹은한국영사확인\n8 부모·학생관계증명서 ● ● - 유의사항사.’ 참조\n- 국적확인가능한신분증제출\n9 본인및부모의신분증사본 ● ●\n(여권혹은본국신분증)\n10 재정능력입증서류(은행잔고증명서) ● ● - ‘유의사항아.’ 참조\n재정보증확인서 ● ● (양식3)\n재정능력입증서류의\n11 재정보증인수입증명서 ● ●\n주체가본인이아닐시\n재직증명서 ● ●\n- 유효기간내성적만접수가능\n12 어학능력입증서류 ● ●\n(접수마감일기준2년이내취득)\n13 여권사본 ● ●\n※ 양식별첨\n※ 원서접수기간내필수제출서류를전체스캔하여원서접수사이트에업로드\n※ 업로드시, 항목당파일한개로통합하여제출(PDF, JPG, PNG파일형식)\n※제출서류중[한국어또는영어]외의다른언어로된서류는한국어또는영어로번역공증을받아제출\n- 9 -', '4. 「출입국관리법 시행규칙」 제9조제1항에 따라 C 계열 사증소지자는 입국 후에 체류자격을 변경할 수 없습니다.\nPlease note that category C visa holders are not able to change their status of stay after their entry into\nthe Republic of Korea in accordance with Article 9(1) of the Enforcement Regulations of the Immigration Act.\n5. 허위사실 기재 또는 허위서류 제출이 확인되는 경우에는 사증발급ㆍ체류허가가 취소되며, 형사처벌ㆍ입국금지의 대상이\n될 수 있습니다.\nProviding false information or documents leads to revocation of a visa and permission to stay, and may result\nin criminal punishments and an entry ban to the Republic of Korea.\n6.사증심사에 필요한 관련 서류 제출 요구에 따르지 않는 경우, 사증심사가 지연되거나 신청이 불허 될 수 있습니다.\nFailure to submit all required documents may cause delay or denial of a visa.\n7. 사증발급 신청 결과는 ‘대한민국 비자포털(www.visa.go.kr)’에서 확인*해야 하며, 사증발급거부통지서를 문서로 교\n부받고자 하는 경우에는 직접 공관을 방문하여 신청해야 합니다.\n* 확인 방법 : 비자포털 초기화면 좌측 ‘조회/발급’-‘진행현황 조회 및 출력’-‘재외공관’을 선택하고 여권번호, 성명, 생년\n월일 입력 후 조회\nVisa applicants must check online on the Korea Visa Portal website* (www.visa.go.kr) for visa', '| 순번 | 제출서류 |  | 구분 |  | 비고 |\n|  |  |  | 신입 | 편입 |  |\n| 1 | 입학지원서 |  | ● | ● | - 온라인접수후출력 (applydonga.accomsystem.co.kr) |\n| 2 | 자기소개서 |  | ● | ● | (양식1) |\n| 3 | 학력조회동의서 |  | ● | ● | (양식2) |\n| 4 | 고등학교졸업(예정)증명서 |  | ● | ● | - ‘유의사항마.’ 참조 - 아포스티유혹은한국영사확인 |\n| 5 | 고등학교성적증명서 |  | ● | ● | - 유의사항바.’ 참조 - 고등학교전학년성적기재 - 아포스티유혹은한국영사확인 |\n| 6 | 전적대학졸업(예정)증명서 또는 재학증명서 |  |  | ● | - ‘유의사항마.’ 참조 - 아포스티유혹은한국영사확인 - 편입지원자중학사과정재학생은재학증명서, 전문학사졸업(예정)생은졸업(예정)증명서제출 |\n| 7 | 전적대학성적증명서 |  |  | ● | - 유의사항바.’ 참조 - 대학교전과정성적기재 - 아포스티유혹은한국영사확인 |\n| 8 | 부모·학생관계증명서 |  | ● | ● | - 유의사항사.’ 참조 |\n| 9 | 본인및부모의신분증사본 |  | ● | ● | - 국적확인가능한신분증제출 (여권혹은본국신분증) |\n| 10 | 재정능력입증서류(은행잔고증명서) |  | ● | ● | - ‘유의사항아.’ 참조 |\n| 11 | 재정능력입증서류의 주체가본인이아닐시 | 재정보증확인서 | ● | ● | (양식3) |\n|  |  | 재정보증인수입증명서 | ● | ● |  |\n|  |  | 재직증명서 | ● | ● |  |\n| 12 | 어학능력입증서류 |  | ● | ● | - 유효기간내성적만접수가능 (접수마감일기준2년이내취득) |\n| 13 | 여권사본 |  | ● | ● |  |', '사정, 본인의 중대한 질병 등 부득이한 사유가 있는 경우에 한하여 허용한다. 이 경\n우 장학생은 휴학 신청서와 함께 해당 사유를 증빙하는 자료를 제출하여야 한다.\n④휴학은 학기 단위로 신청하여야 하며, 총 휴학 기간은 1년을 초과할 수 없다.\n다만, 수학기관장이 특별한 사유로 인정하는 경우에는 최대 1년의 범위에서 휴학 기\n간을 추가로 연장할 수 있다.\n⑤수학대학장은 장학생의 휴학 처리 결과를 교육원장에게 보고하여야 한다.\n제13조(복학) ①복학하고자 하는 장학생은 휴학 기간 종료 1개월 전까지 수학기관의\n학칙에 따라 복학 신고를 하여야 한다.\n②수학기관장은 장학생의 복학 처리 결과를 매학기 개시일 2주 전까지 교육원장에게\n보고하여야 한다.\n제14조(비상연락망 유지) 장학생은 체류지, 연락처 등 정보가 변경된 즉시 수학기관에\n신고하여야 하며, 수학기관장은 수학대학의 장학생 및 교육원과의 비상 연락 체계를\n상시 유지하여야 한다.\n제15조(일시출국) ①한국어연수과정 장학생의 일시출국은 다음 각호에 한하여 일시출국\n7일 전까지 일시출국신청서 및 증빙서류를 제출하여 한국어 연수기관장의 승인을\n받아야 한다. 다만 가족사망 등의 이유로 출국이 긴급한 경우에는 일시출국일까지\n신청할 수 있다.\n1. 학기 중에는 본국의 긴급 소환, 직계 가족의 긴급한 가정 사정, 본인의 중대한 질병\n등 특별한 사안이 발생한 경우에 한하여 최대 2주까지 일시출국 허용\n2. 한국어 연수기관장이 정한 방학 기간 범위 내에서 최대 4주까지 일시출국 허용\n②학위과정 장학생의 일시출국은 다음 각호에 한하여 일시출국 7일 전까지 일시출국\n신청서를 제출하여 수학대학장의 승인을 받아야 한다. 다만 가족사망 등의 이유로\n출국이 긴급한 경우에는 일시출국일까지 신청할 수 있다.\n1. 학기 중에는 학업에 지장이 없는 범위 내에서 최대 2주까지 일시출국 허용\n2. 수학대학장이 정한 방학 기간 내에서 일시출국 허용\n제16조(재입국 신고) ①일시출국 기간이 종료되어 재입국한 장학생은 7일 이내에 출입국\n- 5 -', '[Tables]\n|  |\n| 6. 제출 서류 가. 필수 제출 서류 구분 순번 제출서류 비고 신입 편입 - 온라인접수후출력 1 입학지원서 ● ● (applydonga.accomsystem.co.kr) ● ● 2 자기소개서 (양식1) 3 학력조회동의서 ● ● (양식2) - ‘유의사항마.’ 참조 4 고등학교졸업(예정)증명서 ● ● - 아포스티유혹은한국영사확인 - 유의사항바.’ 참조 5 고등학교성적증명서 ● ● - 고등학교전학년성적기재 - 아포스티유혹은한국영사확인 - ‘유의사항마.’ 참조 전적대학졸업(예정)증명서 또는 - 아포스티유혹은한국영사확인 6 ● 재학증명서 - 편입지원자중학사과정재학생은재학증명서, 전문학사졸업(예정)생은졸업(예정)증명서제출 - 유의사항바.’ 참조 7 전적대학성적증명서 ● - 대학교전과정성적기재 - 아포스티유혹은한국영사확인 8 부모·학생관계증명서 ● ● - 유의사항사.’ 참조 - 국적확인가능한신분증제출 9 본인및부모의신분증사본 ● ● (여권혹은본국신분증) 10 재정능력입증서류(은행잔고증명서) ● ● - ‘유의사항아.’ 참조 재정보증확인서 ● ● (양식3) 재정능력입증서류의 11 재정보증인수입증명서 ● ● 주체가본인이아닐시 재직증명서 ● ● - 유효기간내성적만접수가능 12 어학능력입증서류 ● ● (접수마감일기준2년이내취득) 13 여권사본 ● ● ※ 양식별첨 ※ 원서접수기간내필수제출서류를전체스캔하여원서접수사이트에업로드 ※ 업로드시, 항목당파일한개로통합하여제출(PDF, JPG, PNG파일형식) ※제출서류중[한국어또는영어]외의다른언어로된서류는한국어또는영어로번역공증을받아제출 - 9 - |\n| 순번 | 제출서류 |  | 구분 |  | 비고 |\n|  |  |  | 신입 | 편입 |  |\n| 1 | 입학지원서 |  | ● | ● | - 온라인접수후출력 (applydonga.accomsystem.co.kr) |\n| 2 | 자기소개서 |  | ● | ● | (양식1) |\n| 3 | 학력조회동의서 |  | ● | ● | (양식2) |', 'not accepted.) ○ Kakaotalk: dongakorean\n* Meals are excluded. ○ Address: ( 49236) Seokdang Global House, Dong-A University, 30-1 Daecheong-ro, Jung-gu, Busan, South Korea\n* Students shall prepare their own beddings in advance since it will not be provided by the dormitory (rentals for beddings are available). (49236) Dong-A University International Affairs Office, B03-0202, 225 Gudeok-ro, Seo-gu, Busan, South Korea\n* N o Wi-Fi connection will be available in the dormitory. Students shall either use the LAN cable provided by the dormitory or prepare their\n○ Web site: h ttp://www.donga.ac.kr (Dong-A University)\nown Wi-Fi router.\nhttp://global.donga.ac.kr (Dong-A University Office of International Affairs)\n* Newcomers must stay in the dormitory at least 3 months. The course will be terminated if you leave the dormitory within 3 months.\n* Refrigerated/frozen foods cannot be stored(Please do not bring) ○ E-mail: koreanedu@donga.ac.kr']","유학생이 제출해야 하는 서류는 다음과 같습니다:

1. **입학지원서** - 온라인 접수 후 출력
2. **자기소개서** (양식1)
3. **학력조회동의서** (양식2)
4. **고등학교졸업(예정)증명서** - 아포스티유 혹은 한국 영사 확인 필요
5. **고등학교성적증명서** - 고등학교 전 학년 성적 기재, 아포스티유 혹은 한국 영사 확인 필요
6. **전적대학졸업(예정)증명서 또는 재학증명서** - 편입 지원자는 재학증명서, 전문학사 졸업(예정)생은 졸업(예정)증명서 제출
7. **전적대학성적증명서** - 대학교 전 과정 성적 기재, 아포스티유 혹은 한국 영사 확인 필요
8. **부모·학생관계증명서**
9. **본인 및 부모의 신분증 사본** - 여권 혹은 본국 신분증
10. **재정능력 입증 서류** (은행 잔고 증명서)
11. **재정능력 입증 서류의 주체가 본인이 아닐 시** - 재정보증 확인서 (양식3), 재정보증인 수입증명서, 재직증명서
12. **어학능력 입증 서류** - 접수 마감일 기준 2년 이내 취득한 성적
13. **여권 사본**

이 서류들은 원서 접수 기간 내에 전체 스캔하여 원서 접수 사이트에 업로드해야 하며, 제출 서류 중 한국어 또는 영어 외의 다른 언어로 된 서류는 한국어 또는 영어로 번역 공증을 받아 제출해야 합니다.","유학생이 제출해야 하는 서류에는 교육 과정, 평균 및 분포의 고등학교 표준화 시험 점수, 학교 소개 자료, 학교 활동 증명서, 고등학교 졸업 시험 또는 대학 입학 시험 성적표 등이 포함됩니다.",1.0,0.518201851104593,0.49999999995,0.0
이 대학교에서 유학생을 위한 장학금은 어떤 종류가 있나요?,"[""붙임 2 정부초청 외국인 장학생 학사 운영 지침(국문, 영문)\n정부초청 외국인 장학생 학사 운영 지침\n개정 2026. 3. 1.\n제1조(목적) 이 지침은 정부초청 외국인 장학생(이하 '장학생'이라 한다)의 건전한 면학과\n유학 생활의 내실화를 위해 필요한 사항을 정함을 목적으로 한다.\n제2조(정의) 이 지침에서 사용하는 용어의 뜻은 다음과 같다.\n1. “정부초청 외국인 장학생”(이하 “장학생”이라 한다)이란 국립국제교육원(이하\n“교육원”이라 한다)이 수행하는 정부초청 외국인 장학사업(Global Korea\nScholarship, GKS) 및 이에 준하는 장학사업에 선발된 외국인 유학생을 말한다.\n2. “수학기관”이란 장학생이 소속되어 학업 또는 연수를 수행하는 대학 또는 한국\n어연수기관을 말한다.\n3. “수학대학”이란 장학생이 소속되어 학업을 수행하는 대학을 말한다.\n4. “수학기관장”이란 수학기관의 장을 말한다.\n5. “수학대학장”이란 수학대학의 장을 말한다.\n6. “학위과정”이란 대학의 학칙에 따라 학위를 수여하는 교육과정을 말한다.\n7. “한국어연수과정”이란 대학 또는 한국어연수기관에서 운영하는 한국어 교육과\n정을 말한다.\n8. “공동학위”란 국내․외 대학이 공동으로 운영하는 교육과정을 이수하고 각 대학\n의 학위취득에 필요한 요건을 충족한 자에게 양 대학 공동명의로 학위를 수여하는\n것을 말한다.\n9. “복수학위”란 국내․외 대학에서 각각 또는 공동으로 운영하는 교육과정을 이수\n하고 각 대학의 학위취득에 필요한 요건을 충족한 자에게 양 대학이 각자의 명의로\n학위를 수여하는 것을 말한다.\n- 1 -\n\n[Tables]"", '12. 장학금\n가. 신입생 장학금\n1) 외국인 우수신입생 장학금\n구분\n수혜금액 수혜조건\n장학명 자격요건 종류\nA 수업료100% 한국어능력시험(TOPIKPBT, TOPIK iBT) 5급이상소지자\n외국인\nB 수업료60% 한국어능력시험(TOPIKPBT, TOPIK iBT) 4급소지자\n우수신입생\n외국인신(편)입학\n장학금 C 수업료50% 한국어능력시험(TOPIKPBT, TOPIK iBT) 3급소지자\n특별전형합격자\nA,B,C,D,E\nD 수업료40% 동아한국어능력시험(Dong-A TOPIK) 3급이상소지자\n본교입학자격요건을갖춘신(편)입생중,\nE 수업료30%\n외국인우수신입생장학금A,B,C,D에해당되지않는자\n외국인신(편)입학 A 수업료100% 한국어능력시험(TOPIKPBT, TOPIK iBT) 5급이상소지자\nDAU 특별전형합격자중,\n외국인 본교한국어학당을 B 수업료70% 한국어능력시험(TOPIKPBT, TOPIK iBT) 4급소지자\n우수신입생 2개학기이상수료\n장학금 하고최종2개학기 C 수업료60% 한국어능력시험(TOPIKPBT, TOPIK iBT) 3급소지자\nA,B,C,D 출석률이80% 이 본교입학자격요건을갖춘신(편)입생중,\nD 수업료50%\n상인자 DAU 외국인우수신입생장학금A,B,C에해당되지않는자\n※위장학금은입학학기에만적용되며2번째학기부터는재학생장학금기준에따라지급\n※장학금지급기준및지급액은본교장학제도에따라변동될수있음\n2) 외국인 유학생 국가장학금\n구분 수혜기간 수혜금액 수혜조건\n아래학과외국인신입학특별전형합격자중학과추천자\n- 인문과학대학: 역사문화학부, 한국어문학과\n- 자연과학대학: 반도체학과, 바이오메디컬학과\n- 사회과학대학: 미디어커뮤니케이션학과\n- 경영대학: 경영학과, 관광경영학과, 국제무역학과, 경영정보학과\n동아특화분야 - 생명자원과학대학: 식품생명공학과, 스마트그린자원학과\n첫학기\n우수장학금Ⅰ - 공학: 환경에너지공학과-미래에너지공학전공, 전기공학과, 전자공학과,\n기계공학과, 산업경영공학과, 조선해양공학과, 화학공학과, 신소재공학과', '이 지침은 2022. 3. 1.부터 시행하며, 장학 기간 중인 장학생 전체에 적용된다.\n이 지침은 2023. 3. 1.부터 시행하며, 장학 기간 중인 장학생 전체에 적용된다.\n이 지침은 2023. 6. 5.부터 시행한다. 단, 제22조제7항은 2024. 1. 1.부터 시행한다.\n본 개정안 시행일 이전 학위취득을 목적으로 귀국 신고를 연기한 장학생은 제22조제7항을\n종전 규정을 적용한다.\n이 지침은 2024. 3. 1. 부터 시행하며, 장학 기간 중인 장학생 전체에 적용한다.\n이 지침은 2025. 3. 1. 부터 시행하며, 장학 기간 중인 장학생 전체에 적용한다.\n이 지침은 2026. 3. 1. 부터 시행하며, 장학 기간 중인 장학생 전체에 적용한다.\n- 11 -\n\n[Tables]', '| 12. 장학금 가. 신입생 장학금 1) 외국인 우수신입생 장학금 구분 수혜금액 수혜조건 장학명 자격요건 종류 A 수업료100% 한국어능력시험(TOPIKPBT, TOPIK iBT) 5급이상소지자 외국인 B 수업료60% 한국어능력시험(TOPIKPBT, TOPIK iBT) 4급소지자 우수신입생 외국인신(편)입학 장학금 C 수업료50% 한국어능력시험(TOPIKPBT, TOPIK iBT) 3급소지자 특별전형합격자 A,B,C,D,E D 수업료40% 동아한국어능력시험(Dong-A TOPIK) 3급이상소지자 본교입학자격요건을갖춘신(편)입생중, E 수업료30% 외국인우수신입생장학금A,B,C,D에해당되지않는자 외국인신(편)입학 A 수업료100% 한국어능력시험(TOPIKPBT, TOPIK iBT) 5급이상소지자 DAU 특별전형합격자중, 외국인 본교한국어학당을 B 수업료70% 한국어능력시험(TOPIKPBT, TOPIK iBT) 4급소지자 우수신입생 2개학기이상수료 장학금 하고최종2개학기 C 수업료60% 한국어능력시험(TOPIKPBT, TOPIK iBT) 3급소지자 A,B,C,D 출석률이80% 이 본교입학자격요건을갖춘신(편)입생중, D 수업료50% 상인자 DAU 외국인우수신입생장학금A,B,C에해당되지않는자 ※위장학금은입학학기에만적용되며2번째학기부터는재학생장학금기준에따라지급 ※장학금지급기준및지급액은본교장학제도에따라변동될수있음 2) 외국인 유학생 국가장학금 구분 수혜기간 수혜금액 수혜조건 아래학과외국인신입학특별전형합격자중학과추천자 - 인문과학대학: 역사문화학부, 한국어문학과 - 자연과학대학: 반도체학과, 바이오메디컬학과 - 사회과학대학: 미디어커뮤니케이션학과 - 경영대학: 경영학과, 관광경영학과, 국제무역학과, 경영정보학과 동아특화분야 - 생명자원과학대학: 식품생명공학과, 스마트그린자원학과 첫학기 우수장학금Ⅰ - 공학: 환경에너지공학과-미래에너지공학전공, 전기공학과, 전자공학과, 기계공학과, 산업경영공학과, 조선해양공학과, 화학공학과, 신소재공학과 수업료전액 - 디자인환경대학:', '제25조(장학생 관리실적 평가) 교육원장은 수학기관에 대하여 장학생 관리실적을 평가하고,\n그 결과를 수학대학 선정 및 장학생 인원 배정 등에 반영할 수 있다.\n부 칙\n이 지침은 2019. 6. 20.부터 시행한다.\n이 지침은 2020. 6. 22.부터 시행하며, 장학 기간 중인 장학생 전체에 적용된다.\n이 지침은 2020. 8. 13.부터 시행하며, 장학 기간 중인 장학생 전체에 적용된다.\n- 10 -', '할 수 있다.\n1. 징계 처분을 하기에 사유가 경미하다고 판단하는 경우\n2. 불가피한 사유 등의 정상 참작의 여지가 있는 경우\n제21조(형사사건 기소 사실 신고 등) ①장학생은 형사사건으로 기소된 경우 이를 즉시\n수학기관에 신고하여야 하며, 교육원장은 신고하지 않은 장학생을 제20조에 따라 징\n계할 수 있다.\n②수학기관장은 장학생의 형사사건 기소 사실을 알게 된 경우 즉시 교육원장에게\n보고하여야 한다.\n③교육원장은 장학생이 형사사건으로 기소된 경우 장학금 지급을 유보할 수 있다.\n④교육원장은 장학생이 유죄 판결을 선고받은 경우 장학생에게 제19조제10호에 따라\n자격상실 처분하거나, 제20조에 따라 징계위원회에 의결을 요구할 수 있다.\n⑤교육원장은 장학생이 유죄 판결을 선고받은 경우 장학금 지급을 중단하고 장학금을 환수\n할 수 있다. 이 경우 장학금 환수 대상 기간, 항목, 금액 등은 징계위원회에서 결정한다.\n제22조(장학금 지급 및 수령) ①장학금 지급 및 수령에 관한 사항은 장학금 지침에 따\n른다.\n②교육원장은 학업성적이 우수한 장학생에게 별도로 장학금을 지급할 수 있다.\n③장학생의 월 중 국내체류기간이 15일 이상인 경우 1개월로 하여 학업장려금 전액을\n지급하고, 15일 미만인 경우 국내체류 일수만큼 일할계산하여 지급한다. 다만, 학위과\n정 장학생은 장학금 지침 제22조제6항의 경우를 제외하고 학기당 일시출국 일수 30\n일을 국내에 체류한 날로 간주한다.\n④제12조의 휴학 기간에는 학업장려금을 지급하지 않는다. 다만, 수학기관장이 장학\n생의 부득이한 국내 체류로 학업장려금 지급이 불가피함을 신청하여 교육원장이\n인정하면 지급할 수 있다.\n⑤외국대학과의 공동학위 등을 운영하는 경우, 외국대학에서 수학하는 기간의 장학\n금은 지급하지 아니한다. 다만 국내 대학에 납부하는 등록금은 지급한다.\n⑥제19조에 따라 장학생 자격이 상실되면 해당 장학생에게 장학금을 지급하지 않는다.\n다만, 본인의 의사에 의하지 않은 중도 포기 등의 사유로 교육원장이 인정하는 경우\n- 8 -', '라. 인턴 활동의 경우\n마. 그 밖에 법무부 등 관계 기관이 정한 외국인 유학생 취업 허용 범위 내 활동\n4. 제3호 마목에 따른 활동은 원칙적으로 동 지침 제18조 제2호 성적 경고를 받은 장학생\n에게는 허용하지 아니한다. 다만, 다음 각 목의 요건을 모두 충족하는 경우에는 예외적\n으로 허용할 수 있다.\n가. 성적경고를 1회만 받은 경우\n나. 직전 학기 성적 평점평균(백분위 환산점수)이 학사 및 전문학사 과정 80/100 이\n상, 석사 및 박사 과정 85/100 이상을 충족한 경우\n다. 수학대학장이 학업 지속 가능성을 인정한 경우\n5. 성적경고를 2회 이상 받은 장학생에 대하여는 제4호 단서의 예외를 적용하지 아니한다.\n③학위과정 장학생은 수학대학이 정한 졸업 요건을 충족한 경우 또는 취업 이후에도 수\n학대학의 학적 유지가 가능한 경우 취업할 수 있다.\n④제3항에 따라 취업한 장학생이 학업을 지속하고 수학대학의 학적을 유지하는 경우에는\n장학생 자격을 유지할 수 있으며, 장학금 지급 여부는 학업 이행 여부, 학업 성취도 및\n대학의 의견 등을 종합적으로 고려하여 결정한다.\n⑤교육원장은 정부초청 외국인 장학생(GKS) 사업의 성과 분석 및 동문 네트워크 구축을\n위하여 관련 법령이 허용하는 범위 내에서 졸업생(동문)의 진로, 취업, 거주 국가 등\n현황을 조사할 수 있다.\n⑥교육원장은 제5항에 따른 조사 수행을 위하여 필요한 경우, 관련 법령에 따라 수학대\n학장에게 졸업생(동문) 조사에 필요한 정보 및 현황 자료 등을 요청할 수 있다. 이 경\n우 수학대학장은 특별한 사정이 없는 한 이에 협조하여야 한다.\n제25조(장학생 관리실적 평가) 교육원장은 수학기관에 대하여 장학생 관리실적을 평가하고,\n그 결과를 수학대학 선정 및 장학생 인원 배정 등에 반영할 수 있다.\n부 칙\n이 지침은 2019. 6. 20.부터 시행한다.\n이 지침은 2020. 6. 22.부터 시행하며, 장학 기간 중인 장학생 전체에 적용된다.']","이 대학교에서 유학생을 위한 장학금은 다음과 같은 종류가 있습니다:

1. **외국인 우수신입생 장학금**:
   - **A**: 수업료 100% (한국어능력시험(TOPIK) 5급 이상 소지자)
   - **B**: 수업료 60% (한국어능력시험(TOPIK) 4급 소지자)
   - **C**: 수업료 50% (한국어능력시험(TOPIK) 3급 소지자, 특별전형 합격자)
   - **D**: 수업료 40% (동아한국어능력시험 3급 이상 소지자)
   - **E**: 수업료 30% (A, B, C, D에 해당되지 않는 자)

2. **외국인 유학생 국가장학금**:
   - 특정 학과의 외국인 신입학 특별전형 합격자 중 학과 추천자를 대상으로 하며, 수혜 기간은 첫 학기로 설정되어 있습니다. 이 장학금은 수업료 전액을 지원합니다.

이 장학금들은 입학학기에만 적용되며, 두 번째 학기부터는 재학생 장학금 기준에 따라 지급됩니다. 장학금 지급 기준 및 지급액은 학교의 장학 제도에 따라 변동될 수 있습니다.","유학생을 위한 장학금으로는 첫학기 우수장학금Ⅰ, 우수장학금Ⅱ 등이 있으며, 장학금 지급 대상 학과는 변동될 수 있습니다.",1.0,0.48866256515656153,0.499999999975,1.0
동아대학교 국제교류과에 문의할 때 전화번호는 무엇인가요?,"['자.기타전형에관한모든심의및평가에따른사항은본대학교에서결정합니다. 차.본전형에합격한후비자취득및변경에문제가없어야합니다.학업을위한비자취득및변경을하지못할경우, 본교에서입학허가를취소할수있습니다. 카.입학후첫학기에는휴학불가합니다. ※ 동아대학교 학부 외국인 특별전형 모집에 관한 권한과 책임은 본 대학교 국제교류과에 있으며, 기타 유학원이나 제3자가제공하는정보에대해서는동아대학교가책임지지않습니다. - 14 - |', '나.제출장소:동아대학교국제교류과(우편또는방문제출)\n국문주소 영문주소\n(49236) Office of International Affairs,\n우) 49236 부산광역시서구구덕로225\nB03-0202, BuminCampus, Dong-A University,\n동아대학교부민캠퍼스B03-0202국제교류과\n225 Gudeok-ro, Seo-gu, Busan, Korea\n전화)051-200-6444\n☎82-51-200-6444\n- 13 -', '∙입학사정에사용된전형자료에주요사항이누락되거나서류허위작성,위·변조등부정이있다고판단되는경우\n자.기타전형에관한모든심의및평가에따른사항은본대학교에서결정합니다.\n차.본전형에합격한후비자취득및변경에문제가없어야합니다.학업을위한비자취득및변경을하지못할경우,\n본교에서입학허가를취소할수있습니다.\n카.입학후첫학기에는휴학불가합니다.\n※ 동아대학교 학부 외국인 특별전형 모집에 관한 권한과 책임은 본 대학교 국제교류과에 있으며, 기타 유학원이나\n제3자가제공하는정보에대해서는동아대학교가책임지지않습니다.\n- 14 -', '| Korean | English |\n| 우) 49236 부산광역시서구구덕로225 동아대학교, 부민캠퍼스,B03-0202,국제교류과 전화)051-200-6444 | (49236) Office of International Affairs, B03-0202, BuminCampus, Dong-A University, 225 Gudeok-ro, Seo-gu, Busan, Korea ☎82-51-200-6444 |', '동아대학교 2026학년도 후기\n학부 외국인 신(편)입학 특별전형\n모집요강\n(한국어 트랙)\n2026\n\n[Tables]\n|  |\n| 동아대학교 2026학년도 후기 학부 외국인 신(편)입학 특별전형 모집요강 (한국어 트랙) 2026 |', '※ 기간내원본서류제출이불가할경우, 사전연락필수(사유없이기한내원본서류미제출시합격취소) 나.제출장소:동아대학교국제교류과(우편또는방문제출) 국문주소 영문주소 (49236) Office of International Affairs, 우) 49236 부산광역시서구구덕로225 B03-0202, BuminCampus, Dong-A University, 동아대학교부민캠퍼스B03-0202국제교류과 225 Gudeok-ro, Seo-gu, Busan, Korea 전화)051-200-6444 ☎82-51-200-6444 - 13 - |', '| 9. 지원자 유의사항 가.지원자는반드시본모집요강의내용을철저히숙지하여원서접수및전형에착오가없도록해야하며,또한본 대학교가정한소정의전형절차에따라야합니다.지원자의착오및전형절차에따르지않음으로인해발생되는 불이익(원서접수취소,전공구술고사응시불허,불합격및합격취소등)에 대하여본교에서책임을지지않으며 전형성적및평가내용은공개하지않습니다. 나.원서접수기간마감이후지원과정및지원학과는수정이불가하며접수완료후에는지원을취소할수없습니다, 다.인터넷접수및전형료를 납부하였더라도서류제출마감일까지구비서류 전체혹은일부미제출자는 학과평가를 거치지않고불합격으로처리합니다. 라. 합격자는 등록기간 내에 반드시 지정된 장소에 등록금을 납부하여야 하며, 기간 내 등록금을 납부하지 않은 자는 불합격처리합니다. 마.본전형에합격하여등록한자는타대학에이중등록할수없습니다.이를위반하면관계법에따라합격및입학이 취소됩니다. 바.지원자격에적합한지원자라도수학능력이부족하다고판단될경우,선발하지않을수있습니다. 사.전형에관한모든공지 사항은본교국제교류과 홈페이지를통해공지합니다.인터넷원서접수 시연락가능한연 락처와 E-mail주소를정확하게입력하지않거나지원자와연락이되지않아불이익이발생한경우본교는책임을 지지않습니다. 아. 다음 사항에 해당하는 경우에는 입학 이후라도 합격 또는 입학을 취소하고 학적을 말소하며 민‧형사상의 책임을 물을수있습니다.입학이 취소되는경우해당자가 납부한 등록금은반환하지않습니다.또한본교 및타 대학교에 서아래의사유로합격또는입학이취소된경우,취소된날로부터3년간본대학교에지원할수없습니다. ∙대리면접등부정한방법으로지원하거나이에협조하여공정한학생선발업무를방해한경우 ∙입학사정에사용된전형자료에주요사항이누락되거나서류허위작성,위·변조등부정이있다고판단되는경우 자.기타전형에관한모든심의및평가에따른사항은본대학교에서결정합니다. 차.본전형에합격한후비자취득및변경에문제가없어야합니다.학업을위한비자취득및변경을하지못할경우, 본교에서입학허가를취소할수있습니다. 카.입학후첫학기에는휴학불가합니다. ※ 동아대학교 학부 외국인 특별전형 모집에 관한 권한과 책임은 본 대학교']",동아대학교 국제교류과에 문의할 때 전화번호는 051-200-6444입니다. 국제전화 시에는 +82-51-200-6444로 연락하시면 됩니다.,051-200-6444 또는 82-51-200-6444입니다.,1.0,0.6725128903260934,0.49999999998333333,1.0
유학생이 입학 지원 시 필수 제출 서류는 무엇인가요?,"['6. 제출 서류\n가. 필수 제출 서류\n구분\n순번 제출서류 비고\n신입 편입\n- 온라인접수후출력\n1 입학지원서 ● ●\n(applydonga.accomsystem.co.kr)\n● ●\n2 자기소개서 (양식1)\n3 학력조회동의서 ● ● (양식2)\n- ‘유의사항마.’ 참조\n4 고등학교졸업(예정)증명서 ● ●\n- 아포스티유혹은한국영사확인\n- 유의사항바.’ 참조\n5 고등학교성적증명서 ● ● - 고등학교전학년성적기재\n- 아포스티유혹은한국영사확인\n- ‘유의사항마.’ 참조\n전적대학졸업(예정)증명서 또는 - 아포스티유혹은한국영사확인\n6 ●\n재학증명서 - 편입지원자중학사과정재학생은재학증명서,\n전문학사졸업(예정)생은졸업(예정)증명서제출\n- 유의사항바.’ 참조\n7 전적대학성적증명서 ● - 대학교전과정성적기재\n- 아포스티유혹은한국영사확인\n8 부모·학생관계증명서 ● ● - 유의사항사.’ 참조\n- 국적확인가능한신분증제출\n9 본인및부모의신분증사본 ● ●\n(여권혹은본국신분증)\n10 재정능력입증서류(은행잔고증명서) ● ● - ‘유의사항아.’ 참조\n재정보증확인서 ● ● (양식3)\n재정능력입증서류의\n11 재정보증인수입증명서 ● ●\n주체가본인이아닐시\n재직증명서 ● ●\n- 유효기간내성적만접수가능\n12 어학능력입증서류 ● ●\n(접수마감일기준2년이내취득)\n13 여권사본 ● ●\n※ 양식별첨\n※ 원서접수기간내필수제출서류를전체스캔하여원서접수사이트에업로드\n※ 업로드시, 항목당파일한개로통합하여제출(PDF, JPG, PNG파일형식)\n※제출서류중[한국어또는영어]외의다른언어로된서류는한국어또는영어로번역공증을받아제출\n- 9 -', '[Tables]\n|  |\n| 6. 제출 서류 가. 필수 제출 서류 구분 순번 제출서류 비고 신입 편입 - 온라인접수후출력 1 입학지원서 ● ● (applydonga.accomsystem.co.kr) ● ● 2 자기소개서 (양식1) 3 학력조회동의서 ● ● (양식2) - ‘유의사항마.’ 참조 4 고등학교졸업(예정)증명서 ● ● - 아포스티유혹은한국영사확인 - 유의사항바.’ 참조 5 고등학교성적증명서 ● ● - 고등학교전학년성적기재 - 아포스티유혹은한국영사확인 - ‘유의사항마.’ 참조 전적대학졸업(예정)증명서 또는 - 아포스티유혹은한국영사확인 6 ● 재학증명서 - 편입지원자중학사과정재학생은재학증명서, 전문학사졸업(예정)생은졸업(예정)증명서제출 - 유의사항바.’ 참조 7 전적대학성적증명서 ● - 대학교전과정성적기재 - 아포스티유혹은한국영사확인 8 부모·학생관계증명서 ● ● - 유의사항사.’ 참조 - 국적확인가능한신분증제출 9 본인및부모의신분증사본 ● ● (여권혹은본국신분증) 10 재정능력입증서류(은행잔고증명서) ● ● - ‘유의사항아.’ 참조 재정보증확인서 ● ● (양식3) 재정능력입증서류의 11 재정보증인수입증명서 ● ● 주체가본인이아닐시 재직증명서 ● ● - 유효기간내성적만접수가능 12 어학능력입증서류 ● ● (접수마감일기준2년이내취득) 13 여권사본 ● ● ※ 양식별첨 ※ 원서접수기간내필수제출서류를전체스캔하여원서접수사이트에업로드 ※ 업로드시, 항목당파일한개로통합하여제출(PDF, JPG, PNG파일형식) ※제출서류중[한국어또는영어]외의다른언어로된서류는한국어또는영어로번역공증을받아제출 - 9 - |\n| 순번 | 제출서류 |  | 구분 |  | 비고 |\n|  |  |  | 신입 | 편입 |  |\n| 1 | 입학지원서 |  | ● | ● | - 온라인접수후출력 (applydonga.accomsystem.co.kr) |\n| 2 | 자기소개서 |  | ● | ● | (양식1) |\n| 3 | 학력조회동의서 |  | ● | ● | (양식2) |', '[필독] 지원자 유의사항\n1. 지원서 작성시 영문 성명, 생년월일은 반드시 여권과 일치하게\n작성 (성, 이름 순서)\n예시 이름: Hong Gilsoon\n2. 지원서 제출 후 지원 학과 및 전공 변경 불가\n3. 제출한 모든 서류는 원칙적으로 반환하지 않으며, 지원 시 서류 반환\n불가에 동의함으로 간주함. 원본 재발급이 불가능한 서류의 경우,\n정부공인 공증 기관 등을 통한 공증 원본을 제출\n4. 비자 발급을 위해 대사관에서 요청하는 은행잔고증명서 및\n필요서류는 별도로 준비해야함\n5. 원서접수 마감 기간 이후 제출 서류가 미비할 경우 서류 탈락 처리됨.\n문서 미첨부 등의 사고는 지원자 본인에게 책임이 있음\n6. 인터넷 원서 접수 시 연락 가능한 연락처 등 개인정보를 정확하게\n입력해야 하며, 전형에 관한 모든 공지는 본교 국제교류과 홈페이지를\n통해 공지함.\n7. 본 모집요강(지원자 유의 사항)을 반드시 숙지하고 지원해야함\n\n[Tables]\n|  |\n| [필독] 지원자 유의사항 1. 지원서 작성시 영문 성명, 생년월일은 반드시 여권과 일치하게 작성 (성, 이름 순서) 예시 이름: Hong Gilsoon 2. 지원서 제출 후 지원 학과 및 전공 변경 불가 3. 제출한 모든 서류는 원칙적으로 반환하지 않으며, 지원 시 서류 반환 불가에 동의함으로 간주함. 원본 재발급이 불가능한 서류의 경우, 정부공인 공증 기관 등을 통한 공증 원본을 제출 4. 비자 발급을 위해 대사관에서 요청하는 은행잔고증명서 및 필요서류는 별도로 준비해야함 5. 원서접수 마감 기간 이후 제출 서류가 미비할 경우 서류 탈락 처리됨. 문서 미첨부 등의 사고는 지원자 본인에게 책임이 있음 6. 인터넷 원서 접수 시 연락 가능한 연락처 등 개인정보를 정확하게 입력해야 하며, 전형에 관한 모든 공지는 본교 국제교류과 홈페이지를 통해 공지함. 7. 본 모집요강(지원자 유의 사항)을 반드시 숙지하고 지원해야함 |', '목차\n[지원자 유의사항]\n1. 전형 일정 ……………………………………… 1\n2. 지원 절차 ……………………………………… 1\n3. 지원 자격 ……………………………………… 2\n4. 전형 방법 ……………………………………… 3\n5. 모집 단위 ……………………………………… 3\n6. 제출 서류 ……………………………………… 9\n7. 서류제출 유의사항 ……………………………………… 11\n8. 합격자 유의사항 ………………………………13\n9. 지원자유의사항 ………………………………14\n10. 합격자 발표 ……………………………… 15\n11. 전형료 및 등록금 ……………………………… 15\n12. 장학금 ……………………………………… 16\n13. 기타 사항 …………………………………… 17\n14. 문의 ………………………………………… 18\n15. 캠퍼스별 안내도 ………………………………… 19\n※ 별첨 : 각종 지원서 양식 2026\n\n[Tables]\n|  |\n| 목차 [지원자 유의사항] 1. 전형 일정 ……………………………………… 1 2. 지원 절차 ……………………………………… 1 3. 지원 자격 ……………………………………… 2 4. 전형 방법 ……………………………………… 3 5. 모집 단위 ……………………………………… 3 6. 제출 서류 ……………………………………… 9 7. 서류제출 유의사항 ……………………………………… 11 8. 합격자 유의사항 ………………………………13 9. 지원자유의사항 ………………………………14 10. 합격자 발표 ……………………………… 15 11. 전형료 및 등록금 ……………………………… 15 12. 장학금 ……………………………………… 16 13. 기타 사항 …………………………………… 17 14. 문의 ………………………………………… 18 15. 캠퍼스별 안내도 ………………………………… 19 ※ 별첨 : 각종 지원서 양식 2026 |', '| 순번 | 제출서류 |  | 구분 |  | 비고 |\n|  |  |  | 신입 | 편입 |  |\n| 1 | 입학지원서 |  | ● | ● | - 온라인접수후출력 (applydonga.accomsystem.co.kr) |\n| 2 | 자기소개서 |  | ● | ● | (양식1) |\n| 3 | 학력조회동의서 |  | ● | ● | (양식2) |\n| 4 | 고등학교졸업(예정)증명서 |  | ● | ● | - ‘유의사항마.’ 참조 - 아포스티유혹은한국영사확인 |\n| 5 | 고등학교성적증명서 |  | ● | ● | - 유의사항바.’ 참조 - 고등학교전학년성적기재 - 아포스티유혹은한국영사확인 |\n| 6 | 전적대학졸업(예정)증명서 또는 재학증명서 |  |  | ● | - ‘유의사항마.’ 참조 - 아포스티유혹은한국영사확인 - 편입지원자중학사과정재학생은재학증명서, 전문학사졸업(예정)생은졸업(예정)증명서제출 |\n| 7 | 전적대학성적증명서 |  |  | ● | - 유의사항바.’ 참조 - 대학교전과정성적기재 - 아포스티유혹은한국영사확인 |\n| 8 | 부모·학생관계증명서 |  | ● | ● | - 유의사항사.’ 참조 |\n| 9 | 본인및부모의신분증사본 |  | ● | ● | - 국적확인가능한신분증제출 (여권혹은본국신분증) |\n| 10 | 재정능력입증서류(은행잔고증명서) |  | ● | ● | - ‘유의사항아.’ 참조 |\n| 11 | 재정능력입증서류의 주체가본인이아닐시 | 재정보증확인서 | ● | ● | (양식3) |\n|  |  | 재정보증인수입증명서 | ● | ● |  |\n|  |  | 재직증명서 | ● | ● |  |\n| 12 | 어학능력입증서류 |  | ● | ● | - 유효기간내성적만접수가능 (접수마감일기준2년이내취득) |\n| 13 | 여권사본 |  | ● | ● |  |', '13. 기타 사항\n나. 유학생 보험\n- 유학기간 중, 예상치 못한 질병, 상해, 사망 등 불의의 사고에 대비하여 유학생 전원 의무가입\n- 2021년3월부터 외국인 유학생 국민건강보험 당연 가입(약 월 60,000원)\n다. 유학생 지원 프로그램\n프로그램명 프로그램내용\n외국인학부신/편입생과한국인재학생을多:1로매치하여외국인학부학교생\n유학생학습튜터링\n활안내및학업지원\n학부유학생(2~4학년)들의전공학습지원을위한튜터링프로그램\n유학생전공스터디그룹\n(한국인튜터, 유학생튜티로스터디진행)\n본교한국인재학생과외국인재학생이모여부산지역거주외국인들을\n동아동화\n대상으로지역사회봉사활동기획/운영\n외국인유학생대상문화활동기획및홍보를통한내·외국인재학생간국제교\n데일리(Dong-AI Love You)\n류활동활성화를위한다양한역할을수행할수있는프로그램\n유학생체육대회, International Day,한국문화체험, 글로벌리더스클럽(Global\n기타행사\nLeaders Club)-취업역량강화프로그램, 한국법령교육등\n라. 합격자 표준입학허가서 발급 및 비자 안내: 합격자에 한하여 별도 안내\n마. 신입생 오리엔테이션: 일정 추후 안내 예정이며 전원 참석 필수\n14. 문의\n가. 국제교류과 (입학 문의)\n-주소:부산광역시서구구덕로225동아대학교부민캠퍼스,B03-0202국제교류과\n-전화:+82-51-200-6444\n-이메일:contact@donga.ac.kr\n-홈페이지:(국문)https://global.donga.ac.kr// (영문)https://global.donga.ac.kr/dongaoia/\n-문의가능시간:월~금요일,09:00~17:00(12:00~13:00제외)\n나. 각 학과 사무실 (학사·전공 문의)\n-각학과홈페이지참조\n-https://about.donga.ac.kr/about/Main.do\n- 18 -', '나. 선택 제출 서류\n순번 제출서류 비고\n-교육과정, 표준시험성적평균및분포등의내용\n1 출신고등학교관련자료\n- 학교소개자료혹은기타공식자료(해당국가교육부자료)포함가능\n-고등학교재학기간중지원자의학내활동을파악할수있는교내활동증빙자료\n(자율활동, 동아리, 진로·봉사활동,교내수상경력, 학교생활기록부등)\n2 교내활동자료\n※학교장직인또는서명이포함된서류제출필수\n※교외활동(교외대회참여사실,수상실적등) 기재불가\n3 표준학력시험결과 -본국의고등학교졸업시험혹은대학입학시험성적증명서\n※제출서류는서류심사평가요소로활용될수있음\n※제출서류중[한국어또는영어]외의다른언어로된서류는한국어또는영어로번역공증을받아제출\n※자기소개서(학업계획서)및추천서제출폐지에따라관련서류는제출불가\n- 10 -']","유학생이 입학 지원 시 필수 제출 서류는 다음과 같습니다:

1. 입학지원서
2. 자기소개서 (양식1)
3. 학력조회동의서 (양식2)
4. 고등학교 졸업(예정) 증명서
5. 고등학교 성적증명서
6. 전적 대학 졸업(예정) 증명서 또는 재학증명서 (편입 지원자에 해당)
7. 전적 대학 성적증명서
8. 부모·학생 관계증명서
9. 본인 및 부모의 신분증 사본 (여권 혹은 본국 신분증)
10. 재정능력 입증 서류 (은행 잔고 증명서)
11. 재정능력 입증 서류의 주체가 본인이 아닐 시 재정보증 확인서, 재정보증인수입증명서, 재직증명서
12. 어학능력 입증 서류
13. 여권 사본

이 서류들은 원서 접수 기간 내에 전체 스캔하여 원서 접수 사이트에 업로드해야 하며, 제출 서류 중 한국어 또는 영어 외의 다른 언어로 된 서류는 한국어 또는 영어로 번역 공증을 받아 제출해야 합니다.","유학생이 입학 지원 시 필수 제출 서류는 입학지원서, 자기소개서, 학력조회동의서, 고등학교 졸업(예정) 증명서, 고등학교 성적증명서, 전적 대학 졸업(예정) 증명서 또는 재학증명서, 전적 대학 성적증명서, 부모·학생 관계증명서, 본인 및 부모의 신분증 사본, 재정능력 입증 서류(은행 잔고 증명서), 재정보증 확인서, 재정보증인 수입증명서, 재직증명서, 어학능력 입증 서류, 여권 사본입니다.",1.0,0.5443484936496915,0.94999999997625,1.0
유학생 비자 신청 시 결핵 증명서를 제출해야 하는 경우는 어떤 경우인가요?,"['13. 기타 사항\n나. 유학생 보험\n- 유학기간 중, 예상치 못한 질병, 상해, 사망 등 불의의 사고에 대비하여 유학생 전원 의무가입\n- 2021년3월부터 외국인 유학생 국민건강보험 당연 가입(약 월 60,000원)\n다. 유학생 지원 프로그램\n프로그램명 프로그램내용\n외국인학부신/편입생과한국인재학생을多:1로매치하여외국인학부학교생\n유학생학습튜터링\n활안내및학업지원\n학부유학생(2~4학년)들의전공학습지원을위한튜터링프로그램\n유학생전공스터디그룹\n(한국인튜터, 유학생튜티로스터디진행)\n본교한국인재학생과외국인재학생이모여부산지역거주외국인들을\n동아동화\n대상으로지역사회봉사활동기획/운영\n외국인유학생대상문화활동기획및홍보를통한내·외국인재학생간국제교\n데일리(Dong-AI Love You)\n류활동활성화를위한다양한역할을수행할수있는프로그램\n유학생체육대회, International Day,한국문화체험, 글로벌리더스클럽(Global\n기타행사\nLeaders Club)-취업역량강화프로그램, 한국법령교육등\n라. 합격자 표준입학허가서 발급 및 비자 안내: 합격자에 한하여 별도 안내\n마. 신입생 오리엔테이션: 일정 추후 안내 예정이며 전원 참석 필수\n14. 문의\n가. 국제교류과 (입학 문의)\n-주소:부산광역시서구구덕로225동아대학교부민캠퍼스,B03-0202국제교류과\n-전화:+82-51-200-6444\n-이메일:contact@donga.ac.kr\n-홈페이지:(국문)https://global.donga.ac.kr// (영문)https://global.donga.ac.kr/dongaoia/\n-문의가능시간:월~금요일,09:00~17:00(12:00~13:00제외)\n나. 각 학과 사무실 (학사·전공 문의)\n-각학과홈페이지참조\n-https://about.donga.ac.kr/about/Main.do\n- 18 -', '| 순번 | 제출서류 |  | 구분 |  | 비고 |\n|  |  |  | 신입 | 편입 |  |\n| 1 | 입학지원서 |  | ● | ● | - 온라인접수후출력 (applydonga.accomsystem.co.kr) |\n| 2 | 자기소개서 |  | ● | ● | (양식1) |\n| 3 | 학력조회동의서 |  | ● | ● | (양식2) |\n| 4 | 고등학교졸업(예정)증명서 |  | ● | ● | - ‘유의사항마.’ 참조 - 아포스티유혹은한국영사확인 |\n| 5 | 고등학교성적증명서 |  | ● | ● | - 유의사항바.’ 참조 - 고등학교전학년성적기재 - 아포스티유혹은한국영사확인 |\n| 6 | 전적대학졸업(예정)증명서 또는 재학증명서 |  |  | ● | - ‘유의사항마.’ 참조 - 아포스티유혹은한국영사확인 - 편입지원자중학사과정재학생은재학증명서, 전문학사졸업(예정)생은졸업(예정)증명서제출 |\n| 7 | 전적대학성적증명서 |  |  | ● | - 유의사항바.’ 참조 - 대학교전과정성적기재 - 아포스티유혹은한국영사확인 |\n| 8 | 부모·학생관계증명서 |  | ● | ● | - 유의사항사.’ 참조 |\n| 9 | 본인및부모의신분증사본 |  | ● | ● | - 국적확인가능한신분증제출 (여권혹은본국신분증) |\n| 10 | 재정능력입증서류(은행잔고증명서) |  | ● | ● | - ‘유의사항아.’ 참조 |\n| 11 | 재정능력입증서류의 주체가본인이아닐시 | 재정보증확인서 | ● | ● | (양식3) |\n|  |  | 재정보증인수입증명서 | ● | ● |  |\n|  |  | 재직증명서 | ● | ● |  |\n| 12 | 어학능력입증서류 |  | ● | ● | - 유효기간내성적만접수가능 (접수마감일기준2년이내취득) |\n| 13 | 여권사본 |  | ● | ● |  |', '[Tables]\n|  |\n| 13. 기타 사항 나. 유학생 보험 - 유학기간 중, 예상치 못한 질병, 상해, 사망 등 불의의 사고에 대비하여 유학생 전원 의무가입 - 2021년3월부터 외국인 유학생 국민건강보험 당연 가입(약 월 60,000원) 다. 유학생 지원 프로그램 프로그램명 프로그램내용 외국인학부신/편입생과한국인재학생을多:1로매치하여외국인학부학교생 유학생학습튜터링 활안내및학업지원 학부유학생(2~4학년)들의전공학습지원을위한튜터링프로그램 유학생전공스터디그룹 (한국인튜터, 유학생튜티로스터디진행) 본교한국인재학생과외국인재학생이모여부산지역거주외국인들을 동아동화 대상으로지역사회봉사활동기획/운영 외국인유학생대상문화활동기획및홍보를통한내·외국인재학생간국제교 데일리(Dong-AI Love You) 류활동활성화를위한다양한역할을수행할수있는프로그램 유학생체육대회, International Day,한국문화체험, 글로벌리더스클럽(Global 기타행사 Leaders Club)-취업역량강화프로그램, 한국법령교육등 라. 합격자 표준입학허가서 발급 및 비자 안내: 합격자에 한하여 별도 안내 마. 신입생 오리엔테이션: 일정 추후 안내 예정이며 전원 참석 필수 14. 문의 가. 국제교류과 (입학 문의) -주소:부산광역시서구구덕로225동아대학교부민캠퍼스,B03-0202국제교류과 -전화:+82-51-200-6444 -이메일:contact@donga.ac.kr -홈페이지:(국문)https://global.donga.ac.kr// (영문)https://global.donga.ac.kr/dongaoia/ -문의가능시간:월~금요일,09:00~17:00(12:00~13:00제외) 나. 각 학과 사무실 (학사·전공 문의) -각학과홈페이지참조 -https://about.donga.ac.kr/about/Main.do - 18 - |\n| 프로그램명 | 프로그램내용 |\n| 유학생학습튜터링 | 외국인학부신/편입생과한국인재학생을多:1로매치하여외국인학부학교생 활안내및학업지원 |', '6. 제출 서류\n가. 필수 제출 서류\n구분\n순번 제출서류 비고\n신입 편입\n- 온라인접수후출력\n1 입학지원서 ● ●\n(applydonga.accomsystem.co.kr)\n● ●\n2 자기소개서 (양식1)\n3 학력조회동의서 ● ● (양식2)\n- ‘유의사항마.’ 참조\n4 고등학교졸업(예정)증명서 ● ●\n- 아포스티유혹은한국영사확인\n- 유의사항바.’ 참조\n5 고등학교성적증명서 ● ● - 고등학교전학년성적기재\n- 아포스티유혹은한국영사확인\n- ‘유의사항마.’ 참조\n전적대학졸업(예정)증명서 또는 - 아포스티유혹은한국영사확인\n6 ●\n재학증명서 - 편입지원자중학사과정재학생은재학증명서,\n전문학사졸업(예정)생은졸업(예정)증명서제출\n- 유의사항바.’ 참조\n7 전적대학성적증명서 ● - 대학교전과정성적기재\n- 아포스티유혹은한국영사확인\n8 부모·학생관계증명서 ● ● - 유의사항사.’ 참조\n- 국적확인가능한신분증제출\n9 본인및부모의신분증사본 ● ●\n(여권혹은본국신분증)\n10 재정능력입증서류(은행잔고증명서) ● ● - ‘유의사항아.’ 참조\n재정보증확인서 ● ● (양식3)\n재정능력입증서류의\n11 재정보증인수입증명서 ● ●\n주체가본인이아닐시\n재직증명서 ● ●\n- 유효기간내성적만접수가능\n12 어학능력입증서류 ● ●\n(접수마감일기준2년이내취득)\n13 여권사본 ● ●\n※ 양식별첨\n※ 원서접수기간내필수제출서류를전체스캔하여원서접수사이트에업로드\n※ 업로드시, 항목당파일한개로통합하여제출(PDF, JPG, PNG파일형식)\n※제출서류중[한국어또는영어]외의다른언어로된서류는한국어또는영어로번역공증을받아제출\n- 9 -', '[필독] 지원자 유의사항\n1. 지원서 작성시 영문 성명, 생년월일은 반드시 여권과 일치하게\n작성 (성, 이름 순서)\n예시 이름: Hong Gilsoon\n2. 지원서 제출 후 지원 학과 및 전공 변경 불가\n3. 제출한 모든 서류는 원칙적으로 반환하지 않으며, 지원 시 서류 반환\n불가에 동의함으로 간주함. 원본 재발급이 불가능한 서류의 경우,\n정부공인 공증 기관 등을 통한 공증 원본을 제출\n4. 비자 발급을 위해 대사관에서 요청하는 은행잔고증명서 및\n필요서류는 별도로 준비해야함\n5. 원서접수 마감 기간 이후 제출 서류가 미비할 경우 서류 탈락 처리됨.\n문서 미첨부 등의 사고는 지원자 본인에게 책임이 있음\n6. 인터넷 원서 접수 시 연락 가능한 연락처 등 개인정보를 정확하게\n입력해야 하며, 전형에 관한 모든 공지는 본교 국제교류과 홈페이지를\n통해 공지함.\n7. 본 모집요강(지원자 유의 사항)을 반드시 숙지하고 지원해야함\n\n[Tables]\n|  |\n| [필독] 지원자 유의사항 1. 지원서 작성시 영문 성명, 생년월일은 반드시 여권과 일치하게 작성 (성, 이름 순서) 예시 이름: Hong Gilsoon 2. 지원서 제출 후 지원 학과 및 전공 변경 불가 3. 제출한 모든 서류는 원칙적으로 반환하지 않으며, 지원 시 서류 반환 불가에 동의함으로 간주함. 원본 재발급이 불가능한 서류의 경우, 정부공인 공증 기관 등을 통한 공증 원본을 제출 4. 비자 발급을 위해 대사관에서 요청하는 은행잔고증명서 및 필요서류는 별도로 준비해야함 5. 원서접수 마감 기간 이후 제출 서류가 미비할 경우 서류 탈락 처리됨. 문서 미첨부 등의 사고는 지원자 본인에게 책임이 있음 6. 인터넷 원서 접수 시 연락 가능한 연락처 등 개인정보를 정확하게 입력해야 하며, 전형에 관한 모든 공지는 본교 국제교류과 홈페이지를 통해 공지함. 7. 본 모집요강(지원자 유의 사항)을 반드시 숙지하고 지원해야함 |', '| 7. 서류제출 유의사항 가.접수완료(전형료결제)이후전공변경,추가서류제출등의접수사항변경이불가함 나.접수기간내온라인원서접수사이트에모든제출서류를첨부해야하며필수제출서류미비혹은식별이 불가능한서류인경우결격처리함※우편,이메일을통한서류제출불가 다.제출서류중[한국어또는영어]외의다른언어로된서류는한국어또는영어로번역공증을받아제출 라.제출서류이외에자격심사를위하여필요한서류를추가로요구할수있으며,국제교류과의판단에의해 제출서류를가감할수있음 마.학력입증서류:졸업(예정)증명서 ∙지원자가제출한‘학력조회동의서’를 바탕으로최종출신학교에대해학력조회를할수있으며최종적으로학력 조회가미회신되는경우입학을취소할수있음 ∙학력입증서류는아래의방법으로인증을받은후제출해야함 [학력입증서류인증방법] 1)아포스티유협약국:아포스티유확인서(학교소재국지정기관) 2)아포스티유비협약국:영사인증(학교소재국영사관) 3)중국내학위취득자:①과②모두제출 ①중국교육부학력인증센터(CHSI) 발행학위인증보고서(영문버전)-http://www.chsi.com.cn ②졸업증명서(번역공증) 단,중국교육부학력인증센터(CHSI) 인증보고서발행이불가할경우아래기준에따라서류제출 구 분 기 준 보통중등전문학교(普通中专) ①온라인발행 Regular Specialized ⅰ)지방교육당국발행졸업증명서*: 아포스티유필요 Secondary Schools ※온라인에서진위여부확인가능한경우만인정 직업고등학교(职业高中) ②오프라인발행(‘학교정보확인서(붙임7)’ 제출필수) Vocational High Schools 중등 ⅰ)지방교육당국발행졸업증명서:아포스티유필요 직업 성인중등전문학교(成人中专)ⅱ)학교자체발행졸업증명서:성교육청(시교육국)*확인+아포스티유필요 학교 Adult Specialized ※직할시(베이징,상하이,충칭,텐진)의교육청공식명칭은‘교육위원회’임 Secondary Schools 인적자원사회보장부공식홈페이지(www.mohrss.gov.cn) 온라인조회본* 기술공업학교(技工学校) +주중한국영사확인 Skilled Workers Schools', '학과(부) 변경 등의 절차를 거칠 수 있다.\n제9조(등록) ①장학생은 수학기관이 정한 등록기간 내에 등록하여야 한다.\n②수학기관장은 장학생이 매학기 등록 기한까지 등록을 아니한 경우 교육원장에게\n보고하여야 한다.\n제10조(수학 의무) 장학생은 수학기관의 학칙, 규정 등에 따라 성실히 수강하여야 한다.\n제11조(수학 상황 보고) ①수학기관장은 장학생의 수학 상황을 매학기 종료 후에 다음\n각호와 같이 교육원장에게 보고하여야 한다.\n1. 한국어연수과정 : 성적 및 수료 상황\n2. 학위과정 : 성적, 수료 및 학위 취득 상황\n②특화과정으로 교육원장이 인정하는 외국대학과의 공동학위 및 복수학위(이하 “공동\n학위 등”이라 한다)를 운영하는 수학대학장은 다음 각 호의 사항을 교육원장에게 보고\n하여야 한다.\n1. 매학기 종료 후에 성적, 수료 및 학위 취득 상황. 다만 외국대학에서 공동학위 등\n을 수학하는 기간의 성적은 제외\n2. 학기 개시 1개월 전에 공동학위 등을 운영하는 외국대학의 명칭, 외국대학 체류 학기\n및 체류 기간\n3. 공동학위 등 이수를 위한 출입국일. 출국일은 7일 전까지, 입국일은 7일 이내 보고\n③학위과정 장학생은 최종 수학 완료 시 수학종료보고서 등의 서류를 교육원장에게\n제출하여야 한다.\n제12조(휴학 등) ①한국어연수과정 장학생은 휴학할 수 없으며, 다만 본국의 긴급 소환,\n긴급한 가정 사정, 본인의 중대한 질병 등 부득이한 경우에 한하여 한국어 연수기관의\n규정에 따라 휴학 등을 신청하고 교육원장의 승인을 받아야 한다.\n②학기 시작 전 휴학하고자 하는 학위과정 장학생은 수학대학의 규정에 따라 휴학을\n신청하고 수학대학장의 승인을 받아야 한다.\n③학기 중간에 휴학하고자 하는 학위과정 장학생은 본국의 긴급 소환, 긴급한 가정\n- 4 -\n\n[Tables]']","유학생 비자 신청 시 결핵 증명서를 제출해야 하는 경우는 일반적으로 다음과 같은 상황에서 요구됩니다:

1. **국가별 요구 사항**: 일부 국가에서는 유학생 비자를 신청할 때 결핵 검사 결과를 제출하도록 요구합니다. 이는 해당 국가의 이민 정책에 따라 다를 수 있습니다.

2. **장기 체류 비자**: 장기 체류 비자를 신청하는 경우, 특히 6개월 이상 체류할 계획이 있는 경우 결핵 검사 결과를 요구하는 경우가 많습니다.

3. **건강 검진 요구**: 특정 국가에서는 유학생이 건강 검진을 받아야 하며, 이 과정에서 결핵 검사가 포함될 수 있습니다.

비자 신청 시 필요한 서류는 국가마다 다를 수 있으므로, 신청하고자 하는 국가의 대사관이나 영사관의 공식 웹사이트를 통해 구체적인 요구 사항을 확인하는 것이 중요합니다.",자신의 국가가 결핵 고위험 국가에 해당하는 경우에는 결핵 증명서를 추가로 제출해야 합니다.,0.0,0.41388562106683696,0.0,0.0
유학생의 온라인 지원 기간은 언제인가요?,"['1. 전형 일정\n일정\n구분\n3차\n1차 2차 비고\n2026.4.1.(수) ~ 2026.6.15.(월) ~ 2026.7.23(목)~ 온라인지원\n모집기간 4.14.(화), 6.21.(일), 7.29.(수),\n(applydonga.accomsystem.co.kr)\n24:00까지 24:00까지 24:00까지\n동아\n2026.04.14(화) 예정 추후공지예정 국제교류과홈페이지공지\n한국어능력평가\n2026.5.15.(금) 2026.7.20.(월) 2026.8.14(금)\n합격자발표 국제교류과홈페이지공지\n14:00예정 14:00 예정 14:00 예정\n2026.5.18.(월) 2026.7.21.(화) 2026.8.19.(화)\n등록금납부 ~ 5.20.(수) ~ 7.23.(목) ~ 8.20.(수) 합격자별도안내\n09:00 ~ 16:00 09:00 ~ 16:00 09:00 ~ 16:00\n※ 3차지원은국내체류자만가능함\n※ 전형일정은사정에따라변동될수있음\n※ 변동사항발생시국제교류과홈페이지공지예정(https://global.donga.ac.kr)\n2. 지원 절차\n온라인지원: applydonga.accomsystem.co.kr 접속\n↓\n회원가입후동아대학교‘신입학’, ‘편입학’중해당되는과정을클릭\n↓\n유의사항숙지후입학원서작성(필수제출서류전체온라인첨부)\n↓\n입학원서최종제출및전형료결제* 전형료결제완료되어야접수완료\n↓\n제출서류적격여부심사\n↓\n서류심사\n↓\n합격자발표\n↓\n등록금납부\n↓\n표준입학허가서발급(학교) 및비자신청(지원자)\n*등록금납부자및원본서류제출자에한해비자서류를발급함\n↓\n입국및오리엔테이션\n- 1 -', '[필독] 지원자 유의사항\n1. 지원서 작성시 영문 성명, 생년월일은 반드시 여권과 일치하게\n작성 (성, 이름 순서)\n예시 이름: Hong Gilsoon\n2. 지원서 제출 후 지원 학과 및 전공 변경 불가\n3. 제출한 모든 서류는 원칙적으로 반환하지 않으며, 지원 시 서류 반환\n불가에 동의함으로 간주함. 원본 재발급이 불가능한 서류의 경우,\n정부공인 공증 기관 등을 통한 공증 원본을 제출\n4. 비자 발급을 위해 대사관에서 요청하는 은행잔고증명서 및\n필요서류는 별도로 준비해야함\n5. 원서접수 마감 기간 이후 제출 서류가 미비할 경우 서류 탈락 처리됨.\n문서 미첨부 등의 사고는 지원자 본인에게 책임이 있음\n6. 인터넷 원서 접수 시 연락 가능한 연락처 등 개인정보를 정확하게\n입력해야 하며, 전형에 관한 모든 공지는 본교 국제교류과 홈페이지를\n통해 공지함.\n7. 본 모집요강(지원자 유의 사항)을 반드시 숙지하고 지원해야함\n\n[Tables]\n|  |\n| [필독] 지원자 유의사항 1. 지원서 작성시 영문 성명, 생년월일은 반드시 여권과 일치하게 작성 (성, 이름 순서) 예시 이름: Hong Gilsoon 2. 지원서 제출 후 지원 학과 및 전공 변경 불가 3. 제출한 모든 서류는 원칙적으로 반환하지 않으며, 지원 시 서류 반환 불가에 동의함으로 간주함. 원본 재발급이 불가능한 서류의 경우, 정부공인 공증 기관 등을 통한 공증 원본을 제출 4. 비자 발급을 위해 대사관에서 요청하는 은행잔고증명서 및 필요서류는 별도로 준비해야함 5. 원서접수 마감 기간 이후 제출 서류가 미비할 경우 서류 탈락 처리됨. 문서 미첨부 등의 사고는 지원자 본인에게 책임이 있음 6. 인터넷 원서 접수 시 연락 가능한 연락처 등 개인정보를 정확하게 입력해야 하며, 전형에 관한 모든 공지는 본교 국제교류과 홈페이지를 통해 공지함. 7. 본 모집요강(지원자 유의 사항)을 반드시 숙지하고 지원해야함 |', ""제3조(적용 대상) 이 지침의 적용 대상은 국립국제교육원(이하 “교육원”이라 한다)이\n관리하는 장학사업으로 다음 각 호에 해당하는 사업에 선발된 장학생을 대상으로 한다.\n1. 정부초청외국인장학생 교류지원 사업\n2. 한일 공동 고등교육 유학생 교류사업(석박사 학위과정)\n제4조(장학 기간) ①장학 기간은 한국어 연수 기간 외에 다음 각호에 따라 학과의 수업\n연한 이내로 한다.\n1. 전문학사과정 : 2-3년\n2. 학사과정 : 4-6년\n3. 석사과정 : 2년\n4. 박사과정 : 3년\n5. 석·박사 통합과정 4년\n②특수한 목적에 의해 운영되는 과정(이하 “특화과정”이라 한다) 중 교육원장이 인\n정하는 편입학의 경우에는 제1항의 장학 기간에서 편입학한 학년 이전 기간은 제외한다.\n③제1항과 제2항의 장학 기간은 연장되지 않으며, 장학 기간에 휴학 기간은 포함하지\n않는다.\n제5조(한국어연수과정) ①장학생은 입학 전에 1년의 한국어연수과정을 이수하고, 한국\n어능력시험(이하 'TOPIK’이라 한다) 3급 이상을 취득하여야 한다. 다만, TOPIK 5급\n이상을 취득한 경우 또는 교육원장이 장학생 선발 시 외국어로 학위과정의 이수가\n가능하다고 인정한 경우에는 한국어연수과정 이수 의무가 면제되며, 수학대학의 학\n사일정에 맞추어 진학할 수 있다.\n②제1항을 충족하지 못한 장학생 중 TOPIK 3급 합격점의 70% 이상을 받은 경우,\n수학대학장이 승인하고 국립국제교육원장(이하 “교육원장”이라 한다)이 인정하면\n수학대학의 학사일정에 맞추어 진학할 수 있다.\n③교육원장은 교육부장관이 국제협력선도대학 육성지원사업에 필요하다고 인정하여\n요청하는 경우 TOPIK 등급 요건을 완화하여 진학을 인정할 수 있다.\n④제1항을 충족하지 못한 장학생 중 한국어 연수기관장의 허가를 받고 교육원장의\n승인을 얻은 경우에는 한국어연수과정 이수 기간을 1회에 한해 6개월 연장할 수 있다.\n- 2 -\n\n[Tables]"", '[Tables]\n|  |\n| 1. 전형 일정 일정 구분 3차 1차 2차 비고 2026.4.1.(수) ~ 2026.6.15.(월) ~ 2026.7.23(목)~ 온라인지원 모집기간 4.14.(화), 6.21.(일), 7.29.(수), (applydonga.accomsystem.co.kr) 24:00까지 24:00까지 24:00까지 동아 2026.04.14(화) 예정 추후공지예정 국제교류과홈페이지공지 한국어능력평가 2026.5.15.(금) 2026.7.20.(월) 2026.8.14(금) 합격자발표 국제교류과홈페이지공지 14:00예정 14:00 예정 14:00 예정 2026.5.18.(월) 2026.7.21.(화) 2026.8.19.(화) 등록금납부 ~ 5.20.(수) ~ 7.23.(목) ~ 8.20.(수) 합격자별도안내 09:00 ~ 16:00 09:00 ~ 16:00 09:00 ~ 16:00 ※ 3차지원은국내체류자만가능함 ※ 전형일정은사정에따라변동될수있음 ※ 변동사항발생시국제교류과홈페이지공지예정(https://global.donga.ac.kr) 2. 지원 절차 온라인지원: applydonga.accomsystem.co.kr 접속 ↓ 회원가입후동아대학교‘신입학’, ‘편입학’중해당되는과정을클릭 ↓ 유의사항숙지후입학원서작성(필수제출서류전체온라인첨부) ↓ 입학원서최종제출및전형료결제* 전형료결제완료되어야접수완료 ↓ 제출서류적격여부심사 ↓ 서류심사 ↓ 합격자발표 ↓ 등록금납부 ↓ 표준입학허가서발급(학교) 및비자신청(지원자) *등록금납부자및원본서류제출자에한해비자서류를발급함 ↓ 입국및오리엔테이션 - 1 - |\n| 구분 | 일정 |  | 3차 비고 |  |  |\n|  | 1차 | 2차 |  |  |  |', '목차\n[지원자 유의사항]\n1. 전형 일정 ……………………………………… 1\n2. 지원 절차 ……………………………………… 1\n3. 지원 자격 ……………………………………… 2\n4. 전형 방법 ……………………………………… 3\n5. 모집 단위 ……………………………………… 3\n6. 제출 서류 ……………………………………… 9\n7. 서류제출 유의사항 ……………………………………… 11\n8. 합격자 유의사항 ………………………………13\n9. 지원자유의사항 ………………………………14\n10. 합격자 발표 ……………………………… 15\n11. 전형료 및 등록금 ……………………………… 15\n12. 장학금 ……………………………………… 16\n13. 기타 사항 …………………………………… 17\n14. 문의 ………………………………………… 18\n15. 캠퍼스별 안내도 ………………………………… 19\n※ 별첨 : 각종 지원서 양식 2026\n\n[Tables]\n|  |\n| 목차 [지원자 유의사항] 1. 전형 일정 ……………………………………… 1 2. 지원 절차 ……………………………………… 1 3. 지원 자격 ……………………………………… 2 4. 전형 방법 ……………………………………… 3 5. 모집 단위 ……………………………………… 3 6. 제출 서류 ……………………………………… 9 7. 서류제출 유의사항 ……………………………………… 11 8. 합격자 유의사항 ………………………………13 9. 지원자유의사항 ………………………………14 10. 합격자 발표 ……………………………… 15 11. 전형료 및 등록금 ……………………………… 15 12. 장학금 ……………………………………… 16 13. 기타 사항 …………………………………… 17 14. 문의 ………………………………………… 18 15. 캠퍼스별 안내도 ………………………………… 19 ※ 별첨 : 각종 지원서 양식 2026 |', '나. 재학생 장학금\n구분\n수혜금액 수혜조건\n장학명 자격요건 종류\nA 수업료100% 직전학기성적순위가10% 미만\n외국인유학생\n외국인\n특별전형으로 B 수업료70% 직전학기성적순위가40% 미만\n성적우수\n입학한자\n장학금\n(융합경영학과 C 수업료40% 직전학기성적순위가60% 미만\nA,B,C,D\n학생제외)\nD 수업료20% 직전학기성적순위가80% 미만\n근로장학금 교내행정업무지원 월평균500,000원 국제교류과선발기준에따름\nTOPIKⅡ(중급) 응시표제출자(응시료의경우횟수제한없음)\n- TOPIK PBT 응시료55,000원중35,000원 지원\n시험응시료의일부\n- TOPIKiBT응시료95,000원중45,000원 지원\n- TOPIK말하기평가응시료80,000원 중40,000원 지원\nTOPIK\nTOPIK 성적표제출자 500,000원 TOPIK(PBT, iBT) 3급제출자\n장학금\n700,000원 TOPIK(PBT, iBT) 4급제출자\n500,000원 TOPIK(PBT, iBT) 5급제출자\n500,000원 TOPIK(PBT, iBT) 6급제출자\n※장학금지급기준및지급액은본교장학제도에따라변동될수있음\n※성적우수장학금의경우동점자발생시학과기준에따라장학이결정됨\n13. 기타 사항\n가. 기숙사\n구분 시설 가격 위치\n가. 기본시설\n한학기(방학제외)\n: 침대, 책상, 옷장, 신발장, 수납장등\n한림생활관 승학1관(여자기숙사): 939,000원 승학\n나. 그외시설\n승학2관(남자기숙사): 1,070,000원\n: 카페테리아, 휴게실, 세탁실등\n※ 상기금액은2026년기숙사비기준이며, 2027년기숙사비책정시변동될수있음\n※ 기숙사홈페이지: http://hanlim.donga.ac.kr\n※ 기숙사신청방법: 합격자대상으로추후공지\n- 17 -', '| 구분 | 일정 |  | 3차 비고 |  |  |\n|  | 1차 | 2차 |  |  |  |\n| 모집기간 | 2026.4.1.(수) ~ 4.14.(화), 24:00까지 | 2026.6.15.(월) ~ 6.21.(일), 24:00까지 | 2026.7.23(목)~ 7.29.(수), 24:00까지 | (app | 온라인지원 lydonga.accomsystem.co.kr) |\n| 동아 한국어능력평가 | 2026.04.14(화) 예정 | 추후공지예정 |  |  | 국제교류과홈페이지공지 |\n| 합격자발표 | 2026.5.15.(금) 14:00예정 | 2026.7.20.(월) 14:00 예정 | 2026.8.14(금) 14:00 예정 |  | 국제교류과홈페이지공지 |\n| 등록금납부 | 2026.5.18.(월) ~ 5.20.(수) 09:00 ~ 16:00 | 2026.7.21.(화) ~ 7.23.(목) 09:00 ~ 16:00 | 2026.8.19.(화) ~ 8.20.(수) 09:00 ~ 16:00 |  | 합격자별도안내 |']","유학생의 온라인 지원 기간은 다음과 같습니다:

1차 모집: 2026년 4월 1일(수) ~ 4월 14일(화) 24:00까지  
2차 모집: 2026년 6월 15일(월) ~ 6월 21일(일) 24:00까지  
3차 모집: 2026년 7월 23일(목) ~ 7월 29일(수) 24:00까지  

각 모집 기간 동안 온라인 지원은 applydonga.accomsystem.co.kr에서 가능합니다.",2026년 4월 1일(수)부터 4월 14일(화)까지입니다.,1.0,0.5420002137992452,0.6428571428357143,1.0
유학 비자를 신청할 때 필요한 재정 증명은 무엇인가요?,"[""붙임 2 정부초청 외국인 장학생 학사 운영 지침(국문, 영문)\n정부초청 외국인 장학생 학사 운영 지침\n개정 2026. 3. 1.\n제1조(목적) 이 지침은 정부초청 외국인 장학생(이하 '장학생'이라 한다)의 건전한 면학과\n유학 생활의 내실화를 위해 필요한 사항을 정함을 목적으로 한다.\n제2조(정의) 이 지침에서 사용하는 용어의 뜻은 다음과 같다.\n1. “정부초청 외국인 장학생”(이하 “장학생”이라 한다)이란 국립국제교육원(이하\n“교육원”이라 한다)이 수행하는 정부초청 외국인 장학사업(Global Korea\nScholarship, GKS) 및 이에 준하는 장학사업에 선발된 외국인 유학생을 말한다.\n2. “수학기관”이란 장학생이 소속되어 학업 또는 연수를 수행하는 대학 또는 한국\n어연수기관을 말한다.\n3. “수학대학”이란 장학생이 소속되어 학업을 수행하는 대학을 말한다.\n4. “수학기관장”이란 수학기관의 장을 말한다.\n5. “수학대학장”이란 수학대학의 장을 말한다.\n6. “학위과정”이란 대학의 학칙에 따라 학위를 수여하는 교육과정을 말한다.\n7. “한국어연수과정”이란 대학 또는 한국어연수기관에서 운영하는 한국어 교육과\n정을 말한다.\n8. “공동학위”란 국내․외 대학이 공동으로 운영하는 교육과정을 이수하고 각 대학\n의 학위취득에 필요한 요건을 충족한 자에게 양 대학 공동명의로 학위를 수여하는\n것을 말한다.\n9. “복수학위”란 국내․외 대학에서 각각 또는 공동으로 운영하는 교육과정을 이수\n하고 각 대학의 학위취득에 필요한 요건을 충족한 자에게 양 대학이 각자의 명의로\n학위를 수여하는 것을 말한다.\n- 1 -\n\n[Tables]"", '| 순번 | 제출서류 |  | 구분 |  | 비고 |\n|  |  |  | 신입 | 편입 |  |\n| 1 | 입학지원서 |  | ● | ● | - 온라인접수후출력 (applydonga.accomsystem.co.kr) |\n| 2 | 자기소개서 |  | ● | ● | (양식1) |\n| 3 | 학력조회동의서 |  | ● | ● | (양식2) |\n| 4 | 고등학교졸업(예정)증명서 |  | ● | ● | - ‘유의사항마.’ 참조 - 아포스티유혹은한국영사확인 |\n| 5 | 고등학교성적증명서 |  | ● | ● | - 유의사항바.’ 참조 - 고등학교전학년성적기재 - 아포스티유혹은한국영사확인 |\n| 6 | 전적대학졸업(예정)증명서 또는 재학증명서 |  |  | ● | - ‘유의사항마.’ 참조 - 아포스티유혹은한국영사확인 - 편입지원자중학사과정재학생은재학증명서, 전문학사졸업(예정)생은졸업(예정)증명서제출 |\n| 7 | 전적대학성적증명서 |  |  | ● | - 유의사항바.’ 참조 - 대학교전과정성적기재 - 아포스티유혹은한국영사확인 |\n| 8 | 부모·학생관계증명서 |  | ● | ● | - 유의사항사.’ 참조 |\n| 9 | 본인및부모의신분증사본 |  | ● | ● | - 국적확인가능한신분증제출 (여권혹은본국신분증) |\n| 10 | 재정능력입증서류(은행잔고증명서) |  | ● | ● | - ‘유의사항아.’ 참조 |\n| 11 | 재정능력입증서류의 주체가본인이아닐시 | 재정보증확인서 | ● | ● | (양식3) |\n|  |  | 재정보증인수입증명서 | ● | ● |  |\n|  |  | 재직증명서 | ● | ● |  |\n| 12 | 어학능력입증서류 |  | ● | ● | - 유효기간내성적만접수가능 (접수마감일기준2년이내취득) |\n| 13 | 여권사본 |  | ● | ● |  |', '사정, 본인의 중대한 질병 등 부득이한 사유가 있는 경우에 한하여 허용한다. 이 경\n우 장학생은 휴학 신청서와 함께 해당 사유를 증빙하는 자료를 제출하여야 한다.\n④휴학은 학기 단위로 신청하여야 하며, 총 휴학 기간은 1년을 초과할 수 없다.\n다만, 수학기관장이 특별한 사유로 인정하는 경우에는 최대 1년의 범위에서 휴학 기\n간을 추가로 연장할 수 있다.\n⑤수학대학장은 장학생의 휴학 처리 결과를 교육원장에게 보고하여야 한다.\n제13조(복학) ①복학하고자 하는 장학생은 휴학 기간 종료 1개월 전까지 수학기관의\n학칙에 따라 복학 신고를 하여야 한다.\n②수학기관장은 장학생의 복학 처리 결과를 매학기 개시일 2주 전까지 교육원장에게\n보고하여야 한다.\n제14조(비상연락망 유지) 장학생은 체류지, 연락처 등 정보가 변경된 즉시 수학기관에\n신고하여야 하며, 수학기관장은 수학대학의 장학생 및 교육원과의 비상 연락 체계를\n상시 유지하여야 한다.\n제15조(일시출국) ①한국어연수과정 장학생의 일시출국은 다음 각호에 한하여 일시출국\n7일 전까지 일시출국신청서 및 증빙서류를 제출하여 한국어 연수기관장의 승인을\n받아야 한다. 다만 가족사망 등의 이유로 출국이 긴급한 경우에는 일시출국일까지\n신청할 수 있다.\n1. 학기 중에는 본국의 긴급 소환, 직계 가족의 긴급한 가정 사정, 본인의 중대한 질병\n등 특별한 사안이 발생한 경우에 한하여 최대 2주까지 일시출국 허용\n2. 한국어 연수기관장이 정한 방학 기간 범위 내에서 최대 4주까지 일시출국 허용\n②학위과정 장학생의 일시출국은 다음 각호에 한하여 일시출국 7일 전까지 일시출국\n신청서를 제출하여 수학대학장의 승인을 받아야 한다. 다만 가족사망 등의 이유로\n출국이 긴급한 경우에는 일시출국일까지 신청할 수 있다.\n1. 학기 중에는 학업에 지장이 없는 범위 내에서 최대 2주까지 일시출국 허용\n2. 수학대학장이 정한 방학 기간 내에서 일시출국 허용\n제16조(재입국 신고) ①일시출국 기간이 종료되어 재입국한 장학생은 7일 이내에 출입국\n- 5 -', '| 7. 서류제출 유의사항 가.접수완료(전형료결제)이후전공변경,추가서류제출등의접수사항변경이불가함 나.접수기간내온라인원서접수사이트에모든제출서류를첨부해야하며필수제출서류미비혹은식별이 불가능한서류인경우결격처리함※우편,이메일을통한서류제출불가 다.제출서류중[한국어또는영어]외의다른언어로된서류는한국어또는영어로번역공증을받아제출 라.제출서류이외에자격심사를위하여필요한서류를추가로요구할수있으며,국제교류과의판단에의해 제출서류를가감할수있음 마.학력입증서류:졸업(예정)증명서 ∙지원자가제출한‘학력조회동의서’를 바탕으로최종출신학교에대해학력조회를할수있으며최종적으로학력 조회가미회신되는경우입학을취소할수있음 ∙학력입증서류는아래의방법으로인증을받은후제출해야함 [학력입증서류인증방법] 1)아포스티유협약국:아포스티유확인서(학교소재국지정기관) 2)아포스티유비협약국:영사인증(학교소재국영사관) 3)중국내학위취득자:①과②모두제출 ①중국교육부학력인증센터(CHSI) 발행학위인증보고서(영문버전)-http://www.chsi.com.cn ②졸업증명서(번역공증) 단,중국교육부학력인증센터(CHSI) 인증보고서발행이불가할경우아래기준에따라서류제출 구 분 기 준 보통중등전문학교(普通中专) ①온라인발행 Regular Specialized ⅰ)지방교육당국발행졸업증명서*: 아포스티유필요 Secondary Schools ※온라인에서진위여부확인가능한경우만인정 직업고등학교(职业高中) ②오프라인발행(‘학교정보확인서(붙임7)’ 제출필수) Vocational High Schools 중등 ⅰ)지방교육당국발행졸업증명서:아포스티유필요 직업 성인중등전문학교(成人中专)ⅱ)학교자체발행졸업증명서:성교육청(시교육국)*확인+아포스티유필요 학교 Adult Specialized ※직할시(베이징,상하이,충칭,텐진)의교육청공식명칭은‘교육위원회’임 Secondary Schools 인적자원사회보장부공식홈페이지(www.mohrss.gov.cn) 온라인조회본* 기술공업학교(技工学校) +주중한국영사확인 Skilled Workers Schools', '라. 인턴 활동의 경우\n마. 그 밖에 법무부 등 관계 기관이 정한 외국인 유학생 취업 허용 범위 내 활동\n4. 제3호 마목에 따른 활동은 원칙적으로 동 지침 제18조 제2호 성적 경고를 받은 장학생\n에게는 허용하지 아니한다. 다만, 다음 각 목의 요건을 모두 충족하는 경우에는 예외적\n으로 허용할 수 있다.\n가. 성적경고를 1회만 받은 경우\n나. 직전 학기 성적 평점평균(백분위 환산점수)이 학사 및 전문학사 과정 80/100 이\n상, 석사 및 박사 과정 85/100 이상을 충족한 경우\n다. 수학대학장이 학업 지속 가능성을 인정한 경우\n5. 성적경고를 2회 이상 받은 장학생에 대하여는 제4호 단서의 예외를 적용하지 아니한다.\n③학위과정 장학생은 수학대학이 정한 졸업 요건을 충족한 경우 또는 취업 이후에도 수\n학대학의 학적 유지가 가능한 경우 취업할 수 있다.\n④제3항에 따라 취업한 장학생이 학업을 지속하고 수학대학의 학적을 유지하는 경우에는\n장학생 자격을 유지할 수 있으며, 장학금 지급 여부는 학업 이행 여부, 학업 성취도 및\n대학의 의견 등을 종합적으로 고려하여 결정한다.\n⑤교육원장은 정부초청 외국인 장학생(GKS) 사업의 성과 분석 및 동문 네트워크 구축을\n위하여 관련 법령이 허용하는 범위 내에서 졸업생(동문)의 진로, 취업, 거주 국가 등\n현황을 조사할 수 있다.\n⑥교육원장은 제5항에 따른 조사 수행을 위하여 필요한 경우, 관련 법령에 따라 수학대\n학장에게 졸업생(동문) 조사에 필요한 정보 및 현황 자료 등을 요청할 수 있다. 이 경\n우 수학대학장은 특별한 사정이 없는 한 이에 협조하여야 한다.\n제25조(장학생 관리실적 평가) 교육원장은 수학기관에 대하여 장학생 관리실적을 평가하고,\n그 결과를 수학대학 선정 및 장학생 인원 배정 등에 반영할 수 있다.\n부 칙\n이 지침은 2019. 6. 20.부터 시행한다.\n이 지침은 2020. 6. 22.부터 시행하며, 장학 기간 중인 장학생 전체에 적용된다.', '6. 제출 서류\n가. 필수 제출 서류\n구분\n순번 제출서류 비고\n신입 편입\n- 온라인접수후출력\n1 입학지원서 ● ●\n(applydonga.accomsystem.co.kr)\n● ●\n2 자기소개서 (양식1)\n3 학력조회동의서 ● ● (양식2)\n- ‘유의사항마.’ 참조\n4 고등학교졸업(예정)증명서 ● ●\n- 아포스티유혹은한국영사확인\n- 유의사항바.’ 참조\n5 고등학교성적증명서 ● ● - 고등학교전학년성적기재\n- 아포스티유혹은한국영사확인\n- ‘유의사항마.’ 참조\n전적대학졸업(예정)증명서 또는 - 아포스티유혹은한국영사확인\n6 ●\n재학증명서 - 편입지원자중학사과정재학생은재학증명서,\n전문학사졸업(예정)생은졸업(예정)증명서제출\n- 유의사항바.’ 참조\n7 전적대학성적증명서 ● - 대학교전과정성적기재\n- 아포스티유혹은한국영사확인\n8 부모·학생관계증명서 ● ● - 유의사항사.’ 참조\n- 국적확인가능한신분증제출\n9 본인및부모의신분증사본 ● ●\n(여권혹은본국신분증)\n10 재정능력입증서류(은행잔고증명서) ● ● - ‘유의사항아.’ 참조\n재정보증확인서 ● ● (양식3)\n재정능력입증서류의\n11 재정보증인수입증명서 ● ●\n주체가본인이아닐시\n재직증명서 ● ●\n- 유효기간내성적만접수가능\n12 어학능력입증서류 ● ●\n(접수마감일기준2년이내취득)\n13 여권사본 ● ●\n※ 양식별첨\n※ 원서접수기간내필수제출서류를전체스캔하여원서접수사이트에업로드\n※ 업로드시, 항목당파일한개로통합하여제출(PDF, JPG, PNG파일형식)\n※제출서류중[한국어또는영어]외의다른언어로된서류는한국어또는영어로번역공증을받아제출\n- 9 -', '1. 인적사항 / PERSONAL DETAILS\n*Please attach PHOTO 1.1 여권에 기재된 영문 성명/Full name in English (as shown in passport)\nyour photo here 여권용 사진\n성 Family Name 명 Given Names\n(35㎜×45㎜)\n- 흰색 바탕에 모자를 쓰지\n않은 정면 사진으로 촬영일 1.2 한자성명 漢字姓名 1.3 성별 Sex\n부터 6개월이 경과하지 않\nno need to be filled in 남성/Male[ ] 여성/Female[ ]\n아야 함\nA color photo taken 1.4 생년월일 Date of Birth (yyyy/mm/dd) 1.5 국적 Nationality\nwithin the last 6 months\n(full face without hat,\nfront view against white 1.6 출생국가 Country of Birth 1.7 국가신분증번호 National Identity No.\nor off-white background) no need to be filled in\n1.8 이전에 한국에 출입국하였을 때 다른 성명을 사용했는지 여부\nHas the applicant ever used any other names to enter or depart Korea?\n아니요 No [ ] 예 Yes [ ] → ‘예’선택 시 상세내용 기재 If‘Yes’, please provide details\n(성 Family Name , 명 Given Name )\n1.9 복수 국적 여부 Is the applicant a citizen of more than one country ? 아니요 No [ ] 예 Yes [ ]']","유학 비자를 신청할 때 필요한 재정 증명은 다음과 같습니다:

1. **재정능력입증서류**: 은행잔고증명서가 필요합니다. 이 서류는 신청자가 유학 기간 동안 필요한 재정적 지원을 받을 수 있음을 증명해야 합니다.

2. **재정보증확인서**: 만약 재정능력입증서류의 주체가 본인이 아닐 경우, 재정보증인 수입증명서와 재직증명서를 제출해야 합니다.

이 외에도 제출하는 서류는 유의사항에 따라 아포스티유 또는 한국 영사 확인이 필요할 수 있습니다.","유학 비자를 신청할 때는 670유로 곱하기 00개월에 해당하는 금액이 포함된 은행 명세서를 제출해야 하며, 이 명세서는 1개월 이내에 발급된 원본이어야 합니다. 만약 부모의 은행 명세서를 제출할 경우, 출생증명서나 가족관계증명서를 함께 제출해야 합니다. 문서가 영어 또는 한국어로 작성되지 않은 경우 번역본과 번역 확인서도 제출해야 합니다.",0.8333333333333334,0.34321612800293927,0.49999999998333333,0.3333333333333333
이 대학에서 제공하는 전공 중 건축학과의 세부 전공은 무엇인가요?,"[""제3조(적용 대상) 이 지침의 적용 대상은 국립국제교육원(이하 “교육원”이라 한다)이\n관리하는 장학사업으로 다음 각 호에 해당하는 사업에 선발된 장학생을 대상으로 한다.\n1. 정부초청외국인장학생 교류지원 사업\n2. 한일 공동 고등교육 유학생 교류사업(석박사 학위과정)\n제4조(장학 기간) ①장학 기간은 한국어 연수 기간 외에 다음 각호에 따라 학과의 수업\n연한 이내로 한다.\n1. 전문학사과정 : 2-3년\n2. 학사과정 : 4-6년\n3. 석사과정 : 2년\n4. 박사과정 : 3년\n5. 석·박사 통합과정 4년\n②특수한 목적에 의해 운영되는 과정(이하 “특화과정”이라 한다) 중 교육원장이 인\n정하는 편입학의 경우에는 제1항의 장학 기간에서 편입학한 학년 이전 기간은 제외한다.\n③제1항과 제2항의 장학 기간은 연장되지 않으며, 장학 기간에 휴학 기간은 포함하지\n않는다.\n제5조(한국어연수과정) ①장학생은 입학 전에 1년의 한국어연수과정을 이수하고, 한국\n어능력시험(이하 'TOPIK’이라 한다) 3급 이상을 취득하여야 한다. 다만, TOPIK 5급\n이상을 취득한 경우 또는 교육원장이 장학생 선발 시 외국어로 학위과정의 이수가\n가능하다고 인정한 경우에는 한국어연수과정 이수 의무가 면제되며, 수학대학의 학\n사일정에 맞추어 진학할 수 있다.\n②제1항을 충족하지 못한 장학생 중 TOPIK 3급 합격점의 70% 이상을 받은 경우,\n수학대학장이 승인하고 국립국제교육원장(이하 “교육원장”이라 한다)이 인정하면\n수학대학의 학사일정에 맞추어 진학할 수 있다.\n③교육원장은 교육부장관이 국제협력선도대학 육성지원사업에 필요하다고 인정하여\n요청하는 경우 TOPIK 등급 요건을 완화하여 진학을 인정할 수 있다.\n④제1항을 충족하지 못한 장학생 중 한국어 연수기관장의 허가를 받고 교육원장의\n승인을 얻은 경우에는 한국어연수과정 이수 기간을 1회에 한해 6개월 연장할 수 있다.\n- 2 -\n\n[Tables]"", '모집단위\n대학 계열 캠퍼스\n학과(부) 전공\n건축공학과\n도시공학과\n건설시스템공학과\n미래에너지공학전공\n환경·에너지공학부\n환경안전전공\n전기공학과\n공과대학 자연 승학\n전자공학과\n기계공학과\n산업경영공학과\n조선해양공학과\n화학공학과\n신소재공학과\n건축학(5년제)\n자연 건축학과1)\n실내건축디자인(4년제)\n디자인 시각미디어디자인\n예체능 승학 산업디자인학과\n환경대학 제품스페이스디자인\n패션디자인학과\n자연\n조경학과\n현대미술전공\n영상예술전공2)\n미술학과\n목조형가구전공\n도자예술전공\n예술체육대학 예체능 승학\n-클래식음악(피아노/관현악/성악)\n음악학과\n-실용음악(연주/보컬/실용작곡)\n체육학과\n태권도학과\n식품영양학과\n건강과학대학 자연 승학 의약생명공학과\n건강관리학과\n글로벌비즈니스학과\n영미학과\n국제대학 인문 부민\n중국학과\n일본학과\n컴퓨터공학과\n소프트웨어대학 자연 승학\nAI학과\n1) 건축학과는2학년부터건축학전공(5년제)과실내건축디자인전공(4년제)으로세부전공을분리함\n2) 미술학과의영상예술전공은웹툰&애니메이션에대한체계적인실무교육을통해웹툰작가및감독,\n애니메이터를육성함\n- 8 -', '이 경우 TOPIK 3급 합격점의 70% 이상을 취득한 장학생이어야 한다.\n⑤제4항에 따라 한국어연수과정 이수 기간을 연장한 장학생은 교육원 정부초청 외국인\n장학생 장학금 지급 세부 지침(이하 ‘장학금 지침’이라 한다)에 따른 한국어 연수\n비의 50%를 본인이 부담하여야 한다.\n⑥제4항에 따라 한국어연수과정 기간을 연장받은 장학생은 한국어연수과정 이수 기간\n이내에 TOPIK 3급 이상을 취득하고, 수학대학의 진학 조건을 충족하여야 한다.\n⑦장학생이 한국어연수과정 중에 부득이한 사유가 있으면 미리 한국어연수기관장의\n허가를 받아 결석할 수 있다. 다만, 불가피한 경우에는 사후에 의사진단서 등의 증빙\n서류를 첨부한 결석확인서를 제출할 수 있다.\n제6조(학위과정 입학) ①장학생은 교육원장이 정한 지침에 따라 학위과정에 입학하여야\n한다.\n②수학기관장은 장학생의 학위과정 입학 결과를 교육원장에게 보고하여야 한다.\n제7조(수학대학 변경) 장학생은 교육원장으로부터 입학 대학을 승인받은 이후 수학대학을\n변경할 수 없다.\n제8조(학과 등 변경) ①학위과정으로 입학한 장학생은 승인받은 최종입학학과(부)가 폐\n과되거나 또는 전공 적합성이나 진로 재설계 등의 사유로 학과(부) 변경을 원할 경\n우 수학대학의 학칙에 따라 학과(부)를 변경할 수 있다. 다만, 특화과정에 선발된 장\n학생은 해당 과정의 목적을 달성하는 학과(부) 범위 내에서 변경이 가능하다.\n②학위과정 장학생은 수학대학의 학칙에 따라 다음 각 호와 같이 통합과정으로 변경\n할 수 있으나 장학기간은 연장되지 아니한다. 다만 제17조 및 제22조제7항 적용 시\n에는 수학대학장이 인정한 통합과정의 수업연한을 기준으로 한다.\n1. 학사과정에서 학·석사통합과정\n2. 석사과정에서 석·박사통합과정\n③수학대학장은 장학생의 학위과정, 학과(계열) 변경 처리 결과를 1개월 이내에 교육\n원장에게 보고하여야 한다.\n④한국어연수과정 중인 장학생은 학위과정으로 진학한 후에 제1항 및 제2항에 따른\n- 3 -\n\n[Tables]', '모집단위\n대학 계열 캠퍼스\n학과(부) 전공\n건축공학과\n도시공학과\n건설시스템공학과\n미래에너지공학전공\n환경·에너지공학부\n환경안전전공\n전기공학과\n공과대학 자연 승학\n전자공학과\n기계공학과\n산업경영공학과\n조선해양공학과\n화학공학과\n신소재공학과\n건축학(5년제)\n자연 건축학과1)\n실내건축디자인(4년제)\n디자인 시각미디어디자인\n예체능 승학 산업디자인학과\n환경대학 제품스페이스디자인\n패션디자인학과\n자연\n조경학과\n현대미술전공\n영상예술전공2)\n미술학과\n목조형가구전공\n도자예술전공\n예술체육대학 예체능 승학\n클래식음악(피아노/관현악/성악),\n음악학과\n실용음악(기악/실용작곡/보컬)\n체육학과\n태권도학과\n식품영양학과\n건강과학대학 자연 승학 의약생명공학과\n건강관리학과\n글로벌비즈니스학과\n영미학과\n국제대학 인문 부민\n중국학과\n일본학과\n컴퓨터공학과\n소프트웨어대학 자연 승학\nAI학과\n1) 건축학과는2학년부터건축학전공(5년제)과실내건축디자인전공(4년제)으로세부전공을분리함\n2) 미술학과의영상예술전공은웹툰&애니메이션에 대한체계적인실무교육을통해웹툰작가및감독,\n애니메이터를육성함\n- 4 -', ""붙임 2 정부초청 외국인 장학생 학사 운영 지침(국문, 영문)\n정부초청 외국인 장학생 학사 운영 지침\n개정 2026. 3. 1.\n제1조(목적) 이 지침은 정부초청 외국인 장학생(이하 '장학생'이라 한다)의 건전한 면학과\n유학 생활의 내실화를 위해 필요한 사항을 정함을 목적으로 한다.\n제2조(정의) 이 지침에서 사용하는 용어의 뜻은 다음과 같다.\n1. “정부초청 외국인 장학생”(이하 “장학생”이라 한다)이란 국립국제교육원(이하\n“교육원”이라 한다)이 수행하는 정부초청 외국인 장학사업(Global Korea\nScholarship, GKS) 및 이에 준하는 장학사업에 선발된 외국인 유학생을 말한다.\n2. “수학기관”이란 장학생이 소속되어 학업 또는 연수를 수행하는 대학 또는 한국\n어연수기관을 말한다.\n3. “수학대학”이란 장학생이 소속되어 학업을 수행하는 대학을 말한다.\n4. “수학기관장”이란 수학기관의 장을 말한다.\n5. “수학대학장”이란 수학대학의 장을 말한다.\n6. “학위과정”이란 대학의 학칙에 따라 학위를 수여하는 교육과정을 말한다.\n7. “한국어연수과정”이란 대학 또는 한국어연수기관에서 운영하는 한국어 교육과\n정을 말한다.\n8. “공동학위”란 국내․외 대학이 공동으로 운영하는 교육과정을 이수하고 각 대학\n의 학위취득에 필요한 요건을 충족한 자에게 양 대학 공동명의로 학위를 수여하는\n것을 말한다.\n9. “복수학위”란 국내․외 대학에서 각각 또는 공동으로 운영하는 교육과정을 이수\n하고 각 대학의 학위취득에 필요한 요건을 충족한 자에게 양 대학이 각자의 명의로\n학위를 수여하는 것을 말한다.\n- 1 -\n\n[Tables]"", '모집단위\n대학 계열 캠퍼스\n학과(부) 전공\n건축공학과\n도시공학과\n건설시스템공학과\n미래에너지공학전공\n환경·에너지공학부\n환경안전전공\n전기공학과\n공과대학 자연 승학\n전자공학과\n기계공학과\n산업경영공학과\n조선해양공학과\n화학공학과\n신소재공학과\n건축학(5년제)\n자연 건축학과1)\n실내건축디자인(4년제)\n디자인 시각미디어디자인\n예체능 승학 산업디자인학과\n환경대학 제품스페이스디자인\n패션디자인학과\n자연\n조경학과\n현대미술전공\n영상예술전공2)\n미술학과\n목조형가구전공\n도자예술전공\n예술체육대학 예체능 승학\n-클래식음악(피아노/관현악/성악)\n음악학과\n-실용음악(연주/보컬/실용작곡)\n체육학과\n태권도학과\n식품영양학과\n건강과학대학 자연 승학 의약생명공학과\n건강관리학과\n글로벌비즈니스학과\n영미학과\n국제대학 인문 부민\n중국학과\n일본학과\n컴퓨터공학과\n소프트웨어대학 자연 승학\nAI학과\n1) 건축학과는2학년부터건축학전공(5년제)과실내건축디자인전공(4년제)으로세부전공을분리함\n2) 미술학과의영상예술전공은웹툰&애니메이션에 대한체계적인실무교육을통해웹툰작가및감독,\n애니메이터를육성함\n- 6 -', '이 지침은 2022. 3. 1.부터 시행하며, 장학 기간 중인 장학생 전체에 적용된다.\n이 지침은 2023. 3. 1.부터 시행하며, 장학 기간 중인 장학생 전체에 적용된다.\n이 지침은 2023. 6. 5.부터 시행한다. 단, 제22조제7항은 2024. 1. 1.부터 시행한다.\n본 개정안 시행일 이전 학위취득을 목적으로 귀국 신고를 연기한 장학생은 제22조제7항을\n종전 규정을 적용한다.\n이 지침은 2024. 3. 1. 부터 시행하며, 장학 기간 중인 장학생 전체에 적용한다.\n이 지침은 2025. 3. 1. 부터 시행하며, 장학 기간 중인 장학생 전체에 적용한다.\n이 지침은 2026. 3. 1. 부터 시행하며, 장학 기간 중인 장학생 전체에 적용한다.\n- 11 -\n\n[Tables]']","건축학과의 세부 전공은 다음과 같습니다:

1. 건축학 전공 (5년제)
2. 실내건축디자인 전공 (4년제) 

건축학과는 2학년부터 이 두 가지 세부 전공으로 분리됩니다.",건축학과는 2학년부터 건축학전공(5년제)과 실내건축디자인전공(4년제)으로 세부 전공을 분리합니다.,1.0,0.5031149726991596,0.49999999998333333,1.0
동아대학교의 유학생 입학 과정에서 필요한 서류는 무엇인가요?,"['라. 인턴 활동의 경우\n마. 그 밖에 법무부 등 관계 기관이 정한 외국인 유학생 취업 허용 범위 내 활동\n4. 제3호 마목에 따른 활동은 원칙적으로 동 지침 제18조 제2호 성적 경고를 받은 장학생\n에게는 허용하지 아니한다. 다만, 다음 각 목의 요건을 모두 충족하는 경우에는 예외적\n으로 허용할 수 있다.\n가. 성적경고를 1회만 받은 경우\n나. 직전 학기 성적 평점평균(백분위 환산점수)이 학사 및 전문학사 과정 80/100 이\n상, 석사 및 박사 과정 85/100 이상을 충족한 경우\n다. 수학대학장이 학업 지속 가능성을 인정한 경우\n5. 성적경고를 2회 이상 받은 장학생에 대하여는 제4호 단서의 예외를 적용하지 아니한다.\n③학위과정 장학생은 수학대학이 정한 졸업 요건을 충족한 경우 또는 취업 이후에도 수\n학대학의 학적 유지가 가능한 경우 취업할 수 있다.\n④제3항에 따라 취업한 장학생이 학업을 지속하고 수학대학의 학적을 유지하는 경우에는\n장학생 자격을 유지할 수 있으며, 장학금 지급 여부는 학업 이행 여부, 학업 성취도 및\n대학의 의견 등을 종합적으로 고려하여 결정한다.\n⑤교육원장은 정부초청 외국인 장학생(GKS) 사업의 성과 분석 및 동문 네트워크 구축을\n위하여 관련 법령이 허용하는 범위 내에서 졸업생(동문)의 진로, 취업, 거주 국가 등\n현황을 조사할 수 있다.\n⑥교육원장은 제5항에 따른 조사 수행을 위하여 필요한 경우, 관련 법령에 따라 수학대\n학장에게 졸업생(동문) 조사에 필요한 정보 및 현황 자료 등을 요청할 수 있다. 이 경\n우 수학대학장은 특별한 사정이 없는 한 이에 협조하여야 한다.\n제25조(장학생 관리실적 평가) 교육원장은 수학기관에 대하여 장학생 관리실적을 평가하고,\n그 결과를 수학대학 선정 및 장학생 인원 배정 등에 반영할 수 있다.\n부 칙\n이 지침은 2019. 6. 20.부터 시행한다.\n이 지침은 2020. 6. 22.부터 시행하며, 장학 기간 중인 장학생 전체에 적용된다.', '6. 제출 서류\n가. 필수 제출 서류\n구분\n순번 제출서류 비고\n신입 편입\n- 온라인접수후출력\n1 입학지원서 ● ●\n(applydonga.accomsystem.co.kr)\n● ●\n2 자기소개서 (양식1)\n3 학력조회동의서 ● ● (양식2)\n- ‘유의사항마.’ 참조\n4 고등학교졸업(예정)증명서 ● ●\n- 아포스티유혹은한국영사확인\n- 유의사항바.’ 참조\n5 고등학교성적증명서 ● ● - 고등학교전학년성적기재\n- 아포스티유혹은한국영사확인\n- ‘유의사항마.’ 참조\n전적대학졸업(예정)증명서 또는 - 아포스티유혹은한국영사확인\n6 ●\n재학증명서 - 편입지원자중학사과정재학생은재학증명서,\n전문학사졸업(예정)생은졸업(예정)증명서제출\n- 유의사항바.’ 참조\n7 전적대학성적증명서 ● - 대학교전과정성적기재\n- 아포스티유혹은한국영사확인\n8 부모·학생관계증명서 ● ● - 유의사항사.’ 참조\n- 국적확인가능한신분증제출\n9 본인및부모의신분증사본 ● ●\n(여권혹은본국신분증)\n10 재정능력입증서류(은행잔고증명서) ● ● - ‘유의사항아.’ 참조\n재정보증확인서 ● ● (양식3)\n재정능력입증서류의\n11 재정보증인수입증명서 ● ●\n주체가본인이아닐시\n재직증명서 ● ●\n- 유효기간내성적만접수가능\n12 어학능력입증서류 ● ●\n(접수마감일기준2년이내취득)\n13 여권사본 ● ●\n※ 양식별첨\n※ 원서접수기간내필수제출서류를전체스캔하여원서접수사이트에업로드\n※ 업로드시, 항목당파일한개로통합하여제출(PDF, JPG, PNG파일형식)\n※제출서류중[한국어또는영어]외의다른언어로된서류는한국어또는영어로번역공증을받아제출\n- 9 -', '13. 기타 사항\n나. 유학생 보험\n- 유학기간 중, 예상치 못한 질병, 상해, 사망 등 불의의 사고에 대비하여 유학생 전원 의무가입\n- 2021년3월부터 외국인 유학생 국민건강보험 당연 가입(약 월 60,000원)\n다. 유학생 지원 프로그램\n프로그램명 프로그램내용\n외국인학부신/편입생과한국인재학생을多:1로매치하여외국인학부학교생\n유학생학습튜터링\n활안내및학업지원\n학부유학생(2~4학년)들의전공학습지원을위한튜터링프로그램\n유학생전공스터디그룹\n(한국인튜터, 유학생튜티로스터디진행)\n본교한국인재학생과외국인재학생이모여부산지역거주외국인들을\n동아동화\n대상으로지역사회봉사활동기획/운영\n외국인유학생대상문화활동기획및홍보를통한내·외국인재학생간국제교\n데일리(Dong-AI Love You)\n류활동활성화를위한다양한역할을수행할수있는프로그램\n유학생체육대회, International Day,한국문화체험, 글로벌리더스클럽(Global\n기타행사\nLeaders Club)-취업역량강화프로그램, 한국법령교육등\n라. 합격자 표준입학허가서 발급 및 비자 안내: 합격자에 한하여 별도 안내\n마. 신입생 오리엔테이션: 일정 추후 안내 예정이며 전원 참석 필수\n14. 문의\n가. 국제교류과 (입학 문의)\n-주소:부산광역시서구구덕로225동아대학교부민캠퍼스,B03-0202국제교류과\n-전화:+82-51-200-6444\n-이메일:contact@donga.ac.kr\n-홈페이지:(국문)https://global.donga.ac.kr// (영문)https://global.donga.ac.kr/dongaoia/\n-문의가능시간:월~금요일,09:00~17:00(12:00~13:00제외)\n나. 각 학과 사무실 (학사·전공 문의)\n-각학과홈페이지참조\n-https://about.donga.ac.kr/about/Main.do\n- 18 -', '[Tables]\n|  |\n| 6. 제출 서류 가. 필수 제출 서류 구분 순번 제출서류 비고 신입 편입 - 온라인접수후출력 1 입학지원서 ● ● (applydonga.accomsystem.co.kr) ● ● 2 자기소개서 (양식1) 3 학력조회동의서 ● ● (양식2) - ‘유의사항마.’ 참조 4 고등학교졸업(예정)증명서 ● ● - 아포스티유혹은한국영사확인 - 유의사항바.’ 참조 5 고등학교성적증명서 ● ● - 고등학교전학년성적기재 - 아포스티유혹은한국영사확인 - ‘유의사항마.’ 참조 전적대학졸업(예정)증명서 또는 - 아포스티유혹은한국영사확인 6 ● 재학증명서 - 편입지원자중학사과정재학생은재학증명서, 전문학사졸업(예정)생은졸업(예정)증명서제출 - 유의사항바.’ 참조 7 전적대학성적증명서 ● - 대학교전과정성적기재 - 아포스티유혹은한국영사확인 8 부모·학생관계증명서 ● ● - 유의사항사.’ 참조 - 국적확인가능한신분증제출 9 본인및부모의신분증사본 ● ● (여권혹은본국신분증) 10 재정능력입증서류(은행잔고증명서) ● ● - ‘유의사항아.’ 참조 재정보증확인서 ● ● (양식3) 재정능력입증서류의 11 재정보증인수입증명서 ● ● 주체가본인이아닐시 재직증명서 ● ● - 유효기간내성적만접수가능 12 어학능력입증서류 ● ● (접수마감일기준2년이내취득) 13 여권사본 ● ● ※ 양식별첨 ※ 원서접수기간내필수제출서류를전체스캔하여원서접수사이트에업로드 ※ 업로드시, 항목당파일한개로통합하여제출(PDF, JPG, PNG파일형식) ※제출서류중[한국어또는영어]외의다른언어로된서류는한국어또는영어로번역공증을받아제출 - 9 - |\n| 순번 | 제출서류 |  | 구분 |  | 비고 |\n|  |  |  | 신입 | 편입 |  |\n| 1 | 입학지원서 |  | ● | ● | - 온라인접수후출력 (applydonga.accomsystem.co.kr) |\n| 2 | 자기소개서 |  | ● | ● | (양식1) |\n| 3 | 학력조회동의서 |  | ● | ● | (양식2) |', ""붙임 2 정부초청 외국인 장학생 학사 운영 지침(국문, 영문)\n정부초청 외국인 장학생 학사 운영 지침\n개정 2026. 3. 1.\n제1조(목적) 이 지침은 정부초청 외국인 장학생(이하 '장학생'이라 한다)의 건전한 면학과\n유학 생활의 내실화를 위해 필요한 사항을 정함을 목적으로 한다.\n제2조(정의) 이 지침에서 사용하는 용어의 뜻은 다음과 같다.\n1. “정부초청 외국인 장학생”(이하 “장학생”이라 한다)이란 국립국제교육원(이하\n“교육원”이라 한다)이 수행하는 정부초청 외국인 장학사업(Global Korea\nScholarship, GKS) 및 이에 준하는 장학사업에 선발된 외국인 유학생을 말한다.\n2. “수학기관”이란 장학생이 소속되어 학업 또는 연수를 수행하는 대학 또는 한국\n어연수기관을 말한다.\n3. “수학대학”이란 장학생이 소속되어 학업을 수행하는 대학을 말한다.\n4. “수학기관장”이란 수학기관의 장을 말한다.\n5. “수학대학장”이란 수학대학의 장을 말한다.\n6. “학위과정”이란 대학의 학칙에 따라 학위를 수여하는 교육과정을 말한다.\n7. “한국어연수과정”이란 대학 또는 한국어연수기관에서 운영하는 한국어 교육과\n정을 말한다.\n8. “공동학위”란 국내․외 대학이 공동으로 운영하는 교육과정을 이수하고 각 대학\n의 학위취득에 필요한 요건을 충족한 자에게 양 대학 공동명의로 학위를 수여하는\n것을 말한다.\n9. “복수학위”란 국내․외 대학에서 각각 또는 공동으로 운영하는 교육과정을 이수\n하고 각 대학의 학위취득에 필요한 요건을 충족한 자에게 양 대학이 각자의 명의로\n학위를 수여하는 것을 말한다.\n- 1 -\n\n[Tables]"", '| 7. Notes of Document submission A. After the application is completed (payment of the application fee), it is not acceptable to change theapplicationdetails,suchaschangingmajorsorsubmittingadditionaldocuments. B. Allsubmitteddocuments must be attached to the online application site within applicationperiod, anditwillbedisqualifiedifrequireddocumentsarenotattachedorit’sunidentifiabletocheck. ※Documentscannotbesubmittedbymailore-mail C. All requireddocumentstobesubmittedmust be in[Koreanor English].Documents inany other languagesmusthaveanotarizedtranslationinto[KoreanorEnglish]andattached. D. Additional documents may be requested as necessary. The document deemed necessary for application procedure may increase or decrease according to the decision of the Office of InternationalAffairs,Dong-Auniversity. E.Certificateof(expected)Graduation(Applicantsshouldsubmitoneofthefollowingdocuments.) 1)MembersoftheApostilleConvention:SubmitApostilleCertification', '[Tables]\n|  |\n| 13. 기타 사항 나. 유학생 보험 - 유학기간 중, 예상치 못한 질병, 상해, 사망 등 불의의 사고에 대비하여 유학생 전원 의무가입 - 2021년3월부터 외국인 유학생 국민건강보험 당연 가입(약 월 60,000원) 다. 유학생 지원 프로그램 프로그램명 프로그램내용 외국인학부신/편입생과한국인재학생을多:1로매치하여외국인학부학교생 유학생학습튜터링 활안내및학업지원 학부유학생(2~4학년)들의전공학습지원을위한튜터링프로그램 유학생전공스터디그룹 (한국인튜터, 유학생튜티로스터디진행) 본교한국인재학생과외국인재학생이모여부산지역거주외국인들을 동아동화 대상으로지역사회봉사활동기획/운영 외국인유학생대상문화활동기획및홍보를통한내·외국인재학생간국제교 데일리(Dong-AI Love You) 류활동활성화를위한다양한역할을수행할수있는프로그램 유학생체육대회, International Day,한국문화체험, 글로벌리더스클럽(Global 기타행사 Leaders Club)-취업역량강화프로그램, 한국법령교육등 라. 합격자 표준입학허가서 발급 및 비자 안내: 합격자에 한하여 별도 안내 마. 신입생 오리엔테이션: 일정 추후 안내 예정이며 전원 참석 필수 14. 문의 가. 국제교류과 (입학 문의) -주소:부산광역시서구구덕로225동아대학교부민캠퍼스,B03-0202국제교류과 -전화:+82-51-200-6444 -이메일:contact@donga.ac.kr -홈페이지:(국문)https://global.donga.ac.kr// (영문)https://global.donga.ac.kr/dongaoia/ -문의가능시간:월~금요일,09:00~17:00(12:00~13:00제외) 나. 각 학과 사무실 (학사·전공 문의) -각학과홈페이지참조 -https://about.donga.ac.kr/about/Main.do - 18 - |\n| 프로그램명 | 프로그램내용 |\n| 유학생학습튜터링 | 외국인학부신/편입생과한국인재학생을多:1로매치하여외국인학부학교생 활안내및학업지원 |']","동아대학교의 유학생 입학 과정에서 필요한 서류는 다음과 같습니다:

1. **입학지원서** - 온라인 접수 후 출력
2. **자기소개서** (양식1)
3. **학력조회동의서** (양식2)
4. **고등학교 졸업(예정) 증명서** - 아포스티유 혹은 한국 영사 확인 필요
5. **고등학교 성적증명서** - 고등학교 전 학년 성적 기재, 아포스티유 혹은 한국 영사 확인 필요
6. **전적 대학 졸업(예정) 증명서 또는 재학증명서** - 편입 지원자는 학사 과정 재학생은 재학증명서, 전문학사 졸업(예정)생은 졸업(예정) 증명서 제출
7. **전적 대학 성적증명서** - 대학교 전 과정 성적 기재, 아포스티유 혹은 한국 영사 확인 필요
8. **부모·학생 관계 증명서** - 국적 확인 가능한 신분증 제출
9. **본인 및 부모의 신분증 사본** (여권 혹은 본국 신분증)
10. **재정능력 입증 서류** (은행 잔고 증명서)
11. **재정보증 확인서** (양식3)
12. **재정보증인 수입 증명서** - 주체가 본인이 아닐 시
13. **재직증명서** - 유효기간 내 성적만 접수 가능
14. **어학능력 입증 서류** - 접수 마감일 기준 2년 이내 취득
15. **여권 사본**

모든 제출 서류는 온라인 원서 접수 기간 내에 전체 스캔하여 원서 접수 사이트에 업로드해야 하며, 한국어 또는 영어 외의 다른 언어로 된 서류는 한국어 또는 영어로 번역 공증을 받아 제출해야 합니다.",유학생 입학 과정에서 필요한 서류는 온라인 지원서와 함께 제출해야 하는 모든 필수 문서입니다. 구체적인 서류 목록은 대학의 공식 웹사이트에서 확인할 수 있습니다.,1.0,0.6349391491768946,0.49999999998333333,0.5
