user_input,retrieved_contexts,response,reference,faithfulness,answer_relevancy,context_precision,context_recall
What procedures should an international student receiving the GKS scholarship follow to change their major?,"['suitability, or to redesign career path, etc., The recipient must change their\ndepartment based on the regulations of the university and obtain approval from\nthe president of the university. However, A GKS recipient selected for a specialized\nprogram(R&D, UIC, etc.) may only change majors within the department that aligns\nwith the purpose of the program.\n② A GKS recipient in a degree program may transfer to an integrated program\naccording to the university’s regulations, as outlined in the following provisions.\nHowever, the scholarship period will not be extended. If the recipient transfers to\nan integrated program, Articles 17 and 22(7) shall apply to the new period of the\nintegrated program, as approved by the university president.\n1. From Undergraduate degree program to Combined Undergraduate degree', ""program and Master’s degree program\n2. From a Master’s degree program to a Combined Master’s and Doctoral Degree\nProgram\n② The president of the university must notify the NIIED president of any changes in\nthe GKS recipient's degree program, or department (field of study) within one (1)\nmonth of the change.\n③ GKS recipient in the Korean language program may undergo the procedures for\nchanging their department (or major) as specified in Paragraphs 1 and 2 after\nproceeding to a degree program.\nArticle 9 (Enrollment) A GKS recipient is required to complete enrollment procedures\nwithin the registration period set by the University.\nArticle 10 (Study obligation) A GKS recipient must diligently attend classes according\nto the policies and regulations established by the Institution.\nArticle 11 (Scholastic Performance Report) ①The president of the institution is\nresponsible for reporting updates on the academic status of GKS recipients to the"", 'recipient must submit an absence report with supporting documents such as a medical\ncertificate and may provide them afterward only in unavoidable circumstances.\nArticle 6 (Degree Program Admission) ① A GKS recipient must gain admission to a\ndegree program in accordance with the regulations established by the NIIED president.\n② The president of the institution must report the results of the GKS recipients\nadmission to the NIIED president.\nArticle 7 (Change of the university) A GKS recipient is prohibited from transferring to\nanother university after final approval has been granted by the NIIED president.\nArticle 8 (Change of Department, etc.) ① A GKS recipient may change their\ndepartment in cases such as the abolition of a department, to match major\nsuitability, or to redesign career path, etc., The recipient must change their\ndepartment based on the regulations of the university and obtain approval from', ""④ Leave of absence must be applied for on a semester basis, and the total period of\nleave of absence shall not exceed one (1) year. However, the president of the institution\nmay grant an additional extension of up to one (1) year if special circumstances are\nrecognized.\n⑤ The president of the institution must report GKS recipient’s leave of absence to\nthe NIIED president.\nArticle 13 (Re-enrollment) ① A GKS recipient must submit an application for\nre-enrollment according to the university’s regulations at least one (1) month\nbefore the end of the leave of absence.\n② The president of the Institution must report the GKS recipient's re-enrollment to\nthe NIIED president no later than two (2) weeks before the start date of each\nsemester."", ""period before the academic year of transfer.\n③ The scholarship period specified in Paragraph 1 shall not be extended, and any\nleave of absence shall not be counted as part of the scholarship period.\nArticle 5 (Korean Language Program) ① A GKS recipient must complete a one-year\nKorean language program and attain a level of three (3) or higher on the Test of\nProficiency in Korean (“TOPIK”) before commencing a degree program. However, a\nrecipient who has obtained a TOPIK level of five (5) or higher, or has been\nrecognized by the NIIED president at the time of selection as eligible to complete\nthe degree program in a foreign language, may be exempted from the mandatory\nKorean language program. In such cases, the recipient may proceed directly to the\ndegree program according to the university's academic schedule.\n② If a GKS recipient has not fulfilled the requirement stated in Paragraph 1 but\nhas achieved a score of 70% or higher of the passing score of the TOPIK level"", 'Article 14 (Maintenance of Emergency Contact Network) A GKS recipient is required\nto promptly report any changes in their residence, contact information, etc., to the\nInstitution. The president of the Institution must establish and maintain an\nemergency contact system with GKS recipients and NIIED at all times.\nArticle 15 (Temporary Departure) ① A GKS recipient in the Korean language program\nmay apply for temporary departure only under the following circumstances:\n1. During academic semesters, for reasons such as urgent summons from their\nhome country, family matters involving immediate family members, or serious\npersonal illness, for up to two (2) weeks.\n2. Within Korean language institution-designated vacation periods., for up to four\n(4) weeks.\nA GKS recipient may apply for temporary departure by submitting an application\nform and supporting documents at least seven (7) days before the planned\ndeparture date. The applicant must receive approval from the president of Korean', 'the foreign university for the joint degree, etc. are excluded.\n2. The name of the foreign university offering the joint degree, etc., the semester(s)\nof stay, and the duration of stay, to be reported at least one (1) month before the\nsemester begins.\n3. The dates of departure and return for the completion of the joint degree, etc.\nThe departure date must be reported at least seven (7) days in advance, and the\nreturn date must be reported within seven (7) days.\n③ Upon completion of the degree program, a GKS recipient must submit academic\ndocuments such as a study completion report to the NIIED president.']","An international student receiving the GKS scholarship who wishes to change their major must follow these procedures:

1. **Eligibility for Change**: The student must ensure that the change aligns with the regulations of the university and is permissible under the GKS scholarship guidelines. If the student is in a specialized program (e.g., R&D, UIC), they may only change majors within the department that aligns with the purpose of the program.

2. **Obtain Approval**: The student must obtain approval from the president of the university for the change of major.

3. **Notification to NIIED**: The president of the university is required to notify the NIIED president of any changes in the GKS recipient's degree program or department within one (1) month of the change.

4. **Follow University Regulations**: The student must adhere to any specific procedures or requirements set forth by the university regarding the change of major.

5. **Complete Enrollment Procedures**: If the change involves transferring to a different degree program, the student must complete the enrollment procedures within the registration period set by the university.

By following these steps, the GKS recipient can successfully change their major while complying with the scholarship's regulations.",GKS 장학금을 받는 유학생은 학과를 변경하려면 해당 대학의 규정에 따라 절차를 진행하고 승인을 받아야 합니다.,1.0,0.9774476343193006,0.9999999999666667,1.0
What are the circumstances under which a GKS recipient can receive a warning?,"['Article 18 (Warnings) The NIIED president will issue a warning to the GKS recipient\nfor the following violations:\n1. Unexcused absence for three (3) consecutive days or a total of five (5) days in a\nmonth during the Korean language program. In such cases, detailed attendance\ncriteria (including standards for lateness, early departure, and conversion of\nattendance records into absences) may be applied in accordance with the\ninternal regulations of the Korean language institution.\n2. Failure to achieve the required grades by semester, (70/100) for associate and\nundergraduate programs, (80/100) for master’s and doctoral programs;\n3. Temporary departure without permission or failure to re-enter Korea within the\npermitted period; However, the GKS recipient may be excused for exceeding the\ntemporary departure length due to unavoidable circumstances;\n4. Violation of the permitted scope of part-time employment as stipulated in Article\n24, Paragraph 2;', 'temporary departure length due to unavoidable circumstances;\n4. Violation of the permitted scope of part-time employment as stipulated in Article\n24, Paragraph 2;\n5. A warning issued by the GKS Award Recipient Disciplinary Committee\n(“Disciplinary Committee”) for other violations;\nArticle 19 (Disqualification) The NIIED president may disqualify the GKS recipient\nbased on the following grounds:\n1. Expulsion from the Institution;\n2. Failure to advance to the Institution after completing the Korean language\nprogram as outlined in Article 5.\n3. Failure to register within the Institution’s designated registration period;\n4. Failure to re-enter the country without valid reasons after the Institution’s\nspecified semester start date;', 'NIIED president may acknowledge reasons beyond the control of the GKS recipient\nand support their return to their home country.\n⑦ Return airfare will not be provided if:\n1. A GKS recipient fails to submit a study completion report;\n2. A GKS recipient does not obtain a degree during the scholarship period;\n3. A GKS recipient remains in Korea after the scholarship period ends;\n⑧ If a GKS recipient who starts with the degree program withdraws within three(3)\nmonths after the initial start, a full or partial refund of the scholarship will be\nrequired. For those who start with Korean language program, the refund will be\nrequired in case of withdrawal within three (3) months after admission. However,\nthe NIIED president retains the authority to recognize unavoidable circumstances\nsuch as natural disasters, summons from their home country, or serious personal\nillness and may grant exceptions regarding the scholarship refund.', 'may be granted\n9. Accumulation of three (3) or more warnings related to Article 18;\n10. Sexual offense resulting in a fine or suspension of the indictment, or any other\ncrime resulting in a fine exceeding 3 million won or imprisonment without labor;\n11. Death, physical or mental incapacitation, loss of contact, completion of stay,\nissuance of departure orders, or any other circumstances that renders a GKS\nrecipient unable to continue their studies.\n12. Withdrawal from the GKS Program;\n13. Disciplinary action ordered by the Disciplinary Committee leading to\ndisqualification;\nArticle 20 (Discipline) ① Disciplinary action refers to the suspension or\ndisqualification of scholarship as determined by the Disciplinary Committee in\naccordance with the GKS Recipient Reward and Punishment Regulations.\n② The NIIED president may impose disciplinary action on a GKS recipient in any of\nthe following cases;\n1. Engagement in political activities or conduct that may bring the national', '5. The exception under Subparagraph 4 shall not apply to GKS recipients who have\nreceived two (2) academic warnings.\n③ A GKS recipient in a degree program may engage in full-time employment if the\nrecipient has satisfied the graduation requirements established by the university or\nif the recipient may maintain student status at the university after commencing\nemployment.\n④ A GKS recipient who engages in employment pursuant to Paragraph 3 and\ncontinues academic studies while maintaining student status at the university may\nretain GKS recipient status. The payment of scholarships shall be determined upon\ncomprehensive consideration of academic fulfillment, academic performance, and\nthe opinion of the university.', ""Article 17 (Termination Report) ① A GKS recipient must report their departure to\nthe institution for departure upon completing the scholarship period or withdrawing\ndue to unavoidable reasons. The president of the institution must then report it to\nthe NIIED president within thirty (30) days of the scholarship period's end or before\nthe GKS recipient's departure date.\n② A GKS recipient who pursues to obtain a degree beyond the scholarship period\nmay postpone their departure date up to twelve (12) months for an associate,\nundergraduate, or master’s degree program, or up to twenty-four (24) months for\na doctoral degree program. The president of the institution must report this to the\nNIIED president at least thirty (30) days before the end of the scholarship period.\nArticle 18 (Warnings) The NIIED president will issue a warning to the GKS recipient\nfor the following violations:\n1. Unexcused absence for three (3) consecutive days or a total of five (5) days in a"", ""Article 12 (Leave of Absence, etc.) ① A GKS recipient in the Korean language\nprogram is not permitted to take a leave of absence except under unavoidable\ncircumstances, such as emergencies requiring a return to one's home country,\nurgent family matters involving immediate family members, or or serious personal\nillness. Requests for a leave of absence must be made by the regulations of Korean\nlanguage institution and receive approval from the NIIED president.\nArticle 12 (Leave of Absence, etc.) ① A GKS recipient in the Korean language\nprogram is not permitted to take a leave of absence. However, leave of absence\nmay be granted only under unavoidable circumstances, such as an urgent\nsummons from the recipient’s home country, urgent family matters involving\nimmediate family members, or serious personal illness. In such cases, the recipient\nmust apply for leave of absence in accordance with the regulations of the Korean\nlanguage institution and obtain approval from the NIIED president.""]","A GKS recipient can receive a warning under the following circumstances:

1. **Unexcused Absences**: If the recipient has three (3) consecutive unexcused absences or a total of five (5) unexcused absences in a month during the Korean language program.

2. **Failure to Achieve Required Grades**: If the recipient fails to achieve the required grades by semester, which are 70/100 for associate and undergraduate programs, and 80/100 for master’s and doctoral programs.

3. **Temporary Departure Without Permission**: If the recipient temporarily departs without permission or fails to re-enter Korea within the permitted period, although they may be excused for exceeding the temporary departure length due to unavoidable circumstances.

4. **Violation of Part-Time Employment Regulations**: If the recipient violates the permitted scope of part-time employment as stipulated in Article 24, Paragraph 2.

5. **Warnings from the Disciplinary Committee**: If a warning is issued by the GKS Award Recipient Disciplinary Committee for other violations.","GKS 수혜자는 다음과 같은 경우에 경고를 받을 수 있습니다: 1) 한국어 프로그램 중 무단 결석이 3일 연속이거나 한 달 동안 총 5일 이상인 경우, 2) 학기별 요구 학점을 달성하지 못한 경우 (전문대 및 학부 프로그램은 70/100, 석사 및 박사 프로그램은 80/100), 3) 허가 없이 임시 출국하거나 허용된 기간 내에 한국에 재입국하지 않은 경우, 4) 제24조 제2항에 명시된 파트타임 근무의 허용 범위를 위반한 경우.",1.0,0.9829581170402601,0.8766666666491334,1.0
What happens if I don't re-enroll after my leave of absence ends?,"['5. Failure to re-enroll without valid reasons after the leave of absence period;\n6. Exceeding the leave of absence period specified in Article 12, Paragrah 3;\n7. Departure to the home country or a third country for purposes such as\nacademic credit exchange with a foreign university. However, the following\ncases shall be excluded:\nA. Participation in a joint degree, etc. program operated with a foreign university;\nB. Participation in a foreign university credit exchange program operated during\nvacation periods based on the academic curriculum of the university.\n8. Exceeding the maximum permitted period for temporary departure as stipulated\nin Article 15. constitutes violation. However, if the NIIED president recognizes\nthat the violation was caused by unavoidable circumstances, an exception\nmay be granted\n9. Accumulation of three (3) or more warnings related to Article 18;\n10. Sexual offense resulting in a fine or suspension of the indictment, or any other', ""④ Leave of absence must be applied for on a semester basis, and the total period of\nleave of absence shall not exceed one (1) year. However, the president of the institution\nmay grant an additional extension of up to one (1) year if special circumstances are\nrecognized.\n⑤ The president of the institution must report GKS recipient’s leave of absence to\nthe NIIED president.\nArticle 13 (Re-enrollment) ① A GKS recipient must submit an application for\nre-enrollment according to the university’s regulations at least one (1) month\nbefore the end of the leave of absence.\n② The president of the Institution must report the GKS recipient's re-enrollment to\nthe NIIED president no later than two (2) weeks before the start date of each\nsemester."", '3. 수학기관이 정한 등록 기간 내에 등록하지 않는 경우\n4. 수학기관이 정한 학기 시작일 이후 정당한 사유 없이 입국하지 않는 경우\n5. 휴학 기간 종료 후 정당한 사유 없이 복학원서를 제출하지 않은 경우\n6. 제12조제3항에 명시된 휴학 기간을 초과한 경우\n7. 외국대학과의 학점 교류 등의 목적으로 출신국 또는 제3국으로 출국한 경우\n다만, 다음 각 목의 어느 하나에 해당하는 경우는 제외한다.\n가. 외국대학과의 공동학위 등을 운영하는 경우\n나. 수학대학의 교육과정에 근거하여 방학 기간 중 운영되는 외국대학 학점 교류의 경우\n8. 제15조 각호의 기준에 따른 일시출국 최대허용기간을 초과한 경우. 다만, 교육원장이\n그 행위에 부득이한 사유가 있다고 인정하는 경우는 예외로 한다.\n9. 제18조에 따른 경고를 3회 이상 받은 경우\n10. 성범죄로 벌금 이상의 형 또는 기소유예 처분을 받거나, 그 외 범죄로 300만원을\n초과하는 벌금형 또는 금고 이상의 형이 확정된 경우\n11. 사망, 정신적․신체적 무능력, 연락두절, 체류기간 종료, 출국 명령 등으로 더 이상\n학업을 수행할 수 없다고 교육원장이 인정하는 경우\n12. 장학을 중도 포기한 경우\n13. 이 외에 징계위원회에서 자격상실 처분의 의결을 받은 경우\n제20조(징계) ①징계는 ‘정부초청외국인 장학생 상벌 규정’에 따라 징계위원회 의결을\n거쳐 장학금 일시정지, 자격상실 처분을 말한다.\n②교육원장은 다음 각호의 어느 하나에 해당하는 경우 징계할 수 있다.\n1. 정치활동을 하거나, 대한민국의 명예와 국익을 실추시킨 경우\n2. 절도, 폭력, 성폭행(성희롱, 성추행 포함), 폭언 등 타인에게 해를 가한 경우\n3. 법령을 위반한 경우\n4. 각종 서류가 허위로 작성되었거나 사실과 다른 것으로 드러난 경우\n5. 교육원에 서약한 사항을 위반한 경우\n6. 이 외에 장학생의 본분에 어긋난 행위를 한 경우\n③교육원장은 다음 각호에 해당하는 경우 징계위원회의 의결을 거쳐 경고 등을 조치\n- 7 -\n\n[Tables]', '증빙서류 1부를 갖추어 수학기관장에게 재입국 신고를 하여야 한다.\n②수학기관장은 매학기 방학 전 일시출국신청서를 수합하여 승인 처리하고, 방학\n종료 후 출입국증빙서류를 확인하여 무단출국 및 출국허용기간 미준수 등 학사지침\n위반자에 대해 교육원장에게 보고하여야 한다.\n제17조(귀국 신고) ①장학 기간이 종료되거나 부득이한 사유로 중도 포기하고 귀국하려는\n장학생은 소속 수학기관에 귀국 신고를 하여야 하며, 수학기관장은 해당 사실을 장학\n기간 종료 또는 귀국 30일 전까지 교육원장에게 보고하여야 한다.\n②학위과정 장학생이 장학 기간 이내에 학위를 취득하지 못하여 학위취득을 목적으로\n한국 내에 체류할 경우, 전문학사․학사․석사 학위과정은 12개월까지, 박사 학위과정은\n24개월까지 귀국 신고를 연기할 수 있으며, 수학대학장은 장학 기간 종료 30일 전까지\n장학생의 귀국 연기 상황을 교육원장에게 보고하여야 한다.\n제18조(경고) 다음 각 호의 어느 하나에 해당하는 경우, 교육원장은 해당 장학생을 경고\n조치한다.\n1. 한국어연수 기간 중 무단결석일이 연속하여 3일 이상이거나 월 누계 5일 이상인 경우\n이 경우 출결의 세부기준(지각, 조퇴, 결석의 환산 기준 등)은 한국어연수기관 내부 규\n정에 따라 적용할 수 있다.\n2. 학기 단위 평점평균(백분위 환산점수)이 기준 점수 미만인 경우(전문학사․학사과정\n70점/100점, 석․박사 과정 80점/100점)\n3. 무단으로 일시출국하거나, 허가 기간 내 입국하지 않는 경우. 다만, 위반 사유가\n부득이하다고 교육원장이 인정하는 경우에는 예외로 할 수 있다.\n4. 제24조제2항의 시간제 취업 허용 범위를 위반한 경우\n5. 이외에 정부초청 외국인 장학생 징계위원회(이하 ‘징계위원회’라 한다)에서 경고\n조치가 필요하다고 인정하는 경우\n제19조(장학생 자격상실) 다음 각 호의 어느 하나에 해당하는 경우, 교육원장은 해당 장학\n생을 자격상실 처분한다.\n1. 수학기관으로부터 제적 처분을 받은 경우', 'cases, we can cancel your acceptance or admission even after enrollment. If this casesisapplicable,youracademicrecordswillberemovedandthepaidtuitionwillnotberefunded. Also, if our university or another university cancels your admission or registration due to those reasons,youwillnotbeabletoapplytoouruniversityforthreeyearsfromthedateofcancellation. Theapplicantmayhavecivilandcriminalliabilityinthosecases. -Ifyouinterruptedfairstudentselectionbyapplyingfortheadmissionfraudulentlysuchasaproxy intervieworsupportingotherstodoso. - Before, during and after the admission procedures, if there is any problem with the documents’ authenticity,eligibility,examcheating,etc. I.MattersnotspecifiedherewillbedecidedunderthepolicyofDong-Auniversity. J.IfapplicantscannotgetaD-2visaforstudy,Dong-Auniversitycancanceltheadmission. K.Freshmencannottakealeaveofabsencebeforeorduringthefirstsemester. ※Dong-AUniversityhasarightandresponsibilityontheinternationalstudentadmissionandisnot', 'H. In the following cases, we can cancel your acceptance or admission even after enrollment. If this\ncasesisapplicable,youracademicrecordswillberemovedandthepaidtuitionwillnotberefunded.\nAlso, if our university or another university cancels your admission or registration due to those\nreasons,youwillnotbeabletoapplytoouruniversityforthreeyearsfromthedateofcancellation.\nTheapplicantmayhavecivilandcriminalliabilityinthosecases.\n-Ifyouinterruptedfairstudentselectionbyapplyingfortheadmissionfraudulentlysuchasaproxy\nintervieworsupportingotherstodoso.\n- Before, during and after the admission procedures, if there is any problem with the documents’\nauthenticity,eligibility,examcheating,etc.\nI.MattersnotspecifiedherewillbedecidedunderthepolicyofDong-Auniversity.\nJ.IfapplicantscannotgetaD-2visaforstudy,Dong-Auniversitycancanceltheadmission.\nK.Freshmencannottakealeaveofabsencebeforeorduringthefirstsemester.\n※Dong-AUniversityhasarightandresponsibilityontheinternationalstudentadmissionandisnot', 'temporary departure length due to unavoidable circumstances;\n4. Violation of the permitted scope of part-time employment as stipulated in Article\n24, Paragraph 2;\n5. A warning issued by the GKS Award Recipient Disciplinary Committee\n(“Disciplinary Committee”) for other violations;\nArticle 19 (Disqualification) The NIIED president may disqualify the GKS recipient\nbased on the following grounds:\n1. Expulsion from the Institution;\n2. Failure to advance to the Institution after completing the Korean language\nprogram as outlined in Article 5.\n3. Failure to register within the Institution’s designated registration period;\n4. Failure to re-enter the country without valid reasons after the Institution’s\nspecified semester start date;']","If you fail to re-enroll after your leave of absence ends without valid reasons, it constitutes a violation of the regulations. This could lead to disqualification from the program, and the NIIED president may take action based on this failure. Specifically, you may lose your scholarship status and be subject to other penalties as outlined in the disciplinary regulations. It is important to submit your re-enrollment application according to the university's regulations at least one month before the end of your leave of absence to avoid these consequences.",유효한 사유 없이 재등록을 하지 않으면 위반으로 간주됩니다.,0.7142857142857143,0.942088479332778,0.9999999999857143,1.0
Which degree programs are eligible for the Global Korea Scholarship?,"['universities under their respective names upon a person who has completed\nacademic programs operated separately or jointly and satisfied the degree\nrequirements of each university.\nArticle 3 (Subject of Application) Award recipients selected under the following\nScholarship Programs conducted by the National Institute for International\nEducation (""NIIED"") shall be subject to the regulations:\n1. Global Korea Scholarship (Graduate and Undergraduate degree program)', '⑤ For the purpose of performance analysis of the Global Korea Scholarship (GKS)\nprogram and the establishment of an alumni network, the NIIED president may,\nwithin the scope permitted by relevant laws and regulations, conduct surveys on\nthe status of graduates (alumni), including career paths, employment, and country\nof residence.\n⑥ Where necessary for conducting the survey under Paragraph 5, the NIIED\npresident may request the president of the university to provide information and\nstatus data necessary for alumni surveys in accordance with relevant laws and\nregulations.\nIn such cases, the president of the university must cooperate unless there are\nspecial circumstances.\nArticle 25 (Evaluation of Management of GKS recipient) The NIIED president may\nevaluate the performance of the institution in managing GKS recipients and may\nconsider the results for selecting universities and assigning scholar quotas, etc.\nAddenda', 'Regulations for Global Korea Scholarship Recipients\nAmended on March 1, 2026\nArticle 1 (Purpose) The purpose of these regulations is to establish the necessary\nprovisions to ensure a sound academic environment and promote faithful diligent\nstudy among award recipients of the Global Korea Scholarship(“GKS”) Program\n(hereinafter referred to as “GKS recipient”).\nArticle 2 (Definitions of Terms) The definitions of terms used in these regulations are as follows:\n1. GKS recipient: An international student selected for the Global Korea Scholarship\n(GKS) Program or other equivalent scholarship programs conducted by the\nNational Institute for International Education (“NIIED”).\n2. Institution: The university or Korean language institution where the GKS\nrecipient is enrolled for the purpose of pursuing academic studies or training.\n3. University: The university where the GKS recipient is enrolled in a degree\nprogram or relevant.\n4. President of the Institution: The president of the Institution.', 'provision applies only to the GKS recipient who has achieved 70% or higher of the\npassing score for the TOPIK level three (3).\n⑤ A GKS recipient undergoing additional Korean language program as outlined in\nParagraph 4 must bear fifty percent (50%) of the language training tuition as\nspecified in the ""Scholarship Payment Guideline"" for GKS recipients by the National\nInstitute for International Education.\n⑥ A GKS recipient who has been granted an extension of Korean language program\nperiod under Paragraph 4 must obtain at least TOPIK Level 3 and meet the\nadmission requirements of the university within the extended Korean language\nprogram period.\n⑦ A GKS recipient must obtain prior approval from the president of Korean language\ninstitution in case of an unavoidable absence from the Korean language program. The\nrecipient must submit an absence report with supporting documents such as a medical\ncertificate and may provide them afterward only in unavoidable circumstances.', ""program and Master’s degree program\n2. From a Master’s degree program to a Combined Master’s and Doctoral Degree\nProgram\n② The president of the university must notify the NIIED president of any changes in\nthe GKS recipient's degree program, or department (field of study) within one (1)\nmonth of the change.\n③ GKS recipient in the Korean language program may undergo the procedures for\nchanging their department (or major) as specified in Paragraphs 1 and 2 after\nproceeding to a degree program.\nArticle 9 (Enrollment) A GKS recipient is required to complete enrollment procedures\nwithin the registration period set by the University.\nArticle 10 (Study obligation) A GKS recipient must diligently attend classes according\nto the policies and regulations established by the Institution.\nArticle 11 (Scholastic Performance Report) ①The president of the institution is\nresponsible for reporting updates on the academic status of GKS recipients to the"", '3. University: The university where the GKS recipient is enrolled in a degree\nprogram or relevant.\n4. President of the Institution: The president of the Institution.\n5. President of the University: The president of the University.\n6. Degree program: An academic program that confers a degree in accordance\nwith the academic regulations of the University.\n7. Korean language program: A Korean language education program operated by a\nuniversity or Korean language institution.\n8. Joint degree: A degree jointly conferred under the names of both domestic and\nforeign universities upon a person who has completed a jointly operated\nacademic program and satisfied the degree requirements of each university.\n9. Dual degree: Degrees separately conferred by each domestic and foreign\nuniversities under their respective names upon a person who has completed\nacademic programs operated separately or jointly and satisfied the degree\nrequirements of each university.', '2 Korean-Japan Government Scholarship (Graduate degree program)\nArticle 4 (The scholarship period) ①The scholarship period, excluding the Korean\nlanguage program period, shall be within the duration of the academic program as\nspecified by the department by the following:\n1. Associate degree program: 2-3 years\n2. Undergraduate degree program: 4-6 years\n3. Master’s degree program: 2 years\n4. Doctoral degree program: 3 years\n5. Combined Master’s and Doctoral degree program: 4 years\n② In the case of transfer admissions in programs operated for specific purposes\n(hereinafter referred to as ""specialized programs"") recognized by the president of\nthe National Institute for International Education (hereinafter referred to as ""the\nNIIED president""), the scholarship period specified in Paragraph 1 shall exclude the\nperiod before the academic year of transfer.\n③ The scholarship period specified in Paragraph 1 shall not be extended, and any']","The eligible degree programs for the Global Korea Scholarship (GKS) include:

1. Graduate degree programs
2. Undergraduate degree programs
3. Combined Master’s and Doctoral degree programs

These programs are conducted by the National Institute for International Education (NIIED) and are subject to the regulations outlined in the context provided.",대학원 및 학부 학위 프로그램에 적용됩니다.,1.0,0.9518878248298804,0.9999999999,1.0
What are the guidelines that international students receiving the GKS scholarship should follow when working part-time?,"['3. A GKS recipient in a degree program may engage in part-time employment only\nwhere the president of the university grants approval upon determining that\nsuch employment does not significantly interfere with academic studies.\nIn making such determination, the president of the university shall\ncomprehensively consider academic achievement, attendance records, and the\nopinion of the academic advisor.\nThe scope and standards of part-time employment shall comply with the\nauthorization criteria for part-time employment of international students\nestablished by the Ministry of Justice and other relevant authorities.\nA. On-campus part-time jobs paid by the university;\nB. Research or academic activities related to the recipient’s field of study;\nC. Field training as part of a practical training semester program;\nD. Internship activities;\nE. Other activities permitted within the scope of employment authorization for\ninternational students as determined by the Ministry of Justice and other', 'Ministry of Justice and other relevant authorities and comply with the following\ncriteria:\n1. A GKS recipient must prioritize studying their major program.\n2. A GKS recipient in the Korean language program shall not engage in part-time\nemployment until completing at least six (6) months of the program. Part-time\nemployment shall be permitted only during vacation periods.\nSuch employment shall require prior approval from the president of the Korean\nlanguage institution and prior authorization from the Ministry of Justice.\nNotwithstanding the foregoing, a recipient who has obtained the TOPIK level\nrecognized by the president of the institution as necessary for advancement to a\ndegree program may engage in part-time employment during the semester. In\nsuch case, part-time employment shall not exceed twenty (20) hours per week.', 'D. Internship activities;\nE. Other activities permitted within the scope of employment authorization for\ninternational students as determined by the Ministry of Justice and other\nrelevant authorities.\n4. Activities under Subparagraph 3(E) shall, in principle, not be permitted for GKS\nrecipients who have received an academic warning under Article 18(2).\nHowever, an exception may be granted if all of the following conditions are met:\nA. The recipient has received only one (1) academic warning;\nB. The recipient’s grades for the immediately preceding semester shall be at\nleast 80/100 for associate and undergraduate programs, or at least 85/100\nfor master’s and doctoral programs;\nC. The president of the university recognizes the recipient’s ability to continue\nacademic studies.\n5. The exception under Subparagraph 4 shall not apply to GKS recipients who have\nreceived two (2) academic warnings.\n③ A GKS recipient in a degree program may engage in full-time employment if the', '5. The exception under Subparagraph 4 shall not apply to GKS recipients who have\nreceived two (2) academic warnings.\n③ A GKS recipient in a degree program may engage in full-time employment if the\nrecipient has satisfied the graduation requirements established by the university or\nif the recipient may maintain student status at the university after commencing\nemployment.\n④ A GKS recipient who engages in employment pursuant to Paragraph 3 and\ncontinues academic studies while maintaining student status at the university may\nretain GKS recipient status. The payment of scholarships shall be determined upon\ncomprehensive consideration of academic fulfillment, academic performance, and\nthe opinion of the university.', 'such as natural disasters, summons from their home country, or serious personal\nillness and may grant exceptions regarding the scholarship refund.\nArticle 23 (Mutatis Mutandis) The regulations of the institution shall apply to all other\nmatters related to academic affairs not specified in these regulations.\nArticle 24 (Management and Inspection of GKS recipient) ① The NIIED president may\nconduct frequent or periodic inspections of the management status of GKS\nrecipients at the Institution, and the Institution must actively cooperate by\nsubmitting relevant management documents and related materials.\n② The president of the institution must manage part-time employment of GKS\nrecipients to ensure sound academic progress and meaningful study in Korea. A\nGKS recipient must meet the part-time employment requirements set by the\nMinistry of Justice and other relevant authorities and comply with the following\ncriteria:\n1. A GKS recipient must prioritize studying their major program.', '라. 인턴 활동의 경우\n마. 그 밖에 법무부 등 관계 기관이 정한 외국인 유학생 취업 허용 범위 내 활동\n4. 제3호 마목에 따른 활동은 원칙적으로 동 지침 제18조 제2호 성적 경고를 받은 장학생\n에게는 허용하지 아니한다. 다만, 다음 각 목의 요건을 모두 충족하는 경우에는 예외적\n으로 허용할 수 있다.\n가. 성적경고를 1회만 받은 경우\n나. 직전 학기 성적 평점평균(백분위 환산점수)이 학사 및 전문학사 과정 80/100 이\n상, 석사 및 박사 과정 85/100 이상을 충족한 경우\n다. 수학대학장이 학업 지속 가능성을 인정한 경우\n5. 성적경고를 2회 이상 받은 장학생에 대하여는 제4호 단서의 예외를 적용하지 아니한다.\n③학위과정 장학생은 수학대학이 정한 졸업 요건을 충족한 경우 또는 취업 이후에도 수\n학대학의 학적 유지가 가능한 경우 취업할 수 있다.\n④제3항에 따라 취업한 장학생이 학업을 지속하고 수학대학의 학적을 유지하는 경우에는\n장학생 자격을 유지할 수 있으며, 장학금 지급 여부는 학업 이행 여부, 학업 성취도 및\n대학의 의견 등을 종합적으로 고려하여 결정한다.\n⑤교육원장은 정부초청 외국인 장학생(GKS) 사업의 성과 분석 및 동문 네트워크 구축을\n위하여 관련 법령이 허용하는 범위 내에서 졸업생(동문)의 진로, 취업, 거주 국가 등\n현황을 조사할 수 있다.\n⑥교육원장은 제5항에 따른 조사 수행을 위하여 필요한 경우, 관련 법령에 따라 수학대\n학장에게 졸업생(동문) 조사에 필요한 정보 및 현황 자료 등을 요청할 수 있다. 이 경\n우 수학대학장은 특별한 사정이 없는 한 이에 협조하여야 한다.\n제25조(장학생 관리실적 평가) 교육원장은 수학기관에 대하여 장학생 관리실적을 평가하고,\n그 결과를 수학대학 선정 및 장학생 인원 배정 등에 반영할 수 있다.\n부 칙\n이 지침은 2019. 6. 20.부터 시행한다.\n이 지침은 2020. 6. 22.부터 시행하며, 장학 기간 중인 장학생 전체에 적용된다.', 'provision applies only to the GKS recipient who has achieved 70% or higher of the\npassing score for the TOPIK level three (3).\n⑤ A GKS recipient undergoing additional Korean language program as outlined in\nParagraph 4 must bear fifty percent (50%) of the language training tuition as\nspecified in the ""Scholarship Payment Guideline"" for GKS recipients by the National\nInstitute for International Education.\n⑥ A GKS recipient who has been granted an extension of Korean language program\nperiod under Paragraph 4 must obtain at least TOPIK Level 3 and meet the\nadmission requirements of the university within the extended Korean language\nprogram period.\n⑦ A GKS recipient must obtain prior approval from the president of Korean language\ninstitution in case of an unavoidable absence from the Korean language program. The\nrecipient must submit an absence report with supporting documents such as a medical\ncertificate and may provide them afterward only in unavoidable circumstances.']","International students receiving the GKS (Global Korea Scholarship) should follow these guidelines when engaging in part-time employment:

1. **Approval Requirement**: Part-time employment must be approved by the president of the university, who will assess whether the employment significantly interferes with academic studies. This assessment will consider academic achievement, attendance records, and the opinion of the academic advisor.

2. **Compliance with Regulations**: The scope and standards of part-time employment must comply with the authorization criteria established by the Ministry of Justice and other relevant authorities.

3. **Types of Permissible Employment**:
   - On-campus part-time jobs paid by the university.
   - Research or academic activities related to the recipient’s field of study.
   - Field training as part of a practical training semester program.
   - Internship activities.
   - Other activities permitted within the scope of employment authorization for international students as determined by the Ministry of Justice.

4. **Prioritization of Studies**: GKS recipients must prioritize their major program of study over part-time employment.

5. **Restrictions for Korean Language Program Students**: 
   - Students in the Korean language program cannot engage in part-time employment until they have completed at least six months of the program. Employment is only allowed during vacation periods.
   - Prior approval from the president of the Korean language institution and authorization from the Ministry of Justice is required.
   - Students who have achieved the necessary TOPIK level recognized for advancement to a degree program may work part-time during the semester, limited to 20 hours per week.

6. **Academic Warning Conditions**: 
   - Activities under the category of ""Other activities"" are generally not permitted for GKS recipients who have received an academic warning, except under specific conditions:
     - The recipient has received only one academic warning.
     - The recipient's grades for the preceding semester meet the required thresholds (80/100 for associate and undergraduate programs, 85/100 for master’s and doctoral programs).
     - The president of the university recognizes the recipient's ability to continue academic studies.

7. **Full-Time Employment**: GKS recipients may engage in full-time employment if they have satisfied the graduation requirements established by the university or if they can maintain student status after commencing employment.

8. **Retention of GKS Status**: Recipients who engage in employment while continuing their studies and maintaining student status may retain their GKS recipient status. Scholarship payments will be determined based on academic fulfillment, performance, and the university's opinion.

These guidelines ensure that GKS recipients can balance their academic responsibilities with part-time work while complying with legal and institutional requirements.","GKS 장학금을 받는 유학생은 전공 공부를 우선시해야 하며, 법무부 및 관련 당국이 정한 아르바이트 요건을 충족해야 합니다.",1.0,0.9093110423434071,0.9999999999833333,1.0
What are the key details to check in the Certificate of Admission?,"['| 5 | Certificate of Admission/표준입학허가서 ❖Please make sure the following points are valid: 1) Stamp of the University is clearly visible 2) Your name, passport number, and date of birth, Nationality are correctly written on your CoA document 3) Document is issued within 3 months 4) “Signature of Student” (Only hand signature will be accepted/e-signature not permitted) *If there are inaccuracies on your CoA, kindly reach out to your university directly. Incorrect information cannot be accepted. |\n| 6 | Business registration of the university in Korea issued within 3 months 한국대학교의사업자등록증명원(발급3개월이내) |\n| 7 | Proof of Payment Receipt / 송금내역서 |\n| 8 | KVAC Waiver Courier / 우편접수시책임면책서 Please clearly write down the address where you wish to have your passport sent back including C/O. 반드시여권을돌려받아야하는주소를정확하게기재해주시기바랍니다. (우편함이름까지기재) |', '2\n여권유효기간이최소6개월이상남아있는여권\nOne3.5X4.5cmpicturetakeninthepast6months. Please glue the photo on the Application Form.\n3\n최근6개월이내촬영한3.5X4.5cm사진. 사증발급신청서사진란에풀로부착.\nCertificate of Admission/표준입학허가서\n❖Please make sure the following points are valid:\n1) Stamp of the University is clearly visible\n2) Your name, passport number, and date of birth, Nationality are correctly written on your CoA document\n3) Document is issued within 3 months\n4) “Signature of Student” (Only hand signature will be accepted/e-signature not permitted)\n4\n*If there are inaccuracies on your CoA, kindly reach out to your university directly. Incorrect information cannot be accepted.\nBusiness registration of the university in Korea issued within 3 months\n5\n한국대학교의사업자등록증명원(발급3개월이내)\n6 Proof of Payment Receipt / 송금내역서\nKVAC Waiver Courier / 우편접수시책임면책서\n7 Please clearly write down the address where you wish to have your passport sent back including C/O.\n반드시여권을돌려받아야하는주소를정확하게기재해주시기바랍니다. (우편함이름까지기재)', 'Passport with at least 6 months remainder validity\n2\n여권유효기간이최소6개월이상남아있는여권\nOne3.5X4.5cmpicturetakeninthepast6months. Please glue the photo on the Application Form.\n3\n최근6개월이내촬영한3.5X4.5cm사진. 사증발급신청서사진란에풀로부착.\nCertificate of Admission/표준입학허가서\n❖Please make sure the following points are valid:\n1) Stamp of the University is clearly visible\n2) Your name, passport number, and date of birth, Nationality are correctly written on your CoA document\n3) Document is issued within 3 months\n4) “Signature of Student” (Only hand signature will be accepted/e-signature not permitted)\n4\n*If there are inaccuracies on your CoA, kindly reach out to your university directly. Incorrect information cannot be accepted.\nBusiness registration of the university in Korea issued within 3 months\n5\n한국대학교의사업자등록증명원(발급3개월이내)\n6 Proof of Payment Receipt / 송금내역서\nKVAC Waiver Courier / 우편접수시책임면책서\n7 Please clearly write down the address where you wish to have your passport sent back including C/O.', '2\n여권유효기간이최소6개월이상남아있는여권\nOne3.5X4.5cmpicturetakeninthepast6months. Please glue the photo on the Application Form.\n3\n최근6개월이내촬영한3.5X4.5cm사진. 사증발급신청서사진란에풀로부착.\nFront and Back copy of long-term resident permit (Verblijfstitel) in the Netherlands\n4 : Documentation confirming residence in the Netherlands for more than 2 years from the date of submission.\n*If you have not resided in the Netherlands for more than 2 years, please submit an “incomplete document form”\nCertificate of Admission/표준입학허가서\n❖Please make sure the following points are valid:\n1) Stamp of the University is clearly visible\n2) Your name, passport number, and date of birth, Nationality are correctly written on your CoA document\n3) Document is issued within 3 months\n4) “Signature of Student” (Only hand signature will be accepted/e-signature not permitted)\n5\n*If there are inaccuracies on your CoA, kindly reach out to your university directly. Incorrect information cannot be accepted.', 'Passport with at least 6 months remainder validity\n2\n여권유효기간이최소6개월이상남아있는여권\nOne3.5X4.5cmpicturetakeninthepast6months. Please glue the photo on the Application Form.\n3\n최근6개월이내촬영한3.5X4.5cm사진. 사증발급신청서사진란에풀로부착.\nFront and Back copy of long-term resident permit (Verblijfstitel) in the Netherlands\n4 : Documentation confirming residence in the Netherlands for more than 2 years from the date of submission.\n*If you have not resided in the Netherlands for more than 2 years, please submit an “incomplete document form”\nCertificate of Admission/표준입학허가서\n❖Please make sure the following points are valid:\n1) Stamp of the University is clearly visible\n2) Your name, passport number, and date of birth, Nationality are correctly written on your CoA document\n3) Document is issued within 3 months\n4) “Signature of Student” (Only hand signature will be accepted/e-signature not permitted)\n5', '[Tables]\n| Visa Fee (Mandatory) | Please check your visa fee HERE in EURO |\n| Service Fee (Mandatory) | 60.00 EURO |\n| Courier Return service (Optional) | 15.00 EURO |\n| 1 | VisaApplicationForm(Formno.17)/ 사증발급신청서(제17호서식)e-signature not permitted/전자서명불가 |\n| 2 | Passport with at least 6 months remainder validity 여권유효기간이최소6개월이상남아있는여권 |\n| 3 | One3.5X4.5cmpicturetakeninthepast6months. Please glue the photo on the Application Form. 최근6개월이내촬영한3.5X4.5cm사진. 사증발급신청서사진란에풀로부착. |\n| 4 | Certificate of Admission/표준입학허가서 ❖Please make sure the following points are valid: 1) Stamp of the University is clearly visible 2) Your name, passport number, and date of birth, Nationality are correctly written on your CoA document 3) Document is issued within 3 months 4) “Signature of Student” (Only hand signature will be accepted/e-signature not permitted) *If there are inaccuracies on your CoA, kindly reach out to your university directly. Incorrect information cannot be accepted. |', ""It is necessary to be filled in even if you are single. Please check No, if you do not have children.\n없음 No [ ] 있음 Yes [ ] 자녀수 Number of children [ ]\n6. 학력 / EDUCATION\n6.1 최종학력 What is the highest degree or level of education the applicant has completed ?\n석사/박사 Master’s /Doctoral Degree [ ] 대졸 Bachelor’s Degree [ ]\n고졸 High School Diploma [ ] 기타 Other [ ]\n→ ‘기타’선택 시 상세내용 기재 If‘Other’, please provide details ( )\n6.2 학교명 Name of School 6.3 학교 소재지 Location of School(city/province/country)\nPlease fill in the name of high school, in case you do not hold bachelor's degree\n210㎜×297㎜[백상지(80ｇ/㎡) 또는 중질지(80ｇ/㎡)]""]","The key details to check in the Certificate of Admission (CoA) are:

1. **Stamp of the University**: Ensure that the stamp is clearly visible.
2. **Personal Information**: Verify that your name, passport number, date of birth, and nationality are correctly written on the CoA document.
3. **Issuance Date**: Confirm that the document is issued within the last 3 months.
4. **Signature of Student**: Make sure that there is a hand signature (e-signature is not permitted).

If there are any inaccuracies on your CoA, you should reach out to your university directly, as incorrect information cannot be accepted.","입학허가서에서 확인해야 할 주요 사항은 다음과 같습니다: 1) 대학의 도장이 명확하게 보이는지, 2) 본인의 이름, 여권 번호, 생년월일, 국적이 정확하게 기재되어 있는지, 3) 문서가 3개월 이내에 발급되었는지, 4) 학생의 서명이 손으로 작성되었는지(전자 서명은 허용되지 않음)입니다.",1.0,0.9743341585945351,0.9999999999833333,1.0
How should I fill out my address to get my passport back?,"['| 9 | KVAC Waiver Courier / 우편접수시책임면책서 Please clearly write down the address where you wish to have your passport sent back including C/O. 반드시여권을돌려받아야하는주소를정확하게기재해주시기바랍니다. (우편함이름까지기재) |\n| 1 0 | KVAC Consent Form and Terms of Use / KVAC 이용약관동의서 On page 2, “I have the right to contact IOM at _____”, please write The Hague 2번째장, “I have the right to contact IOM at _____” 에는The Hague 을기재해주시기바랍니다. |', '| 8 | KVAC Waiver Courier / 우편접수시책임면책서 Please clearly write down the address where you wish to have your passport sent back including C/O. 반드시여권을돌려받아야하는주소를정확하게기재해주시기바랍니다. (우편함이름까지기재) |\n| 9 | KVAC Consent Form and Terms of Use / KVAC 이용약관동의서 On page 2, “I have the right to contact IOM at _____”, please write The Hague 2번째장, “I have the right to contact IOM at _____” 에는The Hague 을기재해주시기바랍니다. |\n| CASE 2: If your university is NOT on the Excellent accredited Universities list, additional documents are required |  |\n| 1 0 | Documents proving you have attended university for more than one semester - Original and Apostille document should be submitted *If your country of origin is not among the Apostille Convention countries, please visit the Embassy of your country of origin located in the country where you are studying/have studied *If you have graduated from a Dutch university, you have the option to have your documents apostilled through the official Dutch Apostille organization. |', '| 8 | KVAC Waiver Courier / 우편접수시책임면책서 Please clearly write down the address where you wish to have your passport sent back including C/O. 반드시여권을돌려받아야하는주소를정확하게기재해주시기바랍니다. (우편함이름까지기재) |\n| 9 | KVAC Consent Form and Terms of Use / KVAC 이용약관동의서 On page 2, “I have the right to contact IOM at _____”, please write The Hague 2번째장, “I have the right to contact IOM at _____” 에는The Hague 을기재해주시기바랍니다. |\n| CASE 2: If your university is NOT on the Excellent accredited Universities list, additional documents are required |  |\n| 1 0 | Documents proving your last academic background certification - Original and Apostille document should be submitted *If your country of origin is not among the Apostille Convention countries, please visit the Embassy of your country of origin located in the country where you are studying/have studied *If you have graduated from a Dutch university, you have the option to have your documents apostilled through the official Dutch Apostille organization. |', '| 8 | KVAC Waiver Courier / 우편접수시책임면책서 Please clearly write down the address where you wish to have your passport sent back including C/O. 반드시여권을돌려받아야하는주소를정확하게기재해주시기바랍니다. (우편함이름까지기재) |\n| 9 | KVAC Consent Form and Terms of Use / KVAC 이용약관동의서 On page 2, “I have the right to contact IOM at _____”, please write The Hague 2번째장, “I have the right to contact IOM at _____” 에는The Hague 을기재해주시기바랍니다. |\n| CASE 2: If your university is NOT on the Excellent accredited Universities list, additional documents are required |  |\n| 1 0 | Documents proving your current or last academic background certification - Original and Apostille document should be submitted *If your country of origin is not among the Apostille Convention countries, please visit the Embassy of your country of origin located in the country where you are studying/have studied *If you have graduated from a Dutch university, you have the option to have your documents apostilled through the official Dutch Apostille organization. |', '| 8 | KVAC Waiver Courier / 우편접수시책임면책서 Please clearly write down the address where you wish to have your passport sent back including C/O. 반드시여권을돌려받아야하는주소를정확하게기재해주시기바랍니다. (우편함이름까지기재) |\n| 9 | KVAC Consent Form and Terms of Use / KVAC 이용약관동의서 On page 2, “I have the right to contact IOM at _____”, please write The Hague 2번째장, “I have the right to contact IOM at _____” 에는The Hague 을기재해주시기바랍니다. |\n| CASE 2: If your university is NOT on the Excellent accredited Universities list, additional documents are required |  |\n| 1 0 | Documents proving your last and current academic background certification - Original and Apostille document should be submitted *If your country of origin is not among the Apostille Convention countries, please visit the Embassy of your country of origin located in the country where you are studying/have studied *If you have graduated from a Dutch university, you have the option to have your documents apostilled through the official Dutch Apostille organization. |', '| 6 | KVAC Waiver Courier / 우편접수시책임면책서 Please clearly write down the address where you wish to have your passport sent back including C/O. 반드시여권을돌려받아야하는주소를정확하게기재해주시기바랍니다. (우편함이름까지기재) |\n| 7 | KVAC Consent Form and Terms of Use / KVAC 이용약관동의서 On page 2, “I have the right to contact IOM at _____”, please write The Hague 2번째장, “I have the right to contact IOM at _____” 에는The Hague 을기재해주시기바랍니다. |', '5\n한국대학교의사업자등록증명원(발급3개월이내)\n6 Proof of Payment Receipt / 송금내역서\nKVAC Waiver Courier / 우편접수시책임면책서\n7 Please clearly write down the address where you wish to have your passport sent back including C/O.\n반드시여권을돌려받아야하는주소를정확하게기재해주시기바랍니다. (우편함이름까지기재)\nKVAC Consent Form and Terms of Use / KVAC 이용약관동의서\n8 On page 2, “I have the right to contact IOM at _____”, please write The Hague\n2번째장, “I have the right to contact IOM at _____” 에는The Hague 을기재해주시기바랍니다.']","You should clearly write down the address where you wish to have your passport sent back, including any necessary details such as ""C/O"" (care of) if applicable. Make sure to provide the complete address accurately, including the name on the mailbox if you have one. This ensures that your passport is returned to the correct location.","여권을 돌려받아야 하는 주소를 정확하게 기재해야 하며, 우편함 이름까지 포함해야 합니다.",0.8,0.7469763019595629,0.9999999999857143,1.0
How should I submit the financial proof required for studying abroad?,"['| 1 1 | Financial proof (670EURO * 00Months) - Your bank statement issued within 1 month (Original needed). - If you submit parents’ bank statement, please submit your birth or family certification. (Please translate the document if it is not written in English or Korean. And submit a translate verification.) |\n| 1 2 | A visa request letter(reference letter) issued by the Principal of home country university. (Submission of the Incomplete document form is not acceptable) - The principal’s stamp or signature must be included. |\n| 1 3 | Document proving that you are an exchange student. (Submission of the Incomplete document form is not acceptable) 1) Exchange student agreement between the two universities. OR 2) Letter of Acceptance - The exchange program title and name of the home country university and the inviting university in Korea must be included. |', 'Documents proving you have attended university for more than one semester\n- Original and Apostille document should be submitted\n1 *If your country of origin is not among the Apostille Convention countries, please visit the Embassy of your country of origin located in the\n0 country where you are studying/have studied\n*If you have graduated from a Dutch university, you have the option to have your documents apostilled through the official Dutch Apostille\norganization.\nFinancial proof (670EURO * 00Months)\n1 - Your bank statement issued within 1 month (Original needed).\n1 - If you submit parents’ bank statement, please submit your birth or family certification. (Please translate the document if it is not written\nin English or Korean. And submit a translate verification.)\nA visa request letter(reference letter) issued by the Principal of home country university. (Submission of the Incomplete document form is\n1\nnot acceptable)\n2\n- The principal’s stamp or signature must be included.', 'CASE 2: If your university is NOT on the Excellent accredited Universities list, additional documents are\nrequired\nDocuments proving your last academic background certification\n- Original and Apostille document should be submitted\n1 *If your country of origin is not among the Apostille Convention countries, please visit the Embassy of your country of origin\n0 located in the country where you are studying/have studied\n*If you have graduated from a Dutch university, you have the option to have your documents apostilled through the official\nDutch Apostille organization.\nFinancial proof (over 20.000USD)\n1 - Your bank statement issued within 1 month (Original needed).\n1 - If you submit parents’ bank statement, please submit your birth or family certification. (Please translate the document if\nit is not written in English or Korean. And submit a translate verification.)', 'confirmation letter of tuition fee, etc.\nStudents who are enrolled with an insurance from their own country should provide proof of insurance after entering\n- A graduation certificate of the most recently attended school\nKorea.\n- Proof of Financial Capability (at least USD 8,000 per year): Parents’ proof of income and certificate of employment\n- Certificate of Bank Balance (at least KRW 8,000,000) * E ffective starting from March of 2015, all international students are required to have insurances according to the\n- TB Test Certificate laws of the Korean government.\n* F rom February 2021, foreigners staying in Korea for more than 6 months are obligated to subscribe to public\nFamily Relations Proof Sample health insurance and pay insurance premiums. Please note that the exact premium and subscription details will be\nprovided after entering our university.\nChina : or notorization, Philippines: Family Census, Indonesia : KARTU KELUARGA,', '| 5 | Business registration of the university in Korea issued within 3 months 한국대학교의사업자등록증명원명원(발급3개월이내) |\n| 6 | Financial proof 재정증명 - Applicant’s Bank Statement (650EUR * 00months) issued within 2weeks. 신청인은행계좌내역 - or Confirmation of research allowance: If your research allowance is above 650 EUR per month, you need to apply for another visa type. 또는연구수당지급확인서(연구수당이월60-70만원상회시, 다른비자타입을신청하여야함) - or Guarantee from a Korean university 또는신원보증서 |\n| 7 | Confirmation of Foreign Research Student stamped by head of university *STAMP IS NEEDED 외국인연구생확인서(대학총장직인날인반드시필요) |\n| 8 | Proof of Payment Receipt / 송금내역서 |\n| 9 | KVAC Waiver Courier / 우편접수시책임면책서 Please clearly write down the address where you wish to have your passport sent back including C/O. 반드시여권을돌려받아야하는주소를정확하게기재해주시기바랍니다. (우편함이름까지기재) |', '| 6 | Business registration of the university in Korea issued within 3 months 한국대학교의사업자등록증명원명원(발급3개월이내) |\n| 7 | Financial proof 재정증명 - Applicant’s Bank Statement (650EUR * 00months) issued within 2weeks. 신청인은행계좌내역 - or Confirmation of research allowance: If your research allowance is above 650 EUR per month, you need to apply for another visa type. 또는연구수당지급확인서(연구수당이월60-70만원상회시, 다른비자타입을신청하여야함) - or Guarantee from a Korean university 또는신원보증서 |\n| 8 | Confirmation of Foreign Research Student stamped by head of university 외국인연구생확인서(대학총장직인날인반드시필요) |\n| 9 | Proof of Payment Receipt / 송금내역서 |\n| 1 0 | KVAC Waiver Courier / 우편접수시책임면책서 Please clearly write down the address where you wish to have your passport sent back including C/O. 반드시여권을돌려받아야하는주소를정확하게기재해주시기바랍니다. (우편함이름까지기재) |\n| 1 1 | KVAC Consent Form and Terms of Use / KVAC 이용약관동의서 On page 2, “I have the right to contact IOM at _____”, please write The Hague 2번째장, “I have the right to contact IOM at _____” 에는The Hague 을기재해주시기바랍니다. |', 'required\nDocuments proving your last and current academic background certification\n- Original and Apostille document should be submitted\n1 *If your country of origin is not among the Apostille Convention countries, please visit the Embassy of your country of origin\n0 located in the country where you are studying/have studied\n*If you have graduated from a Dutch university, you have the option to have your documents apostilled through the official\nDutch Apostille organization.\nFinancial proof (670EURO * 00Months)\n1 - Your bank statement issued within 1 month (Original needed).\n1 - If you submit parents’ bank statement, please submit your birth or family certification. (Please translate the document if\nit is not written in English or Korean. And submit a translate verification.)']","To submit the financial proof required for studying abroad, you need to follow these steps:

1. **Bank Statement**: Provide your bank statement that has been issued within the last month. This document must be the original.

2. **Amount**: Ensure that the bank statement reflects a minimum balance of 670 EUR multiplied by the number of months you plan to stay.

3. **If Using Parents' Bank Statement**: If you are submitting your parents' bank statement instead of your own, you must also provide a birth certificate or family certification to prove your relationship. 

4. **Translation**: If any of the documents (bank statement, birth certificate, etc.) are not in English or Korean, you must have them translated. Additionally, you need to submit a translation verification to confirm the accuracy of the translation.

Make sure all documents are complete and meet the specified requirements to avoid any issues with your application.","재정 증명으로는 670유로에 해당하는 금액이 포함된 은행 명세서를 제출해야 하며, 이 명세서는 1개월 이내에 발급된 원본이어야 합니다. 만약 부모의 은행 명세서를 제출할 경우, 출생증명서나 가족관계증명서를 함께 제출해야 하며, 해당 문서가 영어 또는 한국어로 작성되지 않은 경우 번역본과 번역 확인서를 제출해야 합니다.",1.0,0.9371431305299213,0.9999999999857143,1.0
What documents are required for applying for a student visa?,"['❑ 비자 종류별 정보 / Visa type Information\nD-2-1 ~ D-2-4 University Student Visa 91일이상, 단수입국(독일인, 일본인만복수)\nOver 91 days, Single entry\nD-2-1 ~ D-2-4 학생 유학 비자\n(Only German, Japanese nationals Multiple entry)\n➢ 비자+ 서비스수수료/ Visa + Service fee\nVisa Fee (Mandatory) Please check your visa fee HERE in EURO\nService Fee (Mandatory) 60.00 EURO\nCourier Return service (Optional) 15.00 EURO\nStudent from the countries below, please go to page no.10\nBangladesh, Cameroon, China, Ethiopia, Egypt, Ghana, Guinea, Iran, India, Indonesia, Kazakhstan,\nKyrgyzstan, Nigeria, Nepal, Mali, Myanmar, Mongolia, Pakistan, Peru, Philippines, Sri Lanka, Thailand,\nUkraine, Uzbekistan, Uganda, and Vietnam.\n➢ 필수제출서류/ Mandatory document to be submitted\n1 VisaApplicationForm(Formno.17)/ 사증발급신청서(제17호서식)e-signature not permitted/전자서명불가\nPassport with at least 6 months remainder validity\n2\n여권유효기간이최소6개월이상남아있는여권\nOne3.5X4.5cmpicturetakeninthepast6months. Please glue the photo on the Application Form.\n3', '❑ 비자 종류별 정보 / Visa type Information\nD-2-8 Visiting Student\n91일이상, 단수입국\nD-2-8 방문학생 Over 91 days, Single entry\n➢ 비자+ 서비스수수료/ Visa + Service fee\nVisa Fee (Mandatory) Please check your visa fee HEREin EURO\nService Fee (Mandatory) 60.00 EURO\nCourier Return service (Optional) 15.00 EURO\nApplicable only to students from the countries below,\nBangladesh, Cameroon, China, Ethiopia, Egypt, Ghana, Guinea, Iran, India, Indonesia, Kazakhstan, Kyrgyzstan,\nNigeria, Nepal, Mali, Myanmar, Mongolia, Pakistan, Peru, Philippines, Sri Lanka, Thailand, Ukraine,\nUzbekistan, Uganda, and Vietnam.\n➢ 필수제출서류/ Mandatory document to be submitted\nCASE 1: If your university is on the Excellent accredited Universities list\n1 VisaApplicationForm(Formno.17)/ 사증발급신청서(제17호서식)e-signature not permitted/전자서명불가\nPassport with at least 6 months remainder validity\n2\n여권유효기간이최소6개월이상남아있는여권\nOne3.5X4.5cmpicturetakeninthepast6months. Please glue the photo on the Application Form.\n3\n최근6개월이내촬영한3.5X4.5cm사진. 사증발급신청서사진란에풀로부착.', '❑ 비자 종류별 정보 / Visa type Information\nD-2-1 ~ D-2-4 University Student Visa\n91일이상, 단수입국\nD-2-1 ~ D-2-4 학생 유학 비자 Over 91 days, Single entry\n➢ 비자+ 서비스수수료/ Visa + Service fee\nVisa Fee (Mandatory) Please check your visa fee HEREin EURO\nService Fee (Mandatory) 60.00 EURO\nCourier Return service (Optional) 15.00 EURO\nApplicable only to students from the countries below,\nBangladesh, Cameroon, China, Ethiopia, Egypt, Ghana, Guinea, Iran, India, Indonesia, Kazakhstan, Kyrgyzstan,\nNigeria, Nepal, Mali, Myanmar, Mongolia, Pakistan, Peru, Philippines, Sri Lanka, Thailand, Ukraine,\nUzbekistan, Uganda, and Vietnam.\n➢ 필수제출서류/ Mandatory document to be submitted\nCASE 1: If your university is on the Excellent accredited Universities list\n1 VisaApplicationForm(Formno.17)/ 사증발급신청서(제17호서식)e-signature not permitted/전자서명불가\nPassport with at least 6 months remainder validity\n2\n여권유효기간이최소6개월이상남아있는여권\nOne3.5X4.5cmpicturetakeninthepast6months. Please glue the photo on the Application Form.\n3', '❑ 비자 종류별 정보 / Visa type Information\nD-2-6 Exchange Student Visa\n91일이상, 단수입국\nD-2-6 교환학생비자 Over 91 days, Single entry\n➢ 비자+ 서비스수수료/ Visa + Service fee\nVisa Fee (Mandatory) Please check your visa fee HEREin EURO\nService Fee (Mandatory) 60.00 EURO\nCourier Return service (Optional) 15.00 EURO\nApplicable only to students from the countries below,\nBangladesh, Cameroon, China, Ethiopia, Egypt, Ghana, Guinea, Iran, India, Indonesia, Kazakhstan, Kyrgyzstan,\nNigeria, Nepal, Mali, Myanmar, Mongolia, Pakistan, Peru, Philippines, Sri Lanka, Thailand, Ukraine,\nUzbekistan, Uganda, and Vietnam.\n➢ 필수제출서류/ Mandatory document to be submitted\nCASE 1: If your university is on the Excellent accredited Universities list\n1 VisaApplicationForm(Formno.17)/ 사증발급신청서(제17호서식)e-signature not permitted/전자서명불가\nPassport with at least 6 months remainder validity\n2\n여권유효기간이최소6개월이상남아있는여권\nOne3.5X4.5cmpicturetakeninthepast6months. Please glue the photo on the Application Form.\n3\n최근6개월이내촬영한3.5X4.5cm사진. 사증발급신청서사진란에풀로부착.', '❑ 비자 종류별 정보 / Visa type Information\nD-2-8 Visiting Student 91일이상, 단수입국(독일인만복수)\nOver 91 days, Single entry\nD-2-8 방문학생\n(Only German national Multiple entry)\n➢ 비자+ 서비스수수료/ Visa + Service fee\nVisa Fee (Mandatory) Please check your visa fee HERE in EURO\nService Fee (Mandatory) 60.00 EURO\nCourier Return service (Optional) 15.00 EURO\nStudent from the countries below, please go to page no.12\nBangladesh, Cameroon, China, Ethiopia, Egypt, Ghana, Guinea, Iran, India, Indonesia, Kazakhstan,\nKyrgyzstan, Nigeria, Nepal, Mali, Myanmar, Mongolia, Pakistan, Peru, Philippines, Sri Lanka, Thailand,\nUkraine, Uzbekistan, Uganda, and Vietnam.\n➢ 필수제출서류/ Mandatory document to be submitted\n1 VisaApplicationForm(Formno.17)/ 사증발급신청서(제17호서식)e-signature not permitted/전자서명불가\nPassport with at least 6 months remainder validity\n2\n여권유효기간이최소6개월이상남아있는여권\nOne3.5X4.5cmpicturetakeninthepast6months. Please glue the photo on the Application Form.\n3\n최근6개월이내촬영한3.5X4.5cm사진. 사증발급신청서사진란에풀로부착.\nCertificate of Admission/표준입학허가서', '❑ 비자 종류별 정보 / Visa type Information\nD-2-6 Exchange Student Visa 91일이상, 단수입국(독일인만복수)\nOver 91 days, Single entry\nD-2-6 교환학생 비자\n(Only German national Multiple entry)\n➢ 비자+ 서비스수수료/ Visa + Service fee\nVisa Fee (Mandatory) Please check your visa fee HERE in EURO\nService Fee (Mandatory) 60.00 EURO\nCourier Return service (Optional) 15.00 EURO\nStudent from the countries below, please go to page no.12\nBangladesh, Cameroon, China, Ethiopia, Egypt, Ghana, Guinea, Iran, India, Indonesia, Kazakhstan,\nKyrgyzstan, Nigeria, Nepal, Mali, Myanmar, Mongolia, Pakistan, Peru, Philippines, Sri Lanka, Thailand,\nUkraine, Uzbekistan, Uganda, and Vietnam.\n➢ 필수제출서류/ Mandatory document to be submitted\n1 VisaApplicationForm(Formno.17)/ 사증발급신청서(제17호서식)e-signature not permitted/전자서명불가\nPassport with at least 6 months remainder validity\n2\n여권유효기간이최소6개월이상남아있는여권\nOne3.5X4.5cmpicturetakeninthepast6months. Please glue the photo on the Application Form.\n3\n최근6개월이내촬영한3.5X4.5cm사진. 사증발급신청서사진란에풀로부착.', '❑ 비자 종류별 정보 / Visa type Information\nD-4-1 Korean Language Trainee\n91일이상, 단수입국\nD-4-1 한국어연수 비자 Over 91 days, Single entry\n➢ 비자+ 서비스수수료/ Visa + Service fee\nVisa Fee (Mandatory) Please check your visa fee HERE in EURO\nService Fee (Mandatory) 60.00 EURO\nCourier Return service (Optional) 15.00 EURO\nStudent from the countries below, please go to page no.14\nBangladesh, Cameroon, China, Ethiopia, Egypt, Ghana, Guinea, Iran, India, Indonesia, Kazakhstan,\nKyrgyzstan, Nigeria, Nepal, Mali, Myanmar, Mongolia, Pakistan, Peru, Philippines, Sri Lanka, Thailand,\nUkraine, Uzbekistan, Uganda, and Vietnam.\n➢ 필수제출서류/ Mandatory document to be submitted\n1 VisaApplicationForm(Formno.17)/ 사증발급신청서(제17호서식)e-signature not permitted/전자서명불가\nPassport with at least 6 months remainder validity\n2\n여권유효기간이최소6개월이상남아있는여권\nOne3.5X4.5cmpicturetakeninthepast6months. Please glue the photo on the Application Form.\n3\n최근6개월이내촬영한3.5X4.5cm사진. 사증발급신청서사진란에풀로부착.\nCertificate of Admission/표준입학허가서']","To apply for a student visa (D-2-1 ~ D-2-4, D-2-6, D-2-8, or D-4-1), the following mandatory documents are required:

1. **Visa Application Form (Form no. 17)**: This form must be filled out, and electronic signatures are not permitted.
2. **Passport**: Your passport must have at least 6 months of remaining validity.
3. **Photograph**: One 3.5 x 4.5 cm picture taken within the past 6 months. This photo should be glued onto the application form.
4. **Certificate of Admission**: This is required for certain visa types (D-2-6, D-2-8, D-4-1).

Make sure to check if there are any additional requirements based on your specific visa type or country of origin.","유학생 비자 신청 시 필요한 서류는 다음과 같습니다: 1) 사증발급신청서(제17호서식), 2) 여권(유효기간이 최소 6개월 이상 남아 있어야 함), 3) 최근 6개월 이내 촬영한 3.5X4.5cm 사진, 4) 석사 또는 박사 졸업증명서(아포스티유 원본 필요), 5) 한국대학교의 사업자등록증명원(발급 3개월 이내)입니다.",0.875,0.9917371899851081,0.9999999999857143,0.6
What happens to the tuition refund if an international student’s visa is denied?,"['* F ees will be refunded under the conditions listed below. The dormitory fee will be prorated according to admissions date, and other\n6) School transcript (Written in Korean or English, Apostille or Korean Embassy certified)\nmiscellaneous charges will not be refunded\n* T he Immigration Center will be notified about applicants who cancel admissions after obtaining their visa, and their visa will be * All documents must be written in Korean or English. Documents in any other languages must have a notarized translation attached.\nautomatically canceled.\n* Additional documents may be requested.\n* Conditions for refund\n* As required documents may vary depending on the country of origin and visa type, prior inquiry is required\nPeriod Amount\nWhen Visa has been denied/none of the appropriate classes are available Full refund\nBefore the beginning of the class Full refund\n3 Procdeures\nBefore 1/3 of the total class hours have been taken 2/3 of total tuition\nOther', 'cases, we can cancel your acceptance or admission even after enrollment. If this casesisapplicable,youracademicrecordswillberemovedandthepaidtuitionwillnotberefunded. Also, if our university or another university cancels your admission or registration due to those reasons,youwillnotbeabletoapplytoouruniversityforthreeyearsfromthedateofcancellation. Theapplicantmayhavecivilandcriminalliabilityinthosecases. -Ifyouinterruptedfairstudentselectionbyapplyingfortheadmissionfraudulentlysuchasaproxy intervieworsupportingotherstodoso. - Before, during and after the admission procedures, if there is any problem with the documents’ authenticity,eligibility,examcheating,etc. I.MattersnotspecifiedherewillbedecidedunderthepolicyofDong-Auniversity. J.IfapplicantscannotgetaD-2visaforstudy,Dong-Auniversitycancanceltheadmission. K.Freshmencannottakealeaveofabsencebeforeorduringthefirstsemester. ※Dong-AUniversityhasarightandresponsibilityontheinternationalstudentadmissionandisnot', 'H. In the following cases, we can cancel your acceptance or admission even after enrollment. If this\ncasesisapplicable,youracademicrecordswillberemovedandthepaidtuitionwillnotberefunded.\nAlso, if our university or another university cancels your admission or registration due to those\nreasons,youwillnotbeabletoapplytoouruniversityforthreeyearsfromthedateofcancellation.\nTheapplicantmayhavecivilandcriminalliabilityinthosecases.\n-Ifyouinterruptedfairstudentselectionbyapplyingfortheadmissionfraudulentlysuchasaproxy\nintervieworsupportingotherstodoso.\n- Before, during and after the admission procedures, if there is any problem with the documents’\nauthenticity,eligibility,examcheating,etc.\nI.MattersnotspecifiedherewillbedecidedunderthepolicyofDong-Auniversity.\nJ.IfapplicantscannotgetaD-2visaforstudy,Dong-Auniversitycancanceltheadmission.\nK.Freshmencannottakealeaveofabsencebeforeorduringthefirstsemester.\n※Dong-AUniversityhasarightandresponsibilityontheinternationalstudentadmissionandisnot', 'Before the beginning of the class Full refund\n3 Procdeures\nBefore 1/3 of the total class hours have been taken 2/3 of total tuition\nOther\nAfter 1/3 of the total class hours have been taken 1/2 of total tution Application Procedure\nAfter 1/2 of the total class hours have been taken No refund\nScreening, Issuing of\nSubmit the Visa application\nInterview, notice admission Opening of\n* Required Documents: Refund request form, a copy of bankbook, a certificate of admission (if visa has not yet been obtained) required Payment (Korean Entry\nof admissions, letter and other classes\ndocument embassy)\n* Further process will be under the rules and regulations of Language Education Center. issuing of invoice documents\nStudent → University →\nStudent University Student Student Student\nUniversity Student\n2026-2027 Korean Language Course Dong-A University', 'Remit the tuition fee with the applicant’s name or passport number (Invoice and information package will be delivered after the screening) Screening fee 50,000KRW Non-refundable\n* Applicants will be responsible for exchange rate fee charges. (Applicants will pay the difference after admissions).\nB. A dditional Documents (required for those who live overseas)\n1) Study plan\n2) Bank statement (verifying a balance of over 8,000,000 KRW)\n3 Refunds\n3) A certificate of parent’s employment and income(at least USD 8,000 per year)\n4) Certificate of family relationship\n* An applicant who wants to withdraw the enrollment must submit the refund request form to Language Education Center.\n5) A copy of citizenship certificates of parents and applicants (verifying foreign nationality)\n* F ees will be refunded under the conditions listed below. The dormitory fee will be prorated according to admissions date, and other', '03 04\nPayment and Refund Application procedure\n1 Fee 1 Qualifications\nCategory Fee Period Completion of high school education or its equivalent.\nTuition Fee (per semester) 1,300,000 KRW One semester ※ Vietnam: A pplications from the Ha Tinh and Nghe An regions are not accepted. For vocational schools, applicants with a minimum score\nof 80 are eligible to apply\nTuition Fee (D-4 visa applicants) 2,600,000 KRW Two semesters\nScreening Fee 50,000 KRW\n2 Required Documents\n* Applicants who want to acquire D-4 visa must apply at least two semesters.\nAll documents must be submitted in original form in person to the Office of International Affairs upon entry to Korea after final acceptance\n* P lease contact the office beforehand, since the applicable semester may vary based on nationality or type of visa.\n- Apply for two semesters: The United States, East Asia, China, France and Australia A. Common Documents (Required for both visa holders and non-holders)', '- Apply for two semesters: The United States, East Asia, China, France and Australia A. Common Documents (Required for both visa holders and non-holders)\n- Apply for four semesters: Russia, Southeast Asia, and Central Asia\nDocuments Note\n* Screening fee must be paid together with the application\nA completed application form Download at http://global.donga.ac.kr\n* Textbook fee (50,000 KRW) to be paid separately (more information will be available after admission).\nA copy of the student’s certificate of graduation Need to verify education\nA copy of passport and alien registration card Alien registration card is required only for visa holders\n2 photos (3cmX4cm) – visa holders\n2 Payment Method Background color must be white\n5 photos (3cmX4cm) – non-holders\nRemit the tuition fee with the applicant’s name or passport number (Invoice and information package will be delivered after the screening) Screening fee 50,000KRW Non-refundable']","If an international student's visa is denied, they are eligible for a full refund of their tuition fees.","비자가 거부된 경우, 전액 환불됩니다.",1.0,0.8162330511270804,0.9999999999,1.0
When is the application deadline for the spring semester of 2026 (March to May)?,"['[Tables]\n| Semester | Four quarters(10 weeks per quarter) | Hours |\n| Days | Mon – Fri (4 hrs per day) | Lessons |\n| Class size |  |  |\n| Tuition Fee |  |  |\n| Level and class hours |  |  |\n| Semester | Date (10 weeks) | Application Deadline | The first day of the semester |\n|  | 2026.03.03.(Tue) ~ 2026.05.08.(Fri) | 2025.12.01.(Mon)~2026.01.02.(Fri) |  |\n|  | 2026.06.01.(Mon) ~ 2026.08.07.(Fri) | 2026.02.16.(Mon)~2026.04.03.(Fri) |  |\n|  | 2026.08.31.(Mon) ~ 2026.11.06.(Fri) | 2026.05.18.(Mon)~2026.07.03.(Fri) |  |\n|  | 2026.11.30.(Mon) ~ 2027.02.05.(Fri) | 2026.08.17.(Mon)~2026.10.02.(Fri) |  |\n| Level | Course Content |\n| Semester | Date (10 weeks) | Application Deadline | The first day of the semester |\n|  | 2027.03.02.(Tue) ~ 2027.05.07.(Fri) | 2026.11.16.(Mon)~2027.01.01.(Fri) |  |\n|  | 2027.05.31.(Mon) ~ 2027.08.06.(Fri) | 2027.02.15.(Mon)~2027.04.02.(Fri) |  |\n|  | 2027.08.30.(Mon) ~ 2027.11.05.(Fri) | 2027.05.17.(Mon)~2027.07.02.(Fri) |  |', '[Tables]\n|  |\n| 1. 전형 일정 일정 구분 3차 1차 2차 비고 2026.4.1.(수) ~ 2026.6.15.(월) ~ 2026.7.23(목)~ 온라인지원 모집기간 4.14.(화), 6.21.(일), 7.29.(수), (applydonga.accomsystem.co.kr) 24:00까지 24:00까지 24:00까지 동아 2026.04.14(화) 예정 추후공지예정 국제교류과홈페이지공지 한국어능력평가 2026.5.15.(금) 2026.7.20.(월) 2026.8.14(금) 합격자발표 국제교류과홈페이지공지 14:00예정 14:00 예정 14:00 예정 2026.5.18.(월) 2026.7.21.(화) 2026.8.19.(화) 등록금납부 ~ 5.20.(수) ~ 7.23.(목) ~ 8.20.(수) 합격자별도안내 09:00 ~ 16:00 09:00 ~ 16:00 09:00 ~ 16:00 ※ 3차지원은국내체류자만가능함 ※ 전형일정은사정에따라변동될수있음 ※ 변동사항발생시국제교류과홈페이지공지예정(https://global.donga.ac.kr) 2. 지원 절차 온라인지원: applydonga.accomsystem.co.kr 접속 ↓ 회원가입후동아대학교‘신입학’, ‘편입학’중해당되는과정을클릭 ↓ 유의사항숙지후입학원서작성(필수제출서류전체온라인첨부) ↓ 입학원서최종제출및전형료결제* 전형료결제완료되어야접수완료 ↓ 제출서류적격여부심사 ↓ 서류심사 ↓ 합격자발표 ↓ 등록금납부 ↓ 표준입학허가서발급(학교) 및비자신청(지원자) *등록금납부자및원본서류제출자에한해비자서류를발급함 ↓ 입국및오리엔테이션 - 1 - |\n| 구분 | 일정 |  | 3차 비고 |  |  |\n|  | 1차 | 2차 |  |  |  |', '01 02\nCourse Information Course Schedule\n1 Program outline 1 2026\nSemester Four quarters(10 weeks per quarter) Hours 20 hours × 10 weeks = 200 hours Semester Date (10 weeks) Application Deadline The first day of the semester\nDays Mon – Fri (4 hrs per day) Lessons Korean language and cultural activities\nClass size Approximately 15 students (Class may be cancelled if the number of the students is less than 10) 1st 2026.03.03.(Tue) ~ 2026.05.08.(Fri) 2025.12.01.(Mon)~2026.01.02.(Fri) 2026.03.03(Tue)\n1,300,000 KRW per semester\nTuition Fee\n※ Screening fee (50,000KRW) is a non-refundable initial payment due at the time of admission.\nSummer 2026.06.01.(Mon) ~ 2026.08.07.(Fri) 2026.02.16.(Mon)~2026.04.03.(Fri) 2026.06.01.(Mon)\nBeginner 1 & 2 Afternoon class(13:20~17:20)\nLevel and\nIntermediate 1 & 2 Advanced 1 & 2 Morning class (09:00 ~ 13:00)\nclass hours 2nd 2026.08.31.(Mon) ~ 2026.11.06.(Fri) 2026.05.18.(Mon)~2026.07.03.(Fri) 2026.08.31.(Mon)\n※ Class hours can be adjusted', '| 구분 | 일정 |  | 3차 비고 |  |  |\n|  | 1차 | 2차 |  |  |  |\n| 모집기간 | 2026.4.1.(수) ~ 4.14.(화), 24:00까지 | 2026.6.15.(월) ~ 6.21.(일), 24:00까지 | 2026.7.23(목)~ 7.29.(수), 24:00까지 | (app | 온라인지원 lydonga.accomsystem.co.kr) |\n| 동아 한국어능력평가 | 2026.04.14(화) 예정 | 추후공지예정 |  |  | 국제교류과홈페이지공지 |\n| 합격자발표 | 2026.5.15.(금) 14:00예정 | 2026.7.20.(월) 14:00 예정 | 2026.8.14(금) 14:00 예정 |  | 국제교류과홈페이지공지 |\n| 등록금납부 | 2026.5.18.(월) ~ 5.20.(수) 09:00 ~ 16:00 | 2026.7.21.(화) ~ 7.23.(목) 09:00 ~ 16:00 | 2026.8.19.(화) ~ 8.20.(수) 09:00 ~ 16:00 |  | 합격자별도안내 |', '1. 전형 일정\n일정\n구분\n3차\n1차 2차 비고\n2026.4.1.(수) ~ 2026.6.15.(월) ~ 2026.7.23(목)~ 온라인지원\n모집기간 4.14.(화), 6.21.(일), 7.29.(수),\n(applydonga.accomsystem.co.kr)\n24:00까지 24:00까지 24:00까지\n동아\n2026.04.14(화) 예정 추후공지예정 국제교류과홈페이지공지\n한국어능력평가\n2026.5.15.(금) 2026.7.20.(월) 2026.8.14(금)\n합격자발표 국제교류과홈페이지공지\n14:00예정 14:00 예정 14:00 예정\n2026.5.18.(월) 2026.7.21.(화) 2026.8.19.(화)\n등록금납부 ~ 5.20.(수) ~ 7.23.(목) ~ 8.20.(수) 합격자별도안내\n09:00 ~ 16:00 09:00 ~ 16:00 09:00 ~ 16:00\n※ 3차지원은국내체류자만가능함\n※ 전형일정은사정에따라변동될수있음\n※ 변동사항발생시국제교류과홈페이지공지예정(https://global.donga.ac.kr)\n2. 지원 절차\n온라인지원: applydonga.accomsystem.co.kr 접속\n↓\n회원가입후동아대학교‘신입학’, ‘편입학’중해당되는과정을클릭\n↓\n유의사항숙지후입학원서작성(필수제출서류전체온라인첨부)\n↓\n입학원서최종제출및전형료결제* 전형료결제완료되어야접수완료\n↓\n제출서류적격여부심사\n↓\n서류심사\n↓\n합격자발표\n↓\n등록금납부\n↓\n표준입학허가서발급(학교) 및비자신청(지원자)\n*등록금납부자및원본서류제출자에한해비자서류를발급함\n↓\n입국및오리엔테이션\n- 1 -', '| 10. Notification of Admission A. Notification of Admission: at https://global.donga.ac.kr/dongaoia/ • 1stround: 2026.5.15.(Fri) 14:00 • 2ndround: 2026.7.20.(Mon) 14:00 ※Original Documents (hardcopy) Submission • 1stround: By 2026.5.22.(Fri) • 2ndround: By 2026.7.27.(Fri) ※If you cannot submit the hard copies within the deadline, please contact in advance. ※If you don’t submit the hard copies without notice, your admission will be revoked. 11. Application Fee & Tuition A.Applicationfee -Amount:60,000KRW -Howtopay:Paymentwillbemadeatapplydonga.accomsystem.co.kr–MYPAGE ※Applicationwillbeacceptedafterapplicationfeepaymentandpaidfeeisnon-refundable B.Registration(TuitionPayment) • 1stRound:2026.5.18.(Mon)~5.20.(Wed),09:00~16:00 • 2ndRound:2026.7.21.(Tue)~7.23.(Thu),09:00~16:00 ※Thetotaltuitionfeecanbedifferentdependsonyourscholarshiptype. ※Tuitionfeefor2027canbeupdated. 12. Scholarships A.FreshmanScholarship Type Eligibility Benefits A IELTS 7.0,TOEFL iBT5, New TEPS 380 equivalent or', '10. Notification of Admission\nA. Notification of Admission: at https://global.donga.ac.kr/dongaoia/\n• 1stround: 2026.5.15.(Fri) 14:00\n• 2ndround: 2026.7.20.(Mon) 14:00\n※Original Documents (hardcopy) Submission\n• 1stround: By 2026.5.22.(Fri)\n• 2ndround: By 2026.7.27.(Fri)\n※If you cannot submit the hard copies within the deadline, please contact in advance.\n※If you don’t submit the hard copies without notice, your admission will be revoked.\n11. Application Fee & Tuition\nA.Applicationfee\n-Amount:60,000KRW\n-Howtopay:Paymentwillbemadeatapplydonga.accomsystem.co.kr–MYPAGE\n※Applicationwillbeacceptedafterapplicationfeepaymentandpaidfeeisnon-refundable\nB.Registration(TuitionPayment)\n• 1stRound:2026.5.18.(Mon)~5.20.(Wed),09:00~16:00\n• 2ndRound:2026.7.21.(Tue)~7.23.(Thu),09:00~16:00\n※Thetotaltuitionfeecanbedifferentdependsonyourscholarshiptype.\n※Tuitionfeefor2027canbeupdated.\n12. Scholarships\nA.FreshmanScholarship\nType Eligibility Benefits']","The application deadline for the spring semester of 2026 (March to May) is from December 1, 2025 (Monday) to January 2, 2026 (Friday).",2025년 12월 1일(월)부터 2026년 1월 2일(금)까지입니다.,0.5,0.9517658020465566,0.8333333332916666,1.0
What facilities are provided in the dormitory for international students?,"['| 13. Additional Information A. Dormitory Classification Facilities Fee Location - Room Facilities: bed, desk, closet, etc. Dorm1(Female): 939,000KRW Hanlim - Common Facilities : cafeteria, laundry Dorm2(Male):1,070,000KRW Seunghak Dormitory room, rooftop etc. (1semester/About 4 months) ※Fees are for 2026 intake and may be able to change for 2027 intake. ※Website: HanlimDormitroy(http://hanlim.donga.ac.kr) ※ Dormitory application after admission result announcement. HanlimDormitory B. Insurance -It is compulsory for all the international students to subscribe to insurance in preparation of unexpected diseases, injuries and death during staying in Korea. -From 2021, all foreign residents(including degree students) who are staying six months or longer in Korea are required to enroll in National Health Insurance. (Approx. 60,000 KRW/per month) C. On-campus Programs for Int’l Student D. Information on Issuance of Certificate of Admission and Visa application:To be announced. E.', '13. Additional Information\nA. Dormitory\nClassification Facilities Fee Location\n- Room Facilities: bed, desk, closet, etc. Dorm1(Female): 939,000KRW\nHanlim\n- Common Facilities : cafeteria, laundry Dorm2(Male):1,070,000KRW Seunghak\nDormitory\nroom, rooftop etc. (1semester/About 4 months)\n※Fees are for 2026 intake and may be able to change for 2027 intake.\n※Website: HanlimDormitroy(http://hanlim.donga.ac.kr)\n※ Dormitory application after admission result announcement.\nHanlimDormitory\nB. Insurance\n-It is compulsory for all the international students to subscribe to insurance in preparation of\nunexpected diseases, injuries and death during staying in Korea.\n-From 2021, all foreign residents(including degree students) who are staying six months or longer in\nKorea are required to enroll in National Health Insurance. (Approx. 60,000 KRW/per month)\nC. On-campus Programs for Int’l Student\nD. Information on Issuance of Certificate of Admission and Visa application:To be announced.', '[Tables]\n|  |\n| 나. 재학생 장학금 구분 수혜금액 수혜조건 장학명 자격요건 종류 A 수업료100% 직전학기성적순위가10% 미만 외국인유학생 외국인 특별전형으로 B 수업료70% 직전학기성적순위가40% 미만 성적우수 입학한자 장학금 (융합경영학과 C 수업료40% 직전학기성적순위가60% 미만 A,B,C,D 학생제외) D 수업료20% 직전학기성적순위가80% 미만 근로장학금 교내행정업무지원 월평균500,000원 국제교류과선발기준에따름 TOPIKⅡ(중급) 응시표제출자(응시료의경우횟수제한없음) - TOPIK PBT 응시료55,000원중35,000원 지원 시험응시료의일부 - TOPIKiBT응시료95,000원중45,000원 지원 - TOPIK말하기평가응시료80,000원 중40,000원 지원 TOPIK TOPIK 성적표제출자 500,000원 TOPIK(PBT, iBT) 3급제출자 장학금 700,000원 TOPIK(PBT, iBT) 4급제출자 500,000원 TOPIK(PBT, iBT) 5급제출자 500,000원 TOPIK(PBT, iBT) 6급제출자 ※장학금지급기준및지급액은본교장학제도에따라변동될수있음 ※성적우수장학금의경우동점자발생시학과기준에따라장학이결정됨 13. 기타 사항 가. 기숙사 구분 시설 가격 위치 가. 기본시설 한학기(방학제외) : 침대, 책상, 옷장, 신발장, 수납장등 한림생활관 승학1관(여자기숙사): 939,000원 승학 나. 그외시설 승학2관(남자기숙사): 1,070,000원 : 카페테리아, 휴게실, 세탁실등 ※ 상기금액은2026년기숙사비기준이며, 2027년기숙사비책정시변동될수있음 ※ 기숙사홈페이지: http://hanlim.donga.ac.kr ※ 기숙사신청방법: 합격자대상으로추후공지 - 17 - |\n| 구분 |  |  | 수혜금액 | 수혜조건 |\n| 장학명 | 자격요건 | 종류 |  |  |', '| 구분 |  |  | 수혜금액 | 수혜조건 |\n| 장학명 | 자격요건 | 종류 |  |  |\n| 외국인 성적우수 장학금 A,B,C,D | 외국인유학생 특별전형으로 입학한자 (융합경영학과 학생제외) | A | 수업료100% | 직전학기성적순위가10% 미만 |\n|  |  | B | 수업료70% | 직전학기성적순위가40% 미만 |\n|  |  | C | 수업료40% | 직전학기성적순위가60% 미만 |\n|  |  | D | 수업료20% | 직전학기성적순위가80% 미만 |\n| 근로장학금 | 교내행정업무지원 |  | 월평균500,000원 | 국제교류과선발기준에따름 |\n| TOPIK 장학금 | TOPIK 성적표제출자 |  | 시험응시료의일부 | TOPIKⅡ(중급) 응시표제출자(응시료의경우횟수제한없음) - TOPIK PBT 응시료55,000원중35,000원 지원 - TOPIKiBT응시료95,000원중45,000원 지원 - TOPIK말하기평가응시료80,000원 중40,000원 지원 |\n|  |  |  | 500,000원 | TOPIK(PBT, iBT) 3급제출자 |\n|  |  |  | 700,000원 | TOPIK(PBT, iBT) 4급제출자 |\n|  |  |  | 500,000원 | TOPIK(PBT, iBT) 5급제출자 |\n|  |  |  | 500,000원 | TOPIK(PBT, iBT) 6급제출자 |\n| 구분 | 시설 | 가격 | 위치 |\n| 한림생활관 | 가. 기본시설 : 침대, 책상, 옷장, 신발장, 수납장등 나. 그외시설 : 카페테리아, 휴게실, 세탁실등 | 한학기(방학제외) 승학1관(여자기숙사): 939,000원 승학2관(남자기숙사): 1,070,000원 | 승학 |', '나. 재학생 장학금\n구분\n수혜금액 수혜조건\n장학명 자격요건 종류\nA 수업료100% 직전학기성적순위가10% 미만\n외국인유학생\n외국인\n특별전형으로 B 수업료70% 직전학기성적순위가40% 미만\n성적우수\n입학한자\n장학금\n(융합경영학과 C 수업료40% 직전학기성적순위가60% 미만\nA,B,C,D\n학생제외)\nD 수업료20% 직전학기성적순위가80% 미만\n근로장학금 교내행정업무지원 월평균500,000원 국제교류과선발기준에따름\nTOPIKⅡ(중급) 응시표제출자(응시료의경우횟수제한없음)\n- TOPIK PBT 응시료55,000원중35,000원 지원\n시험응시료의일부\n- TOPIKiBT응시료95,000원중45,000원 지원\n- TOPIK말하기평가응시료80,000원 중40,000원 지원\nTOPIK\nTOPIK 성적표제출자 500,000원 TOPIK(PBT, iBT) 3급제출자\n장학금\n700,000원 TOPIK(PBT, iBT) 4급제출자\n500,000원 TOPIK(PBT, iBT) 5급제출자\n500,000원 TOPIK(PBT, iBT) 6급제출자\n※장학금지급기준및지급액은본교장학제도에따라변동될수있음\n※성적우수장학금의경우동점자발생시학과기준에따라장학이결정됨\n13. 기타 사항\n가. 기숙사\n구분 시설 가격 위치\n가. 기본시설\n한학기(방학제외)\n: 침대, 책상, 옷장, 신발장, 수납장등\n한림생활관 승학1관(여자기숙사): 939,000원 승학\n나. 그외시설\n승학2관(남자기숙사): 1,070,000원\n: 카페테리아, 휴게실, 세탁실등\n※ 상기금액은2026년기숙사비기준이며, 2027년기숙사비책정시변동될수있음\n※ 기숙사홈페이지: http://hanlim.donga.ac.kr\n※ 기숙사신청방법: 합격자대상으로추후공지\n- 17 -', 'not accepted.) ○ Kakaotalk: dongakorean\n* Meals are excluded. ○ Address: ( 49236) Seokdang Global House, Dong-A University, 30-1 Daecheong-ro, Jung-gu, Busan, South Korea\n* Students shall prepare their own beddings in advance since it will not be provided by the dormitory (rentals for beddings are available). (49236) Dong-A University International Affairs Office, B03-0202, 225 Gudeok-ro, Seo-gu, Busan, South Korea\n* N o Wi-Fi connection will be available in the dormitory. Students shall either use the LAN cable provided by the dormitory or prepare their\n○ Web site: h ttp://www.donga.ac.kr (Dong-A University)\nown Wi-Fi router.\nhttp://global.donga.ac.kr (Dong-A University Office of International Affairs)\n* Newcomers must stay in the dormitory at least 3 months. The course will be terminated if you leave the dormitory within 3 months.\n* Refrigerated/frozen foods cannot be stored(Please do not bring) ○ E-mail: koreanedu@donga.ac.kr', 'provided after entering our university.\nChina : or notorization, Philippines: Family Census, Indonesia : KARTU KELUARGA,\n5 Information about Immigration Office - (map included)\n户口本 亲属关系证明 영주터널\nVietnam : So Ho Khau or Giay Khai Sinh, Pakistan : Family Certificate\nA. D uties: Issuing alien registration card, extension of length of stay, change in types of visa,\n중앙동\nchange in address, reports and declarations and etc. 지하철역 중부경찰서\n※ T hese are the basic requirements for applying for the visa. Conditions may vary depending on the country, so please check with the\nB. P hone number: representative number (without area code) 1345 / general civil service center\nKorean embassies in your country before applying for the visa. 남포동\n051-461-3120~6 중부소방서 대한항공빌딩 부산역\n영\nC. Directions 주 고\n부산출입국 가\n- S ubway: line number 1 (Orange line), Busan station exit number 2 or Joongang station exit 종합민원센터 교\nnumber 14, first floor of the Korean Air building (Joongang-dong).\n6 Note\n06\nDormitory']","The dormitory for international students provides the following facilities:

1. **Room Facilities**: Each room is equipped with a bed, desk, closet, and other essential furniture.
2. **Common Facilities**: The dormitory includes shared amenities such as a cafeteria, laundry facilities, and a rooftop area.

Additionally, students are advised to prepare their own beddings in advance, as they are not provided by the dormitory.","기숙사에서는 세탁실, 휴게실, 욕실, 침대, 책상, 의자, 책장, 옷장, 에어컨, 난방 시스템이 제공됩니다.",1.0,0.9973240503627728,0.99999999998,0.0
How much is the dormitory fee in Busan?,"['부산출입국 가\n- S ubway: line number 1 (Orange line), Busan station exit number 2 or Joongang station exit 종합민원센터 교\nnumber 14, first floor of the Korean Air building (Joongang-dong).\n6 Note\n06\nDormitory\nLanguage school students who want to apply for the undergraduate or graduate school may use the original documents they submitted when\nthey apply for the language course. If there are no changes on the original documents, required documents can be simplified.\n1 Facility and rate\n08\nContact\nType Rate(app.) Facilities Meal\nAround 756,000 Public sector: Laundry room, resting area Not\nTwin room\nKRW (for 3 months) Room: Bathroom, bed, desk, chair, bookcase, closet, air-conditioning, heating system, LAN Included\n* T he dormitory fee must be paid to the dormitory account at the time of receiving the invoice after entering Korea (Monthly payments are ○ Phone number : +82-51-200-6446\nnot accepted.) ○ Kakaotalk: dongakorean', '| 구분 |  |  | 수혜금액 | 수혜조건 |\n| 장학명 | 자격요건 | 종류 |  |  |\n| 외국인 성적우수 장학금 A,B,C,D | 외국인유학생 특별전형으로 입학한자 (융합경영학과 학생제외) | A | 수업료100% | 직전학기성적순위가10% 미만 |\n|  |  | B | 수업료70% | 직전학기성적순위가40% 미만 |\n|  |  | C | 수업료40% | 직전학기성적순위가60% 미만 |\n|  |  | D | 수업료20% | 직전학기성적순위가80% 미만 |\n| 근로장학금 | 교내행정업무지원 |  | 월평균500,000원 | 국제교류과선발기준에따름 |\n| TOPIK 장학금 | TOPIK 성적표제출자 |  | 시험응시료의일부 | TOPIKⅡ(중급) 응시표제출자(응시료의경우횟수제한없음) - TOPIK PBT 응시료55,000원중35,000원 지원 - TOPIKiBT응시료95,000원중45,000원 지원 - TOPIK말하기평가응시료80,000원 중40,000원 지원 |\n|  |  |  | 500,000원 | TOPIK(PBT, iBT) 3급제출자 |\n|  |  |  | 700,000원 | TOPIK(PBT, iBT) 4급제출자 |\n|  |  |  | 500,000원 | TOPIK(PBT, iBT) 5급제출자 |\n|  |  |  | 500,000원 | TOPIK(PBT, iBT) 6급제출자 |\n| 구분 | 시설 | 가격 | 위치 |\n| 한림생활관 | 가. 기본시설 : 침대, 책상, 옷장, 신발장, 수납장등 나. 그외시설 : 카페테리아, 휴게실, 세탁실등 | 한학기(방학제외) 승학1관(여자기숙사): 939,000원 승학2관(남자기숙사): 1,070,000원 | 승학 |', '[Tables]\n|  |\n| 나. 재학생 장학금 구분 수혜금액 수혜조건 장학명 자격요건 종류 A 수업료100% 직전학기성적순위가10% 미만 외국인유학생 외국인 특별전형으로 B 수업료70% 직전학기성적순위가40% 미만 성적우수 입학한자 장학금 (융합경영학과 C 수업료40% 직전학기성적순위가60% 미만 A,B,C,D 학생제외) D 수업료20% 직전학기성적순위가80% 미만 근로장학금 교내행정업무지원 월평균500,000원 국제교류과선발기준에따름 TOPIKⅡ(중급) 응시표제출자(응시료의경우횟수제한없음) - TOPIK PBT 응시료55,000원중35,000원 지원 시험응시료의일부 - TOPIKiBT응시료95,000원중45,000원 지원 - TOPIK말하기평가응시료80,000원 중40,000원 지원 TOPIK TOPIK 성적표제출자 500,000원 TOPIK(PBT, iBT) 3급제출자 장학금 700,000원 TOPIK(PBT, iBT) 4급제출자 500,000원 TOPIK(PBT, iBT) 5급제출자 500,000원 TOPIK(PBT, iBT) 6급제출자 ※장학금지급기준및지급액은본교장학제도에따라변동될수있음 ※성적우수장학금의경우동점자발생시학과기준에따라장학이결정됨 13. 기타 사항 가. 기숙사 구분 시설 가격 위치 가. 기본시설 한학기(방학제외) : 침대, 책상, 옷장, 신발장, 수납장등 한림생활관 승학1관(여자기숙사): 939,000원 승학 나. 그외시설 승학2관(남자기숙사): 1,070,000원 : 카페테리아, 휴게실, 세탁실등 ※ 상기금액은2026년기숙사비기준이며, 2027년기숙사비책정시변동될수있음 ※ 기숙사홈페이지: http://hanlim.donga.ac.kr ※ 기숙사신청방법: 합격자대상으로추후공지 - 17 - |\n| 구분 |  |  | 수혜금액 | 수혜조건 |\n| 장학명 | 자격요건 | 종류 |  |  |', '나. 재학생 장학금\n구분\n수혜금액 수혜조건\n장학명 자격요건 종류\nA 수업료100% 직전학기성적순위가10% 미만\n외국인유학생\n외국인\n특별전형으로 B 수업료70% 직전학기성적순위가40% 미만\n성적우수\n입학한자\n장학금\n(융합경영학과 C 수업료40% 직전학기성적순위가60% 미만\nA,B,C,D\n학생제외)\nD 수업료20% 직전학기성적순위가80% 미만\n근로장학금 교내행정업무지원 월평균500,000원 국제교류과선발기준에따름\nTOPIKⅡ(중급) 응시표제출자(응시료의경우횟수제한없음)\n- TOPIK PBT 응시료55,000원중35,000원 지원\n시험응시료의일부\n- TOPIKiBT응시료95,000원중45,000원 지원\n- TOPIK말하기평가응시료80,000원 중40,000원 지원\nTOPIK\nTOPIK 성적표제출자 500,000원 TOPIK(PBT, iBT) 3급제출자\n장학금\n700,000원 TOPIK(PBT, iBT) 4급제출자\n500,000원 TOPIK(PBT, iBT) 5급제출자\n500,000원 TOPIK(PBT, iBT) 6급제출자\n※장학금지급기준및지급액은본교장학제도에따라변동될수있음\n※성적우수장학금의경우동점자발생시학과기준에따라장학이결정됨\n13. 기타 사항\n가. 기숙사\n구분 시설 가격 위치\n가. 기본시설\n한학기(방학제외)\n: 침대, 책상, 옷장, 신발장, 수납장등\n한림생활관 승학1관(여자기숙사): 939,000원 승학\n나. 그외시설\n승학2관(남자기숙사): 1,070,000원\n: 카페테리아, 휴게실, 세탁실등\n※ 상기금액은2026년기숙사비기준이며, 2027년기숙사비책정시변동될수있음\n※ 기숙사홈페이지: http://hanlim.donga.ac.kr\n※ 기숙사신청방법: 합격자대상으로추후공지\n- 17 -', '| 13. Additional Information A. Dormitory Classification Facilities Fee Location - Room Facilities: bed, desk, closet, etc. Dorm1(Female): 939,000KRW Hanlim - Common Facilities : cafeteria, laundry Dorm2(Male):1,070,000KRW Seunghak Dormitory room, rooftop etc. (1semester/About 4 months) ※Fees are for 2026 intake and may be able to change for 2027 intake. ※Website: HanlimDormitroy(http://hanlim.donga.ac.kr) ※ Dormitory application after admission result announcement. HanlimDormitory B. Insurance -It is compulsory for all the international students to subscribe to insurance in preparation of unexpected diseases, injuries and death during staying in Korea. -From 2021, all foreign residents(including degree students) who are staying six months or longer in Korea are required to enroll in National Health Insurance. (Approx. 60,000 KRW/per month) C. On-campus Programs for Int’l Student D. Information on Issuance of Certificate of Admission and Visa application:To be announced. E.', '13. Additional Information\nA. Dormitory\nClassification Facilities Fee Location\n- Room Facilities: bed, desk, closet, etc. Dorm1(Female): 939,000KRW\nHanlim\n- Common Facilities : cafeteria, laundry Dorm2(Male):1,070,000KRW Seunghak\nDormitory\nroom, rooftop etc. (1semester/About 4 months)\n※Fees are for 2026 intake and may be able to change for 2027 intake.\n※Website: HanlimDormitroy(http://hanlim.donga.ac.kr)\n※ Dormitory application after admission result announcement.\nHanlimDormitory\nB. Insurance\n-It is compulsory for all the international students to subscribe to insurance in preparation of\nunexpected diseases, injuries and death during staying in Korea.\n-From 2021, all foreign residents(including degree students) who are staying six months or longer in\nKorea are required to enroll in National Health Insurance. (Approx. 60,000 KRW/per month)\nC. On-campus Programs for Int’l Student\nD. Information on Issuance of Certificate of Admission and Visa application:To be announced.', 'in National Health Insurance. (Approx. 60,000 KRW/per month) C. On-campus Programs for Int’l Student D. Information on Issuance of Certificate of Admission and Visa application:To be announced. E. Orientation(Mandatory) -Orientation schedule will be announced individually. -Contents: Course Registration, Introduction of Academic affairs, Busan tour and so on. -All freshmen must participate in the orientation. - 12 - |']","The dormitory fee in Busan for the Hanlim Dormitory is as follows:

- 승학1관 (여자기숙사): 939,000 KRW for one semester (approximately 4 months).
- 승학2관 (남자기숙사): 1,070,000 KRW for one semester (approximately 4 months).

These fees are based on the 2026 intake and may change for the 2027 intake.","부산의 기숙사 비용은 3개월 기준으로 약 756,000원입니다.",1.0,0.8258014251468554,0.8055555555287036,1.0
How long does a scholarship student need to complete the Korean language training program?,"[""period before the academic year of transfer.\n③ The scholarship period specified in Paragraph 1 shall not be extended, and any\nleave of absence shall not be counted as part of the scholarship period.\nArticle 5 (Korean Language Program) ① A GKS recipient must complete a one-year\nKorean language program and attain a level of three (3) or higher on the Test of\nProficiency in Korean (“TOPIK”) before commencing a degree program. However, a\nrecipient who has obtained a TOPIK level of five (5) or higher, or has been\nrecognized by the NIIED president at the time of selection as eligible to complete\nthe degree program in a foreign language, may be exempted from the mandatory\nKorean language program. In such cases, the recipient may proceed directly to the\ndegree program according to the university's academic schedule.\n② If a GKS recipient has not fulfilled the requirement stated in Paragraph 1 but\nhas achieved a score of 70% or higher of the passing score of the TOPIK level"", '2 Korean-Japan Government Scholarship (Graduate degree program)\nArticle 4 (The scholarship period) ①The scholarship period, excluding the Korean\nlanguage program period, shall be within the duration of the academic program as\nspecified by the department by the following:\n1. Associate degree program: 2-3 years\n2. Undergraduate degree program: 4-6 years\n3. Master’s degree program: 2 years\n4. Doctoral degree program: 3 years\n5. Combined Master’s and Doctoral degree program: 4 years\n② In the case of transfer admissions in programs operated for specific purposes\n(hereinafter referred to as ""specialized programs"") recognized by the president of\nthe National Institute for International Education (hereinafter referred to as ""the\nNIIED president""), the scholarship period specified in Paragraph 1 shall exclude the\nperiod before the academic year of transfer.\n③ The scholarship period specified in Paragraph 1 shall not be extended, and any', ""제3조(적용 대상) 이 지침의 적용 대상은 국립국제교육원(이하 “교육원”이라 한다)이\n관리하는 장학사업으로 다음 각 호에 해당하는 사업에 선발된 장학생을 대상으로 한다.\n1. 정부초청외국인장학생 교류지원 사업\n2. 한일 공동 고등교육 유학생 교류사업(석박사 학위과정)\n제4조(장학 기간) ①장학 기간은 한국어 연수 기간 외에 다음 각호에 따라 학과의 수업\n연한 이내로 한다.\n1. 전문학사과정 : 2-3년\n2. 학사과정 : 4-6년\n3. 석사과정 : 2년\n4. 박사과정 : 3년\n5. 석·박사 통합과정 4년\n②특수한 목적에 의해 운영되는 과정(이하 “특화과정”이라 한다) 중 교육원장이 인\n정하는 편입학의 경우에는 제1항의 장학 기간에서 편입학한 학년 이전 기간은 제외한다.\n③제1항과 제2항의 장학 기간은 연장되지 않으며, 장학 기간에 휴학 기간은 포함하지\n않는다.\n제5조(한국어연수과정) ①장학생은 입학 전에 1년의 한국어연수과정을 이수하고, 한국\n어능력시험(이하 'TOPIK’이라 한다) 3급 이상을 취득하여야 한다. 다만, TOPIK 5급\n이상을 취득한 경우 또는 교육원장이 장학생 선발 시 외국어로 학위과정의 이수가\n가능하다고 인정한 경우에는 한국어연수과정 이수 의무가 면제되며, 수학대학의 학\n사일정에 맞추어 진학할 수 있다.\n②제1항을 충족하지 못한 장학생 중 TOPIK 3급 합격점의 70% 이상을 받은 경우,\n수학대학장이 승인하고 국립국제교육원장(이하 “교육원장”이라 한다)이 인정하면\n수학대학의 학사일정에 맞추어 진학할 수 있다.\n③교육원장은 교육부장관이 국제협력선도대학 육성지원사업에 필요하다고 인정하여\n요청하는 경우 TOPIK 등급 요건을 완화하여 진학을 인정할 수 있다.\n④제1항을 충족하지 못한 장학생 중 한국어 연수기관장의 허가를 받고 교육원장의\n승인을 얻은 경우에는 한국어연수과정 이수 기간을 1회에 한해 6개월 연장할 수 있다.\n- 2 -\n\n[Tables]"", 'provision applies only to the GKS recipient who has achieved 70% or higher of the\npassing score for the TOPIK level three (3).\n⑤ A GKS recipient undergoing additional Korean language program as outlined in\nParagraph 4 must bear fifty percent (50%) of the language training tuition as\nspecified in the ""Scholarship Payment Guideline"" for GKS recipients by the National\nInstitute for International Education.\n⑥ A GKS recipient who has been granted an extension of Korean language program\nperiod under Paragraph 4 must obtain at least TOPIK Level 3 and meet the\nadmission requirements of the university within the extended Korean language\nprogram period.\n⑦ A GKS recipient must obtain prior approval from the president of Korean language\ninstitution in case of an unavoidable absence from the Korean language program. The\nrecipient must submit an absence report with supporting documents such as a medical\ncertificate and may provide them afterward only in unavoidable circumstances.', 'NIIED president may acknowledge reasons beyond the control of the GKS recipient\nand support their return to their home country.\n⑦ Return airfare will not be provided if:\n1. A GKS recipient fails to submit a study completion report;\n2. A GKS recipient does not obtain a degree during the scholarship period;\n3. A GKS recipient remains in Korea after the scholarship period ends;\n⑧ If a GKS recipient who starts with the degree program withdraws within three(3)\nmonths after the initial start, a full or partial refund of the scholarship will be\nrequired. For those who start with Korean language program, the refund will be\nrequired in case of withdrawal within three (3) months after admission. However,\nthe NIIED president retains the authority to recognize unavoidable circumstances\nsuch as natural disasters, summons from their home country, or serious personal\nillness and may grant exceptions regarding the scholarship refund.', '| 12. 장학금 가. 신입생 장학금 1) 외국인 우수신입생 장학금 구분 수혜금액 수혜조건 장학명 자격요건 종류 A 수업료100% 한국어능력시험(TOPIKPBT, TOPIK iBT) 5급이상소지자 외국인 B 수업료60% 한국어능력시험(TOPIKPBT, TOPIK iBT) 4급소지자 우수신입생 외국인신(편)입학 장학금 C 수업료50% 한국어능력시험(TOPIKPBT, TOPIK iBT) 3급소지자 특별전형합격자 A,B,C,D,E D 수업료40% 동아한국어능력시험(Dong-A TOPIK) 3급이상소지자 본교입학자격요건을갖춘신(편)입생중, E 수업료30% 외국인우수신입생장학금A,B,C,D에해당되지않는자 외국인신(편)입학 A 수업료100% 한국어능력시험(TOPIKPBT, TOPIK iBT) 5급이상소지자 DAU 특별전형합격자중, 외국인 본교한국어학당을 B 수업료70% 한국어능력시험(TOPIKPBT, TOPIK iBT) 4급소지자 우수신입생 2개학기이상수료 장학금 하고최종2개학기 C 수업료60% 한국어능력시험(TOPIKPBT, TOPIK iBT) 3급소지자 A,B,C,D 출석률이80% 이 본교입학자격요건을갖춘신(편)입생중, D 수업료50% 상인자 DAU 외국인우수신입생장학금A,B,C에해당되지않는자 ※위장학금은입학학기에만적용되며2번째학기부터는재학생장학금기준에따라지급 ※장학금지급기준및지급액은본교장학제도에따라변동될수있음 2) 외국인 유학생 국가장학금 구분 수혜기간 수혜금액 수혜조건 아래학과외국인신입학특별전형합격자중학과추천자 - 인문과학대학: 역사문화학부, 한국어문학과 - 자연과학대학: 반도체학과, 바이오메디컬학과 - 사회과학대학: 미디어커뮤니케이션학과 - 경영대학: 경영학과, 관광경영학과, 국제무역학과, 경영정보학과 동아특화분야 - 생명자원과학대학: 식품생명공학과, 스마트그린자원학과 첫학기 우수장학금Ⅰ - 공학: 환경에너지공학과-미래에너지공학전공, 전기공학과, 전자공학과, 기계공학과, 산업경영공학과, 조선해양공학과, 화학공학과, 신소재공학과 수업료전액 - 디자인환경대학:', '12. 장학금\n가. 신입생 장학금\n1) 외국인 우수신입생 장학금\n구분\n수혜금액 수혜조건\n장학명 자격요건 종류\nA 수업료100% 한국어능력시험(TOPIKPBT, TOPIK iBT) 5급이상소지자\n외국인\nB 수업료60% 한국어능력시험(TOPIKPBT, TOPIK iBT) 4급소지자\n우수신입생\n외국인신(편)입학\n장학금 C 수업료50% 한국어능력시험(TOPIKPBT, TOPIK iBT) 3급소지자\n특별전형합격자\nA,B,C,D,E\nD 수업료40% 동아한국어능력시험(Dong-A TOPIK) 3급이상소지자\n본교입학자격요건을갖춘신(편)입생중,\nE 수업료30%\n외국인우수신입생장학금A,B,C,D에해당되지않는자\n외국인신(편)입학 A 수업료100% 한국어능력시험(TOPIKPBT, TOPIK iBT) 5급이상소지자\nDAU 특별전형합격자중,\n외국인 본교한국어학당을 B 수업료70% 한국어능력시험(TOPIKPBT, TOPIK iBT) 4급소지자\n우수신입생 2개학기이상수료\n장학금 하고최종2개학기 C 수업료60% 한국어능력시험(TOPIKPBT, TOPIK iBT) 3급소지자\nA,B,C,D 출석률이80% 이 본교입학자격요건을갖춘신(편)입생중,\nD 수업료50%\n상인자 DAU 외국인우수신입생장학금A,B,C에해당되지않는자\n※위장학금은입학학기에만적용되며2번째학기부터는재학생장학금기준에따라지급\n※장학금지급기준및지급액은본교장학제도에따라변동될수있음\n2) 외국인 유학생 국가장학금\n구분 수혜기간 수혜금액 수혜조건\n아래학과외국인신입학특별전형합격자중학과추천자\n- 인문과학대학: 역사문화학부, 한국어문학과\n- 자연과학대학: 반도체학과, 바이오메디컬학과\n- 사회과학대학: 미디어커뮤니케이션학과\n- 경영대학: 경영학과, 관광경영학과, 국제무역학과, 경영정보학과\n동아특화분야 - 생명자원과학대학: 식품생명공학과, 스마트그린자원학과\n첫학기\n우수장학금Ⅰ - 공학: 환경에너지공학과-미래에너지공학전공, 전기공학과, 전자공학과,\n기계공학과, 산업경영공학과, 조선해양공학과, 화학공학과, 신소재공학과']",A scholarship student must complete a one-year Korean language training program before commencing their degree program.,장학생은 입학 전에 1년의 한국어 연수 과정을 이수해야 합니다.,1.0,0.5030935265514807,0.6845238095066964,1.0
What conditions must an international student meet to work part-time in Korea?,"['3. A GKS recipient in a degree program may engage in part-time employment only\nwhere the president of the university grants approval upon determining that\nsuch employment does not significantly interfere with academic studies.\nIn making such determination, the president of the university shall\ncomprehensively consider academic achievement, attendance records, and the\nopinion of the academic advisor.\nThe scope and standards of part-time employment shall comply with the\nauthorization criteria for part-time employment of international students\nestablished by the Ministry of Justice and other relevant authorities.\nA. On-campus part-time jobs paid by the university;\nB. Research or academic activities related to the recipient’s field of study;\nC. Field training as part of a practical training semester program;\nD. Internship activities;\nE. Other activities permitted within the scope of employment authorization for\ninternational students as determined by the Ministry of Justice and other', 'such as natural disasters, summons from their home country, or serious personal\nillness and may grant exceptions regarding the scholarship refund.\nArticle 23 (Mutatis Mutandis) The regulations of the institution shall apply to all other\nmatters related to academic affairs not specified in these regulations.\nArticle 24 (Management and Inspection of GKS recipient) ① The NIIED president may\nconduct frequent or periodic inspections of the management status of GKS\nrecipients at the Institution, and the Institution must actively cooperate by\nsubmitting relevant management documents and related materials.\n② The president of the institution must manage part-time employment of GKS\nrecipients to ensure sound academic progress and meaningful study in Korea. A\nGKS recipient must meet the part-time employment requirements set by the\nMinistry of Justice and other relevant authorities and comply with the following\ncriteria:\n1. A GKS recipient must prioritize studying their major program.', 'Ministry of Justice and other relevant authorities and comply with the following\ncriteria:\n1. A GKS recipient must prioritize studying their major program.\n2. A GKS recipient in the Korean language program shall not engage in part-time\nemployment until completing at least six (6) months of the program. Part-time\nemployment shall be permitted only during vacation periods.\nSuch employment shall require prior approval from the president of the Korean\nlanguage institution and prior authorization from the Ministry of Justice.\nNotwithstanding the foregoing, a recipient who has obtained the TOPIK level\nrecognized by the president of the institution as necessary for advancement to a\ndegree program may engage in part-time employment during the semester. In\nsuch case, part-time employment shall not exceed twenty (20) hours per week.', 'confirmation letter of tuition fee, etc.\nStudents who are enrolled with an insurance from their own country should provide proof of insurance after entering\n- A graduation certificate of the most recently attended school\nKorea.\n- Proof of Financial Capability (at least USD 8,000 per year): Parents’ proof of income and certificate of employment\n- Certificate of Bank Balance (at least KRW 8,000,000) * E ffective starting from March of 2015, all international students are required to have insurances according to the\n- TB Test Certificate laws of the Korean government.\n* F rom February 2021, foreigners staying in Korea for more than 6 months are obligated to subscribe to public\nFamily Relations Proof Sample health insurance and pay insurance premiums. Please note that the exact premium and subscription details will be\nprovided after entering our university.\nChina : or notorization, Philippines: Family Census, Indonesia : KARTU KELUARGA,', 'D. Internship activities;\nE. Other activities permitted within the scope of employment authorization for\ninternational students as determined by the Ministry of Justice and other\nrelevant authorities.\n4. Activities under Subparagraph 3(E) shall, in principle, not be permitted for GKS\nrecipients who have received an academic warning under Article 18(2).\nHowever, an exception may be granted if all of the following conditions are met:\nA. The recipient has received only one (1) academic warning;\nB. The recipient’s grades for the immediately preceding semester shall be at\nleast 80/100 for associate and undergraduate programs, or at least 85/100\nfor master’s and doctoral programs;\nC. The president of the university recognizes the recipient’s ability to continue\nacademic studies.\n5. The exception under Subparagraph 4 shall not apply to GKS recipients who have\nreceived two (2) academic warnings.\n③ A GKS recipient in a degree program may engage in full-time employment if the', '| 1 1 | Financial proof (670EURO * 00Months) - Your bank statement issued within 1 month (Original needed). - If you submit parents’ bank statement, please submit your birth or family certification. (Please translate the document if it is not written in English or Korean. And submit a translate verification.) |\n| 1 2 | A visa request letter(reference letter) issued by the Principal of home country university. (Submission of the Incomplete document form is not acceptable) - The principal’s stamp or signature must be included. |\n| 1 3 | Document proving that you are an exchange student. (Submission of the Incomplete document form is not acceptable) 1) Exchange student agreement between the two universities. OR 2) Letter of Acceptance - The exchange program title and name of the home country university and the inviting university in Korea must be included. |', '05 07\nVisa information Insurance\n1 D-4 (Language Course student visa) 1 Subject all students intending to stay in Korea for more than 90 days after entry\nA. Applicants: a student who wants to enroll for a period of 6 months or longer 2 Type National Medical Insurance, Private international Student insurance, or other international medical insurance which are\nB. Where to Apply: Overseas Korean embassy or consulate office applicable in Korea\nC. R equired Documents 3 Cost Around 70,000 KRW (for group private insurance)\n- Visa issuance application, a copy of passport, photo, visa issuance fee\n- School documents (school will send documents after a student transfers the tuition fee): Admission letter by Dong-A University, a\n4 Payment Students applying for the group private insurance can make payments after entering Korea.\nconfirmation letter of tuition fee, etc.\nStudents who are enrolled with an insurance from their own country should provide proof of insurance after entering']","국제 학생이 한국에서 파트타임으로 일하기 위해서는 다음과 같은 조건을 충족해야 합니다:

1. **대학 총장의 승인**: 파트타임 근무는 대학 총장이 학업에 큰 지장을 주지 않는다고 판단할 경우에만 허가됩니다. 이 판단을 위해 총장은 학업 성취도, 출석 기록, 학업 지도 교수의 의견 등을 종합적으로 고려해야 합니다.

2. **법무부 및 관련 기관의 기준 준수**: 파트타임 근무의 범위와 기준은 법무부 및 기타 관련 기관에서 정한 국제 학생의 파트타임 근무 허가 기준을 준수해야 합니다.

3. **전공 우선**: GKS 수혜자는 전공 공부를 우선시해야 합니다.

4. **한국어 프로그램 수료 요건**: 한국어 프로그램에 등록된 GKS 수혜자는 프로그램을 최소 6개월 이상 이수한 후에만 파트타임 근무를 할 수 있으며, 방학 기간에만 근무가 허용됩니다. 이 경우, 한국어 기관의 총장과 법무부의 사전 승인이 필요합니다.

5. **TOPIK 수준**: 전공 프로그램으로 진학하기 위해 총장이 인정하는 TOPIK 수준을 취득한 경우, 학기 중에도 파트타임 근무가 가능하며, 이 경우 주당 20시간을 초과할 수 없습니다.

6. **학업 경고 조건**: 학업 경고를 받은 경우, 특정 조건을 충족해야만 파트타임 근무가 허용됩니다. 예를 들어, 경고를 한 번만 받은 경우, 직전 학기 성적이 일정 기준 이상이어야 하며, 총장이 학업 지속 가능성을 인정해야 합니다.

이러한 조건들을 충족해야 국제 학생이 한국에서 합법적으로 파트타임으로 일할 수 있습니다.","유학생은 법무부 등이 정하는 시간제 취업 허가 요건을 충족해야 하며, 전공과목 수학에 정진하는 것을 최우선으로 해야 합니다. 한국어연수과정 장학생은 한국어연수과정 6개월 경과 후, 한국어연수기관장 확인 및 법무부의 시간제 취업 사전 허가를 받은 경우에 방학 기간에 한하여 시간제 취업이 가능합니다. 또한, 학위과정 장학생은 학업 성취도, 출결, 지도교수 의견 등을 종합적으로 고려하여 수학대학장이 인정하는 경우에 한해 시간제 취업이 가능합니다.",1.0,0.9607262724889162,0.9266666666481335,1.0
"If selected as a government-sponsored foreign student, at which institution will I be studying?","[""붙임 2 정부초청 외국인 장학생 학사 운영 지침(국문, 영문)\n정부초청 외국인 장학생 학사 운영 지침\n개정 2026. 3. 1.\n제1조(목적) 이 지침은 정부초청 외국인 장학생(이하 '장학생'이라 한다)의 건전한 면학과\n유학 생활의 내실화를 위해 필요한 사항을 정함을 목적으로 한다.\n제2조(정의) 이 지침에서 사용하는 용어의 뜻은 다음과 같다.\n1. “정부초청 외국인 장학생”(이하 “장학생”이라 한다)이란 국립국제교육원(이하\n“교육원”이라 한다)이 수행하는 정부초청 외국인 장학사업(Global Korea\nScholarship, GKS) 및 이에 준하는 장학사업에 선발된 외국인 유학생을 말한다.\n2. “수학기관”이란 장학생이 소속되어 학업 또는 연수를 수행하는 대학 또는 한국\n어연수기관을 말한다.\n3. “수학대학”이란 장학생이 소속되어 학업을 수행하는 대학을 말한다.\n4. “수학기관장”이란 수학기관의 장을 말한다.\n5. “수학대학장”이란 수학대학의 장을 말한다.\n6. “학위과정”이란 대학의 학칙에 따라 학위를 수여하는 교육과정을 말한다.\n7. “한국어연수과정”이란 대학 또는 한국어연수기관에서 운영하는 한국어 교육과\n정을 말한다.\n8. “공동학위”란 국내․외 대학이 공동으로 운영하는 교육과정을 이수하고 각 대학\n의 학위취득에 필요한 요건을 충족한 자에게 양 대학 공동명의로 학위를 수여하는\n것을 말한다.\n9. “복수학위”란 국내․외 대학에서 각각 또는 공동으로 운영하는 교육과정을 이수\n하고 각 대학의 학위취득에 필요한 요건을 충족한 자에게 양 대학이 각자의 명의로\n학위를 수여하는 것을 말한다.\n- 1 -\n\n[Tables]"", 'Regulations for Global Korea Scholarship Recipients\nAmended on March 1, 2026\nArticle 1 (Purpose) The purpose of these regulations is to establish the necessary\nprovisions to ensure a sound academic environment and promote faithful diligent\nstudy among award recipients of the Global Korea Scholarship(“GKS”) Program\n(hereinafter referred to as “GKS recipient”).\nArticle 2 (Definitions of Terms) The definitions of terms used in these regulations are as follows:\n1. GKS recipient: An international student selected for the Global Korea Scholarship\n(GKS) Program or other equivalent scholarship programs conducted by the\nNational Institute for International Education (“NIIED”).\n2. Institution: The university or Korean language institution where the GKS\nrecipient is enrolled for the purpose of pursuing academic studies or training.\n3. University: The university where the GKS recipient is enrolled in a degree\nprogram or relevant.\n4. President of the Institution: The president of the Institution.', '4. 제24조제2항의 시간제 취업 허용 범위를 위반한 경우\n5. 이외에 정부초청 외국인 장학생 징계위원회(이하 ‘징계위원회’라 한다)에서 경고\n조치가 필요하다고 인정하는 경우\n제19조(장학생 자격상실) 다음 각 호의 어느 하나에 해당하는 경우, 교육원장은 해당 장학\n생을 자격상실 처분한다.\n1. 수학기관으로부터 제적 처분을 받은 경우\n2. 제5조 한국어연수과정 이수 후 수학대학에 진학하지 못한 경우\n- 6 -', '3. 지원 자격\n가. 국적 기준: 부모가 모두 외국인인 외국인\n※복수국적자및무국적자는외국인으로인정하지않음\n나. 학력 기준\n구분 자격요건 비고\n신입학 고교졸업자또는법령에의하여이와동등이상의학력이있다고인정되는자\n1)국내4년제대학의1학년또는2학기(계절학기는제외)이상수료자\n2)국내(외)2(3)년제전문대학졸업(예정)자\n편입학\n3) 외국의 4년제 정규대학의 정규교육과정을 1학년(2개 학기) 이상 수료한 자 또는\n2학년\n졸업학점의 1/4 이상[영국학제의 3년제 대학의 경우 1년(2학기) 이상 수학하고\n1)~3)중\n졸업학점의1/3이상]취득(예정인)한자\n하나이상에\n1)국내4년제대학의2학년또는4학기(계절학기는제외)이상수료자\n해당되는자\n2)국내(외)2(3)년제전문대학졸업(예정)자\n편입학\n3) 외국의 4년제 정규대학의 정규교육과정을 2학년(4개 학기) 이상 수료한 자 또는\n3학년\n졸업학점의 1/2 이상[영국학제의 3년제 대학의 경우 2년(4학기) 이상 수학하고\n졸업학점의2/3이상]취득(예정인)한자\n※ 해당국법령에의거하여소정의학력이인정되는정규학교과정만을인정함\n다. 어학능력 기준\n구분 어학능력기준 비고\n※ 토픽2급에상응하는성적소지자의경우,\n신입학 토픽2급이상또는이에상응하는성적취득자 입학후1년간소정의한국어교육이수필수\n(단, 예체능계열입학자제외)\n편입학 토픽3급이상또는이에상응하는성적취득자\n※ 어학성적은원서접수마감일기준2년이내취득한성적만인정\n※ 어학능력은아래[어학능력기준표]에명시된시험또는과정만인정\n[어학능력기준표] ※기준성적(TOPIK)및이에상응하는어학성적목록\n동아토픽 사회통합프로그램\n토픽 동아 세종학당한국어과정 세종한국어평가\n구분 (Dong-A\n(TOPIK) 한국어학당 사전평가 교육과정 (오프라인과정) (SKA)\nTOPIK)\n41점이상 2단계\n2급 2급 중급1 수료 초급2 이수 216점이상취득\n취득 이수\n기준\n중급2 이상 61점이상 3단계\n3급 3급 중급1 이수 296점이상취득\n수료 취득 이수\n- 2 -', '[Tables]\n|  |\n| 3. 지원 자격 가. 국적 기준: 부모가 모두 외국인인 외국인 ※복수국적자및무국적자는외국인으로인정하지않음 나. 학력 기준 구분 자격요건 비고 신입학 고교졸업자또는법령에의하여이와동등이상의학력이있다고인정되는자 1)국내4년제대학의1학년또는2학기(계절학기는제외)이상수료자 2)국내(외)2(3)년제전문대학졸업(예정)자 편입학 3) 외국의 4년제 정규대학의 정규교육과정을 1학년(2개 학기) 이상 수료한 자 또는 2학년 졸업학점의 1/4 이상[영국학제의 3년제 대학의 경우 1년(2학기) 이상 수학하고 1)~3)중 졸업학점의1/3이상]취득(예정인)한자 하나이상에 1)국내4년제대학의2학년또는4학기(계절학기는제외)이상수료자 해당되는자 2)국내(외)2(3)년제전문대학졸업(예정)자 편입학 3) 외국의 4년제 정규대학의 정규교육과정을 2학년(4개 학기) 이상 수료한 자 또는 3학년 졸업학점의 1/2 이상[영국학제의 3년제 대학의 경우 2년(4학기) 이상 수학하고 졸업학점의2/3이상]취득(예정인)한자 ※ 해당국법령에의거하여소정의학력이인정되는정규학교과정만을인정함 다. 어학능력 기준 구분 어학능력기준 비고 ※ 토픽2급에상응하는성적소지자의경우, 신입학 토픽2급이상또는이에상응하는성적취득자 입학후1년간소정의한국어교육이수필수 (단, 예체능계열입학자제외) 편입학 토픽3급이상또는이에상응하는성적취득자 ※ 어학성적은원서접수마감일기준2년이내취득한성적만인정 ※ 어학능력은아래[어학능력기준표]에명시된시험또는과정만인정 [어학능력기준표] ※기준성적(TOPIK)및이에상응하는어학성적목록 동아토픽 사회통합프로그램 토픽 동아 세종학당한국어과정 세종한국어평가 구분 (Dong-A (TOPIK) 한국어학당 사전평가 교육과정 (오프라인과정) (SKA) TOPIK) 41점이상 2단계 2급 2급 중급1 수료 초급2 이수 216점이상취득 취득 이수 기준 중급2 이상 61점이상 3단계 3급 3급 중급1 이수 296점이상취득 수료 취득 이수 - 2 - |\n| 구분 | 자격요건 | 비고 |', '3. 수학기관이 정한 등록 기간 내에 등록하지 않는 경우\n4. 수학기관이 정한 학기 시작일 이후 정당한 사유 없이 입국하지 않는 경우\n5. 휴학 기간 종료 후 정당한 사유 없이 복학원서를 제출하지 않은 경우\n6. 제12조제3항에 명시된 휴학 기간을 초과한 경우\n7. 외국대학과의 학점 교류 등의 목적으로 출신국 또는 제3국으로 출국한 경우\n다만, 다음 각 목의 어느 하나에 해당하는 경우는 제외한다.\n가. 외국대학과의 공동학위 등을 운영하는 경우\n나. 수학대학의 교육과정에 근거하여 방학 기간 중 운영되는 외국대학 학점 교류의 경우\n8. 제15조 각호의 기준에 따른 일시출국 최대허용기간을 초과한 경우. 다만, 교육원장이\n그 행위에 부득이한 사유가 있다고 인정하는 경우는 예외로 한다.\n9. 제18조에 따른 경고를 3회 이상 받은 경우\n10. 성범죄로 벌금 이상의 형 또는 기소유예 처분을 받거나, 그 외 범죄로 300만원을\n초과하는 벌금형 또는 금고 이상의 형이 확정된 경우\n11. 사망, 정신적․신체적 무능력, 연락두절, 체류기간 종료, 출국 명령 등으로 더 이상\n학업을 수행할 수 없다고 교육원장이 인정하는 경우\n12. 장학을 중도 포기한 경우\n13. 이 외에 징계위원회에서 자격상실 처분의 의결을 받은 경우\n제20조(징계) ①징계는 ‘정부초청외국인 장학생 상벌 규정’에 따라 징계위원회 의결을\n거쳐 장학금 일시정지, 자격상실 처분을 말한다.\n②교육원장은 다음 각호의 어느 하나에 해당하는 경우 징계할 수 있다.\n1. 정치활동을 하거나, 대한민국의 명예와 국익을 실추시킨 경우\n2. 절도, 폭력, 성폭행(성희롱, 성추행 포함), 폭언 등 타인에게 해를 가한 경우\n3. 법령을 위반한 경우\n4. 각종 서류가 허위로 작성되었거나 사실과 다른 것으로 드러난 경우\n5. 교육원에 서약한 사항을 위반한 경우\n6. 이 외에 장학생의 본분에 어긋난 행위를 한 경우\n③교육원장은 다음 각호에 해당하는 경우 징계위원회의 의결을 거쳐 경고 등을 조치\n- 7 -\n\n[Tables]', 'recipients.\n④ Monthly allowance will not be provided during periods of leave of absence as\noutlined in Article 12. However, the NIIED president may recognize special\ncircumstances where the monthly allowance should be provided to GKS recipients\nwho must involuntarily remain in Korea.\n⑤ In the case of participating in a joint degree program with a foreign university,\nscholarships will not be provided for the period of study at the overseas university.\nHowever, tuition fees of the domestic university will be provided during the period\nof study at the overseas university.\n⑥ In the event of disqualification of the GKS Scholarship under Article 19, the']","If selected as a government-sponsored foreign student under the Global Korea Scholarship (GKS) program, you will be studying at a ""수학기관"" (institution), which refers to the university or Korean language institution where you are enrolled for the purpose of pursuing academic studies or training. Specifically, if you are enrolled in a degree program, you will be studying at a ""수학대학"" (university), which is the university where you are pursuing your degree.","장학생은 국립국제교육원이 수행하는 정부초청 외국인 장학사업에 선발된 외국인 유학생으로, 소속된 대학 또는 한국어연수기관에서 학업 또는 연수를 수행하게 됩니다.",1.0,0.6244062988394489,0.9999999999833333,1.0
What are the circumstances under which an international student can face disciplinary action?,"['4. 제24조제2항의 시간제 취업 허용 범위를 위반한 경우\n5. 이외에 정부초청 외국인 장학생 징계위원회(이하 ‘징계위원회’라 한다)에서 경고\n조치가 필요하다고 인정하는 경우\n제19조(장학생 자격상실) 다음 각 호의 어느 하나에 해당하는 경우, 교육원장은 해당 장학\n생을 자격상실 처분한다.\n1. 수학기관으로부터 제적 처분을 받은 경우\n2. 제5조 한국어연수과정 이수 후 수학대학에 진학하지 못한 경우\n- 6 -', '3. 수학기관이 정한 등록 기간 내에 등록하지 않는 경우\n4. 수학기관이 정한 학기 시작일 이후 정당한 사유 없이 입국하지 않는 경우\n5. 휴학 기간 종료 후 정당한 사유 없이 복학원서를 제출하지 않은 경우\n6. 제12조제3항에 명시된 휴학 기간을 초과한 경우\n7. 외국대학과의 학점 교류 등의 목적으로 출신국 또는 제3국으로 출국한 경우\n다만, 다음 각 목의 어느 하나에 해당하는 경우는 제외한다.\n가. 외국대학과의 공동학위 등을 운영하는 경우\n나. 수학대학의 교육과정에 근거하여 방학 기간 중 운영되는 외국대학 학점 교류의 경우\n8. 제15조 각호의 기준에 따른 일시출국 최대허용기간을 초과한 경우. 다만, 교육원장이\n그 행위에 부득이한 사유가 있다고 인정하는 경우는 예외로 한다.\n9. 제18조에 따른 경고를 3회 이상 받은 경우\n10. 성범죄로 벌금 이상의 형 또는 기소유예 처분을 받거나, 그 외 범죄로 300만원을\n초과하는 벌금형 또는 금고 이상의 형이 확정된 경우\n11. 사망, 정신적․신체적 무능력, 연락두절, 체류기간 종료, 출국 명령 등으로 더 이상\n학업을 수행할 수 없다고 교육원장이 인정하는 경우\n12. 장학을 중도 포기한 경우\n13. 이 외에 징계위원회에서 자격상실 처분의 의결을 받은 경우\n제20조(징계) ①징계는 ‘정부초청외국인 장학생 상벌 규정’에 따라 징계위원회 의결을\n거쳐 장학금 일시정지, 자격상실 처분을 말한다.\n②교육원장은 다음 각호의 어느 하나에 해당하는 경우 징계할 수 있다.\n1. 정치활동을 하거나, 대한민국의 명예와 국익을 실추시킨 경우\n2. 절도, 폭력, 성폭행(성희롱, 성추행 포함), 폭언 등 타인에게 해를 가한 경우\n3. 법령을 위반한 경우\n4. 각종 서류가 허위로 작성되었거나 사실과 다른 것으로 드러난 경우\n5. 교육원에 서약한 사항을 위반한 경우\n6. 이 외에 장학생의 본분에 어긋난 행위를 한 경우\n③교육원장은 다음 각호에 해당하는 경우 징계위원회의 의결을 거쳐 경고 등을 조치\n- 7 -\n\n[Tables]', '할 수 있다.\n1. 징계 처분을 하기에 사유가 경미하다고 판단하는 경우\n2. 불가피한 사유 등의 정상 참작의 여지가 있는 경우\n제21조(형사사건 기소 사실 신고 등) ①장학생은 형사사건으로 기소된 경우 이를 즉시\n수학기관에 신고하여야 하며, 교육원장은 신고하지 않은 장학생을 제20조에 따라 징\n계할 수 있다.\n②수학기관장은 장학생의 형사사건 기소 사실을 알게 된 경우 즉시 교육원장에게\n보고하여야 한다.\n③교육원장은 장학생이 형사사건으로 기소된 경우 장학금 지급을 유보할 수 있다.\n④교육원장은 장학생이 유죄 판결을 선고받은 경우 장학생에게 제19조제10호에 따라\n자격상실 처분하거나, 제20조에 따라 징계위원회에 의결을 요구할 수 있다.\n⑤교육원장은 장학생이 유죄 판결을 선고받은 경우 장학금 지급을 중단하고 장학금을 환수\n할 수 있다. 이 경우 장학금 환수 대상 기간, 항목, 금액 등은 징계위원회에서 결정한다.\n제22조(장학금 지급 및 수령) ①장학금 지급 및 수령에 관한 사항은 장학금 지침에 따\n른다.\n②교육원장은 학업성적이 우수한 장학생에게 별도로 장학금을 지급할 수 있다.\n③장학생의 월 중 국내체류기간이 15일 이상인 경우 1개월로 하여 학업장려금 전액을\n지급하고, 15일 미만인 경우 국내체류 일수만큼 일할계산하여 지급한다. 다만, 학위과\n정 장학생은 장학금 지침 제22조제6항의 경우를 제외하고 학기당 일시출국 일수 30\n일을 국내에 체류한 날로 간주한다.\n④제12조의 휴학 기간에는 학업장려금을 지급하지 않는다. 다만, 수학기관장이 장학\n생의 부득이한 국내 체류로 학업장려금 지급이 불가피함을 신청하여 교육원장이\n인정하면 지급할 수 있다.\n⑤외국대학과의 공동학위 등을 운영하는 경우, 외국대학에서 수학하는 기간의 장학\n금은 지급하지 아니한다. 다만 국내 대학에 납부하는 등록금은 지급한다.\n⑥제19조에 따라 장학생 자격이 상실되면 해당 장학생에게 장학금을 지급하지 않는다.\n다만, 본인의 의사에 의하지 않은 중도 포기 등의 사유로 교육원장이 인정하는 경우\n- 8 -', '증빙서류 1부를 갖추어 수학기관장에게 재입국 신고를 하여야 한다.\n②수학기관장은 매학기 방학 전 일시출국신청서를 수합하여 승인 처리하고, 방학\n종료 후 출입국증빙서류를 확인하여 무단출국 및 출국허용기간 미준수 등 학사지침\n위반자에 대해 교육원장에게 보고하여야 한다.\n제17조(귀국 신고) ①장학 기간이 종료되거나 부득이한 사유로 중도 포기하고 귀국하려는\n장학생은 소속 수학기관에 귀국 신고를 하여야 하며, 수학기관장은 해당 사실을 장학\n기간 종료 또는 귀국 30일 전까지 교육원장에게 보고하여야 한다.\n②학위과정 장학생이 장학 기간 이내에 학위를 취득하지 못하여 학위취득을 목적으로\n한국 내에 체류할 경우, 전문학사․학사․석사 학위과정은 12개월까지, 박사 학위과정은\n24개월까지 귀국 신고를 연기할 수 있으며, 수학대학장은 장학 기간 종료 30일 전까지\n장학생의 귀국 연기 상황을 교육원장에게 보고하여야 한다.\n제18조(경고) 다음 각 호의 어느 하나에 해당하는 경우, 교육원장은 해당 장학생을 경고\n조치한다.\n1. 한국어연수 기간 중 무단결석일이 연속하여 3일 이상이거나 월 누계 5일 이상인 경우\n이 경우 출결의 세부기준(지각, 조퇴, 결석의 환산 기준 등)은 한국어연수기관 내부 규\n정에 따라 적용할 수 있다.\n2. 학기 단위 평점평균(백분위 환산점수)이 기준 점수 미만인 경우(전문학사․학사과정\n70점/100점, 석․박사 과정 80점/100점)\n3. 무단으로 일시출국하거나, 허가 기간 내 입국하지 않는 경우. 다만, 위반 사유가\n부득이하다고 교육원장이 인정하는 경우에는 예외로 할 수 있다.\n4. 제24조제2항의 시간제 취업 허용 범위를 위반한 경우\n5. 이외에 정부초청 외국인 장학생 징계위원회(이하 ‘징계위원회’라 한다)에서 경고\n조치가 필요하다고 인정하는 경우\n제19조(장학생 자격상실) 다음 각 호의 어느 하나에 해당하는 경우, 교육원장은 해당 장학\n생을 자격상실 처분한다.\n1. 수학기관으로부터 제적 처분을 받은 경우', 'may be granted\n9. Accumulation of three (3) or more warnings related to Article 18;\n10. Sexual offense resulting in a fine or suspension of the indictment, or any other\ncrime resulting in a fine exceeding 3 million won or imprisonment without labor;\n11. Death, physical or mental incapacitation, loss of contact, completion of stay,\nissuance of departure orders, or any other circumstances that renders a GKS\nrecipient unable to continue their studies.\n12. Withdrawal from the GKS Program;\n13. Disciplinary action ordered by the Disciplinary Committee leading to\ndisqualification;\nArticle 20 (Discipline) ① Disciplinary action refers to the suspension or\ndisqualification of scholarship as determined by the Disciplinary Committee in\naccordance with the GKS Recipient Reward and Punishment Regulations.\n② The NIIED president may impose disciplinary action on a GKS recipient in any of\nthe following cases;\n1. Engagement in political activities or conduct that may bring the national', 'H. In the following cases, we can cancel your acceptance or admission even after enrollment. If this\ncasesisapplicable,youracademicrecordswillberemovedandthepaidtuitionwillnotberefunded.\nAlso, if our university or another university cancels your admission or registration due to those\nreasons,youwillnotbeabletoapplytoouruniversityforthreeyearsfromthedateofcancellation.\nTheapplicantmayhavecivilandcriminalliabilityinthosecases.\n-Ifyouinterruptedfairstudentselectionbyapplyingfortheadmissionfraudulentlysuchasaproxy\nintervieworsupportingotherstodoso.\n- Before, during and after the admission procedures, if there is any problem with the documents’\nauthenticity,eligibility,examcheating,etc.\nI.MattersnotspecifiedherewillbedecidedunderthepolicyofDong-Auniversity.\nJ.IfapplicantscannotgetaD-2visaforstudy,Dong-Auniversitycancanceltheadmission.\nK.Freshmencannottakealeaveofabsencebeforeorduringthefirstsemester.\n※Dong-AUniversityhasarightandresponsibilityontheinternationalstudentadmissionandisnot', 'such as natural disasters, summons from their home country, or serious personal\nillness and may grant exceptions regarding the scholarship refund.\nArticle 23 (Mutatis Mutandis) The regulations of the institution shall apply to all other\nmatters related to academic affairs not specified in these regulations.\nArticle 24 (Management and Inspection of GKS recipient) ① The NIIED president may\nconduct frequent or periodic inspections of the management status of GKS\nrecipients at the Institution, and the Institution must actively cooperate by\nsubmitting relevant management documents and related materials.\n② The president of the institution must manage part-time employment of GKS\nrecipients to ensure sound academic progress and meaningful study in Korea. A\nGKS recipient must meet the part-time employment requirements set by the\nMinistry of Justice and other relevant authorities and comply with the following\ncriteria:\n1. A GKS recipient must prioritize studying their major program.']","An international student can face disciplinary action under the following circumstances:

1. **Engagement in Political Activities**: If the student engages in political activities or conducts that may bring dishonor to the reputation and national interests of South Korea.

2. **Harm to Others**: If the student commits theft, violence, sexual assault (including sexual harassment), or any other actions that cause harm to others.

3. **Violation of Laws**: If the student violates any laws or regulations.

4. **False Documentation**: If it is discovered that any documents submitted by the student were falsified or contained inaccuracies.

5. **Breach of Agreement**: If the student violates any commitments made to the educational institution.

6. **Conduct Unbecoming of a Scholar**: If the student engages in any behavior that is deemed inappropriate for a scholarship recipient.

Additionally, the student may receive a warning for less severe infractions, such as:

1. **Excessive Absences**: Accumulating three or more consecutive unexcused absences during the Korean language training period or exceeding five unexcused absences in a month.

2. **Academic Performance**: Failing to meet the minimum academic performance standards set by the institution.

3. **Unauthorized Travel**: Leaving the country without permission or failing to return within the allowed timeframe.

4. **Violation of Part-Time Employment Regulations**: Breaching the part-time employment limits set by the relevant authorities.

5. **Other Reasons**: Any other reasons deemed necessary for a warning by the Disciplinary Committee.

These actions can lead to various disciplinary measures, including suspension or disqualification from the scholarship program.","유학생이 징계를 받을 수 있는 경우는 정치활동을 하거나 대한민국의 명예와 국익을 실추시킨 경우, 절도, 폭력, 성폭행(성희롱, 성추행 포함), 폭언 등 타인에게 해를 가한 경우, 법령을 위반한 경우, 각종 서류가 허위로 작성되었거나 사실과 다른 것으로 드러난 경우, 교육원에 서약한 사항을 위반한 경우, 그리고 장학생의 본분에 어긋난 행위를 한 경우입니다.",1.0,0.8216763397846076,0.99999999998,1.0
What are the required documents that international students need to submit?,"['❑ 비자 종류별 정보 / Visa type Information\nD-2-8 Visiting Student 91일이상, 단수입국(독일인만복수)\nOver 91 days, Single entry\nD-2-8 방문학생\n(Only German national Multiple entry)\n➢ 비자+ 서비스수수료/ Visa + Service fee\nVisa Fee (Mandatory) Please check your visa fee HERE in EURO\nService Fee (Mandatory) 60.00 EURO\nCourier Return service (Optional) 15.00 EURO\nStudent from the countries below, please go to page no.12\nBangladesh, Cameroon, China, Ethiopia, Egypt, Ghana, Guinea, Iran, India, Indonesia, Kazakhstan,\nKyrgyzstan, Nigeria, Nepal, Mali, Myanmar, Mongolia, Pakistan, Peru, Philippines, Sri Lanka, Thailand,\nUkraine, Uzbekistan, Uganda, and Vietnam.\n➢ 필수제출서류/ Mandatory document to be submitted\n1 VisaApplicationForm(Formno.17)/ 사증발급신청서(제17호서식)e-signature not permitted/전자서명불가\nPassport with at least 6 months remainder validity\n2\n여권유효기간이최소6개월이상남아있는여권\nOne3.5X4.5cmpicturetakeninthepast6months. Please glue the photo on the Application Form.\n3\n최근6개월이내촬영한3.5X4.5cm사진. 사증발급신청서사진란에풀로부착.\nCertificate of Admission/표준입학허가서', 'confirmation letter of tuition fee, etc.\nStudents who are enrolled with an insurance from their own country should provide proof of insurance after entering\n- A graduation certificate of the most recently attended school\nKorea.\n- Proof of Financial Capability (at least USD 8,000 per year): Parents’ proof of income and certificate of employment\n- Certificate of Bank Balance (at least KRW 8,000,000) * E ffective starting from March of 2015, all international students are required to have insurances according to the\n- TB Test Certificate laws of the Korean government.\n* F rom February 2021, foreigners staying in Korea for more than 6 months are obligated to subscribe to public\nFamily Relations Proof Sample health insurance and pay insurance premiums. Please note that the exact premium and subscription details will be\nprovided after entering our university.\nChina : or notorization, Philippines: Family Census, Indonesia : KARTU KELUARGA,', '❑ 비자 종류별 정보 / Visa type Information\nD-4-1 Korean Language Trainee\n91일이상, 단수입국\nD-4-1 한국어연수 비자 Over 91 days, Single entry\n➢ 비자+ 서비스수수료/ Visa + Service fee\nVisa Fee (Mandatory) Please check your visa fee HERE in EURO\nService Fee (Mandatory) 60.00 EURO\nCourier Return service (Optional) 15.00 EURO\nStudent from the countries below, please go to page no.14\nBangladesh, Cameroon, China, Ethiopia, Egypt, Ghana, Guinea, Iran, India, Indonesia, Kazakhstan,\nKyrgyzstan, Nigeria, Nepal, Mali, Myanmar, Mongolia, Pakistan, Peru, Philippines, Sri Lanka, Thailand,\nUkraine, Uzbekistan, Uganda, and Vietnam.\n➢ 필수제출서류/ Mandatory document to be submitted\n1 VisaApplicationForm(Formno.17)/ 사증발급신청서(제17호서식)e-signature not permitted/전자서명불가\nPassport with at least 6 months remainder validity\n2\n여권유효기간이최소6개월이상남아있는여권\nOne3.5X4.5cmpicturetakeninthepast6months. Please glue the photo on the Application Form.\n3\n최근6개월이내촬영한3.5X4.5cm사진. 사증발급신청서사진란에풀로부착.\nCertificate of Admission/표준입학허가서', '1\nnot acceptable)\n2\n- The principal’s stamp or signature must be included.\nDocument proving that you are an exchange student. (Submission of the Incomplete document form is not acceptable)\n1) Exchange student agreement between the two universities.\n1\nOR\n3\n2) Letter of Acceptance\n- The exchange program title and name of the home country university and the inviting university in Korea must be included.', '| 1 1 | Financial proof (670EURO * 00Months) - Your bank statement issued within 1 month (Original needed). - If you submit parents’ bank statement, please submit your birth or family certification. (Please translate the document if it is not written in English or Korean. And submit a translate verification.) |\n| 1 2 | A visa request letter(reference letter) issued by the Principal of home country university. (Submission of the Incomplete document form is not acceptable) - The principal’s stamp or signature must be included. |\n| 1 3 | Document proving that you are an exchange student. (Submission of the Incomplete document form is not acceptable) 1) Exchange student agreement between the two universities. OR 2) Letter of Acceptance - The exchange program title and name of the home country university and the inviting university in Korea must be included. |', 'required\nDocuments proving your last and current academic background certification\n- Original and Apostille document should be submitted\n1 *If your country of origin is not among the Apostille Convention countries, please visit the Embassy of your country of origin\n0 located in the country where you are studying/have studied\n*If you have graduated from a Dutch university, you have the option to have your documents apostilled through the official\nDutch Apostille organization.\nFinancial proof (670EURO * 00Months)\n1 - Your bank statement issued within 1 month (Original needed).\n1 - If you submit parents’ bank statement, please submit your birth or family certification. (Please translate the document if\nit is not written in English or Korean. And submit a translate verification.)', '[Tables]\n|  |\n| 6. 제출 서류 가. 필수 제출 서류 구분 순번 제출서류 비고 신입 편입 - 온라인접수후출력 1 입학지원서 ● ● (applydonga.accomsystem.co.kr) ● ● 2 자기소개서 (양식1) 3 학력조회동의서 ● ● (양식2) - ‘유의사항마.’ 참조 4 고등학교졸업(예정)증명서 ● ● - 아포스티유혹은한국영사확인 - 유의사항바.’ 참조 5 고등학교성적증명서 ● ● - 고등학교전학년성적기재 - 아포스티유혹은한국영사확인 - ‘유의사항마.’ 참조 전적대학졸업(예정)증명서 또는 - 아포스티유혹은한국영사확인 6 ● 재학증명서 - 편입지원자중학사과정재학생은재학증명서, 전문학사졸업(예정)생은졸업(예정)증명서제출 - 유의사항바.’ 참조 7 전적대학성적증명서 ● - 대학교전과정성적기재 - 아포스티유혹은한국영사확인 8 부모·학생관계증명서 ● ● - 유의사항사.’ 참조 - 국적확인가능한신분증제출 9 본인및부모의신분증사본 ● ● (여권혹은본국신분증) 10 재정능력입증서류(은행잔고증명서) ● ● - ‘유의사항아.’ 참조 재정보증확인서 ● ● (양식3) 재정능력입증서류의 11 재정보증인수입증명서 ● ● 주체가본인이아닐시 재직증명서 ● ● - 유효기간내성적만접수가능 12 어학능력입증서류 ● ● (접수마감일기준2년이내취득) 13 여권사본 ● ● ※ 양식별첨 ※ 원서접수기간내필수제출서류를전체스캔하여원서접수사이트에업로드 ※ 업로드시, 항목당파일한개로통합하여제출(PDF, JPG, PNG파일형식) ※제출서류중[한국어또는영어]외의다른언어로된서류는한국어또는영어로번역공증을받아제출 - 9 - |\n| 순번 | 제출서류 |  | 구분 |  | 비고 |\n|  |  |  | 신입 | 편입 |  |\n| 1 | 입학지원서 |  | ● | ● | - 온라인접수후출력 (applydonga.accomsystem.co.kr) |\n| 2 | 자기소개서 |  | ● | ● | (양식1) |\n| 3 | 학력조회동의서 |  | ● | ● | (양식2) |']","International students need to submit the following mandatory documents:

1. **Visa Application Form (Form no. 17)** - Electronic signature is not permitted.
2. **Passport** - Must have at least 6 months of remaining validity.
3. **One 3.5x4.5 cm photo** - Taken within the past 6 months; must be glued to the application form.
4. **Certificate of Admission** - Standard admission letter.
5. **Proof of Financial Capability** - At least USD 8,000 per year, which includes:
   - Parents’ proof of income and certificate of employment.
   - Certificate of Bank Balance (at least KRW 8,000,000).
6. **Graduation Certificate** - From the most recently attended school.
7. **TB Test Certificate** - Required for all international students.
8. **Family Relations Proof** - Specific documents may vary by country (e.g., notarization for China, Family Census for the Philippines, KARTU KELUARGA for Indonesia).

Additional documents may be required depending on the specific visa type (e.g., D-2-8 or D-4-1) and the student's circumstances, such as proof of insurance and documents proving academic background.","유학생이 제출해야 하는 필수 서류는 다음과 같습니다: 1) 온라인 지원서, 2) 교육조회 동의서, 3) 고등학교 졸업증명서(아포스티유 또는 한국 영사관 인증 필요), 4) 고등학교 공식 성적증명서(아포스티유 또는 한국 영사관 인증 필요), 5) 부모와의 관계 증명서, 6) 부모와 지원자의 신분증 사본, 7) 은행 잔고 증명서.",1.0,0.9395245935228723,0.49285714284482146,1.0
What types of scholarships are available for international students?,"['[Tables]\n|  |\n| 나. 재학생 장학금 구분 수혜금액 수혜조건 장학명 자격요건 종류 A 수업료100% 직전학기성적순위가10% 미만 외국인유학생 외국인 특별전형으로 B 수업료70% 직전학기성적순위가40% 미만 성적우수 입학한자 장학금 (융합경영학과 C 수업료40% 직전학기성적순위가60% 미만 A,B,C,D 학생제외) D 수업료20% 직전학기성적순위가80% 미만 근로장학금 교내행정업무지원 월평균500,000원 국제교류과선발기준에따름 TOPIKⅡ(중급) 응시표제출자(응시료의경우횟수제한없음) - TOPIK PBT 응시료55,000원중35,000원 지원 시험응시료의일부 - TOPIKiBT응시료95,000원중45,000원 지원 - TOPIK말하기평가응시료80,000원 중40,000원 지원 TOPIK TOPIK 성적표제출자 500,000원 TOPIK(PBT, iBT) 3급제출자 장학금 700,000원 TOPIK(PBT, iBT) 4급제출자 500,000원 TOPIK(PBT, iBT) 5급제출자 500,000원 TOPIK(PBT, iBT) 6급제출자 ※장학금지급기준및지급액은본교장학제도에따라변동될수있음 ※성적우수장학금의경우동점자발생시학과기준에따라장학이결정됨 13. 기타 사항 가. 기숙사 구분 시설 가격 위치 가. 기본시설 한학기(방학제외) : 침대, 책상, 옷장, 신발장, 수납장등 한림생활관 승학1관(여자기숙사): 939,000원 승학 나. 그외시설 승학2관(남자기숙사): 1,070,000원 : 카페테리아, 휴게실, 세탁실등 ※ 상기금액은2026년기숙사비기준이며, 2027년기숙사비책정시변동될수있음 ※ 기숙사홈페이지: http://hanlim.donga.ac.kr ※ 기숙사신청방법: 합격자대상으로추후공지 - 17 - |\n| 구분 |  |  | 수혜금액 | 수혜조건 |\n| 장학명 | 자격요건 | 종류 |  |  |', 'B. Enrolled Students Scholarship\na) GPA based scholarship\nType Eligibility Benefits\nA Those ranked in the top 5% of overall applicants 100% of Tuition\nEnglishTrack B Those ranked in the top 20% of overall applicants 60% of Tuition\nEnrolled student\nC Those ranked in the top 40% of overall applicants 40% of Tuition\nScholarship\nThose ranked in the top 100% of overall applicants\n(GPA Based)\nD 25% of Tuition\n(Average GPA of 3.0 or higher for the previous semester)\nb) Other scholarships\nType Eligibility Benefits\nOn-Campus Administrative Support / Selected according to\nWork-Study Scholarship Approx. 500,000 KRW\nthe criteria of the Office of International Affairs\nApplicants who submit proof of registration for TOPIK II\n(Intermediate) –no limit on the number of times the test fee\n-For TOPIK PBT: KRW 35,000 out of KRW 55,000 will be\nsupported Partial Support for Test\n-For TOPIK iBT: KRW 45,000 out of KRW 95,000 will be Application Fee\nsupported\nTOPIK Scholarship', '| B. Enrolled Students Scholarship a) GPA based scholarship Type Eligibility Benefits A Those ranked in the top 5% of overall applicants 100% of Tuition EnglishTrack B Those ranked in the top 20% of overall applicants 60% of Tuition Enrolled student C Those ranked in the top 40% of overall applicants 40% of Tuition Scholarship Those ranked in the top 100% of overall applicants (GPA Based) D 25% of Tuition (Average GPA of 3.0 or higher for the previous semester) b) Other scholarships Type Eligibility Benefits On-Campus Administrative Support / Selected according to Work-Study Scholarship Approx. 500,000 KRW the criteria of the Office of International Affairs Applicants who submit proof of registration for TOPIK II (Intermediate) –no limit on the number of times the test fee -For TOPIK PBT: KRW 35,000 out of KRW 55,000 will be supported Partial Support for Test -For TOPIK iBT: KRW 45,000 out of KRW 95,000 will be Application Fee supported TOPIK Scholarship -For TOPIK Speaking Test: KRW', '| Type |  | Eligibility | Benefits |\n| EnglishTrack Enrolled student Scholarship (GPA Based) | A | Those ranked in the top 5% of overall applicants | 100% of Tuition |\n|  | B | Those ranked in the top 20% of overall applicants | 60% of Tuition |\n|  | C | Those ranked in the top 40% of overall applicants | 40% of Tuition |\n|  | D | Those ranked in the top 100% of overall applicants (Average GPA of 3.0 or higher for the previous semester) | 25% of Tuition |\n| Type |  | Eligibility | Benefits |\n| Work-Study Scholarship |  | On-Campus Administrative Support / Selected according to the criteria of the Office of International Affairs | Approx. 500,000 KRW |', '12. 장학금\n가. 신입생 장학금\n1) 외국인 우수신입생 장학금\n구분\n수혜금액 수혜조건\n장학명 자격요건 종류\nA 수업료100% 한국어능력시험(TOPIKPBT, TOPIK iBT) 5급이상소지자\n외국인\nB 수업료60% 한국어능력시험(TOPIKPBT, TOPIK iBT) 4급소지자\n우수신입생\n외국인신(편)입학\n장학금 C 수업료50% 한국어능력시험(TOPIKPBT, TOPIK iBT) 3급소지자\n특별전형합격자\nA,B,C,D,E\nD 수업료40% 동아한국어능력시험(Dong-A TOPIK) 3급이상소지자\n본교입학자격요건을갖춘신(편)입생중,\nE 수업료30%\n외국인우수신입생장학금A,B,C,D에해당되지않는자\n외국인신(편)입학 A 수업료100% 한국어능력시험(TOPIKPBT, TOPIK iBT) 5급이상소지자\nDAU 특별전형합격자중,\n외국인 본교한국어학당을 B 수업료70% 한국어능력시험(TOPIKPBT, TOPIK iBT) 4급소지자\n우수신입생 2개학기이상수료\n장학금 하고최종2개학기 C 수업료60% 한국어능력시험(TOPIKPBT, TOPIK iBT) 3급소지자\nA,B,C,D 출석률이80% 이 본교입학자격요건을갖춘신(편)입생중,\nD 수업료50%\n상인자 DAU 외국인우수신입생장학금A,B,C에해당되지않는자\n※위장학금은입학학기에만적용되며2번째학기부터는재학생장학금기준에따라지급\n※장학금지급기준및지급액은본교장학제도에따라변동될수있음\n2) 외국인 유학생 국가장학금\n구분 수혜기간 수혜금액 수혜조건\n아래학과외국인신입학특별전형합격자중학과추천자\n- 인문과학대학: 역사문화학부, 한국어문학과\n- 자연과학대학: 반도체학과, 바이오메디컬학과\n- 사회과학대학: 미디어커뮤니케이션학과\n- 경영대학: 경영학과, 관광경영학과, 국제무역학과, 경영정보학과\n동아특화분야 - 생명자원과학대학: 식품생명공학과, 스마트그린자원학과\n첫학기\n우수장학금Ⅰ - 공학: 환경에너지공학과-미래에너지공학전공, 전기공학과, 전자공학과,\n기계공학과, 산업경영공학과, 조선해양공학과, 화학공학과, 신소재공학과', ""붙임 2 정부초청 외국인 장학생 학사 운영 지침(국문, 영문)\n정부초청 외국인 장학생 학사 운영 지침\n개정 2026. 3. 1.\n제1조(목적) 이 지침은 정부초청 외국인 장학생(이하 '장학생'이라 한다)의 건전한 면학과\n유학 생활의 내실화를 위해 필요한 사항을 정함을 목적으로 한다.\n제2조(정의) 이 지침에서 사용하는 용어의 뜻은 다음과 같다.\n1. “정부초청 외국인 장학생”(이하 “장학생”이라 한다)이란 국립국제교육원(이하\n“교육원”이라 한다)이 수행하는 정부초청 외국인 장학사업(Global Korea\nScholarship, GKS) 및 이에 준하는 장학사업에 선발된 외국인 유학생을 말한다.\n2. “수학기관”이란 장학생이 소속되어 학업 또는 연수를 수행하는 대학 또는 한국\n어연수기관을 말한다.\n3. “수학대학”이란 장학생이 소속되어 학업을 수행하는 대학을 말한다.\n4. “수학기관장”이란 수학기관의 장을 말한다.\n5. “수학대학장”이란 수학대학의 장을 말한다.\n6. “학위과정”이란 대학의 학칙에 따라 학위를 수여하는 교육과정을 말한다.\n7. “한국어연수과정”이란 대학 또는 한국어연수기관에서 운영하는 한국어 교육과\n정을 말한다.\n8. “공동학위”란 국내․외 대학이 공동으로 운영하는 교육과정을 이수하고 각 대학\n의 학위취득에 필요한 요건을 충족한 자에게 양 대학 공동명의로 학위를 수여하는\n것을 말한다.\n9. “복수학위”란 국내․외 대학에서 각각 또는 공동으로 운영하는 교육과정을 이수\n하고 각 대학의 학위취득에 필요한 요건을 충족한 자에게 양 대학이 각자의 명의로\n학위를 수여하는 것을 말한다.\n- 1 -\n\n[Tables]"", 'universities under their respective names upon a person who has completed\nacademic programs operated separately or jointly and satisfied the degree\nrequirements of each university.\nArticle 3 (Subject of Application) Award recipients selected under the following\nScholarship Programs conducted by the National Institute for International\nEducation (""NIIED"") shall be subject to the regulations:\n1. Global Korea Scholarship (Graduate and Undergraduate degree program)']","국제학생을 위한 장학금 종류는 다음과 같습니다:

1. **신입생 장학금**:
   - **외국인 우수신입생 장학금**:
     - A: 수업료 100% - 한국어능력시험(TOPIK PBT, TOPIK iBT) 5급 이상 소지자
     - B: 수업료 60% - 한국어능력시험 4급 소지자
     - C: 수업료 50% - 한국어능력시험 3급 소지자
     - D: 수업료 40% - 동아한국어능력시험 3급 이상 소지자
     - E: 수업료 30% - A, B, C, D에 해당되지 않는 자

2. **재학생 장학금**:
   - **GPA 기반 장학금**:
     - A: 수업료 100% - 전체 지원자 중 상위 5%에 해당
     - B: 수업료 60% - 전체 지원자 중 상위 20%에 해당
     - C: 수업료 40% - 전체 지원자 중 상위 40%에 해당
     - D: 수업료 25% - 평균 GPA 3.0 이상

3. **근로장학금**:
   - 교내 행정업무 지원 - 약 500,000원

4. **TOPIK 장학금**:
   - TOPIK 성적에 따라 지원금 지급:
     - TOPIK 3급: 500,000원
     - TOPIK 4급: 500,000원
     - TOPIK 5급: 700,000원
     - TOPIK 6급: 장학금 지급 기준에 따라 변동 가능

5. **정부초청 외국인 장학생**:
   - Global Korea Scholarship (GKS) 프로그램에 따라 선발된 외국인 유학생을 위한 장학금.

이 외에도 장학금 지급 기준 및 금액은 학교의 장학제도에 따라 변동될 수 있습니다.","유학생이 받을 수 있는 장학금 종류로는 GPA 기반 장학금, On-Campus Work-Study 장학금, TOPIK 장학금 등이 있습니다.",1.0,1.0,0.99999999998,1.0
What documents should an international student submit if there is a delay in issuing their graduation certificate?,"['Other\nproving the academic qualifications.\ncountries\n※However, the applicant must explain the qualification criteria according to the laws or official\ndocuments of the relevant country.\n5) Countries* that official graduation certificates’ issuance is delaying by several months or more can\nsubmit expected graduation certificates or provisional graduation certificates exceptionally.\n(In accordance with the Guidelines from the Ministry of Justice, Applicant who submitted the expected\ngraduation certificate must submit the official graduation certificate proving your final academic\nbackground when he/she extends the visa in Korea)\n-Vietnam, Myanmar, Nepal, India, Malaysia, Sri Lanka, Cambodia, Israel\nCountries* -Other countries where the delayed issuance of high school or college (university) graduation\ncertificates can be confirmed through government documents\n∙ It applies only to those who have graduated within one year from the date of issuance of the Certificate\nof Admission.', 'can be recognized as documents Other proving the academic qualifications. countries ※However, the applicant must explain the qualification criteria according to the laws or official documents of the relevant country. 5) Countries* that official graduation certificates’ issuance is delaying by several months or more can submit expected graduation certificates or provisional graduation certificates exceptionally. (In accordance with the Guidelines from the Ministry of Justice, Applicant who submitted the expected graduation certificate must submit the official graduation certificate proving your final academic background when he/she extends the visa in Korea) -Vietnam, Myanmar, Nepal, India, Malaysia, Sri Lanka, Cambodia, Israel Countries* -Other countries where the delayed issuance of high school or college (university) graduation certificates can be confirmed through government documents ∙ It applies only to those who have graduated within one year from the date of issuance of the', '| [Must Read] Important Notes 1. The applicant’s English name, date of birth in the application form should match with what is written on the applicant’s passport. Example: Hong Gilsoon 2. It is not allowed to change department or major after admission application. 3. All submitted documents can not be returned. So if it is hard to re-issue the original document, do not submit the original copy, but submit a notarization or verification of the original. 4. You have to prepare the visa issuance’ documents for Korea embassy apart from the admission documents in advance. 5. If all application documents won’t be attached within the deadline or the documents are insufficient online, the applicants will be disqualified without notice. Accidents or unexpected events occurring throughout the delivery process do not constitute reasons for deadline extension. 6. Applicant should write their personal information accurately and all notifications will be updated on the website of International', 'school or college (university) graduation certificates can be confirmed through government documents ∙ It applies only to those who have graduated within one year from the date of issuance of the Certificate of Admission. ∙ Acceptable Documents: Expected graduation certificate, provisional graduation certificate, etc. ※The documents must include information proving that you meet graduation requirements such as Personal information, school name, test name, study period, graduation (expected) date, etc. ※Verification from Apostille or Korean consulate is required. - 6 - |', 'confirmation letter of tuition fee, etc.\nStudents who are enrolled with an insurance from their own country should provide proof of insurance after entering\n- A graduation certificate of the most recently attended school\nKorea.\n- Proof of Financial Capability (at least USD 8,000 per year): Parents’ proof of income and certificate of employment\n- Certificate of Bank Balance (at least KRW 8,000,000) * E ffective starting from March of 2015, all international students are required to have insurances according to the\n- TB Test Certificate laws of the Korean government.\n* F rom February 2021, foreigners staying in Korea for more than 6 months are obligated to subscribe to public\nFamily Relations Proof Sample health insurance and pay insurance premiums. Please note that the exact premium and subscription details will be\nprovided after entering our university.\nChina : or notorization, Philippines: Family Census, Indonesia : KARTU KELUARGA,', 'certificates can be confirmed through government documents\n∙ It applies only to those who have graduated within one year from the date of issuance of the Certificate\nof Admission.\n∙ Acceptable Documents: Expected graduation certificate, provisional graduation certificate, etc.\n※The documents must include information proving that you meet graduation requirements such as\nPersonal information, school name, test name, study period, graduation (expected) date, etc.\n※Verification from Apostille or Korean consulate is required.\n- 6 -', '| Countries* | -Vietnam, Myanmar, Nepal, India, Malaysia, Sri Lanka, Cambodia, Israel -Other countries where the delayed issuance of high school or college (university) graduation certificates can be confirmed through government documents |']","If there is a delay in issuing their graduation certificate, an international student should submit the following documents:

1. **Expected Graduation Certificate** or **Provisional Graduation Certificate**: This is an exceptional submission allowed for students from countries where the official graduation certificate issuance is delayed by several months or more.

2. **Verification of Graduation Requirements**: The submitted documents must include information proving that the student meets graduation requirements, such as:
   - Personal information
   - School name
   - Test name
   - Study period
   - Graduation (expected) date

3. **Verification from Apostille or Korean Consulate**: The documents must be verified by an Apostille or the Korean consulate.

Additionally, it is important to note that this applies only to students who have graduated within one year from the date of issuance of the Certificate of Admission.","졸업 증명서 발급이 지연될 경우, 유학생은 예비 졸업 증명서나 임시 졸업 증명서를 제출할 수 있습니다.",0.75,1.0,0.8541666666453125,1.0
Where is the support service for international students located on the university campus?,"['[Tables]\n|  |\n| 13. 기타 사항 나. 유학생 보험 - 유학기간 중, 예상치 못한 질병, 상해, 사망 등 불의의 사고에 대비하여 유학생 전원 의무가입 - 2021년3월부터 외국인 유학생 국민건강보험 당연 가입(약 월 60,000원) 다. 유학생 지원 프로그램 프로그램명 프로그램내용 외국인학부신/편입생과한국인재학생을多:1로매치하여외국인학부학교생 유학생학습튜터링 활안내및학업지원 학부유학생(2~4학년)들의전공학습지원을위한튜터링프로그램 유학생전공스터디그룹 (한국인튜터, 유학생튜티로스터디진행) 본교한국인재학생과외국인재학생이모여부산지역거주외국인들을 동아동화 대상으로지역사회봉사활동기획/운영 외국인유학생대상문화활동기획및홍보를통한내·외국인재학생간국제교 데일리(Dong-AI Love You) 류활동활성화를위한다양한역할을수행할수있는프로그램 유학생체육대회, International Day,한국문화체험, 글로벌리더스클럽(Global 기타행사 Leaders Club)-취업역량강화프로그램, 한국법령교육등 라. 합격자 표준입학허가서 발급 및 비자 안내: 합격자에 한하여 별도 안내 마. 신입생 오리엔테이션: 일정 추후 안내 예정이며 전원 참석 필수 14. 문의 가. 국제교류과 (입학 문의) -주소:부산광역시서구구덕로225동아대학교부민캠퍼스,B03-0202국제교류과 -전화:+82-51-200-6444 -이메일:contact@donga.ac.kr -홈페이지:(국문)https://global.donga.ac.kr// (영문)https://global.donga.ac.kr/dongaoia/ -문의가능시간:월~금요일,09:00~17:00(12:00~13:00제외) 나. 각 학과 사무실 (학사·전공 문의) -각학과홈페이지참조 -https://about.donga.ac.kr/about/Main.do - 18 - |\n| 프로그램명 | 프로그램내용 |\n| 유학생학습튜터링 | 외국인학부신/편입생과한국인재학생을多:1로매치하여외국인학부학교생 활안내및학업지원 |', '13. 기타 사항\n나. 유학생 보험\n- 유학기간 중, 예상치 못한 질병, 상해, 사망 등 불의의 사고에 대비하여 유학생 전원 의무가입\n- 2021년3월부터 외국인 유학생 국민건강보험 당연 가입(약 월 60,000원)\n다. 유학생 지원 프로그램\n프로그램명 프로그램내용\n외국인학부신/편입생과한국인재학생을多:1로매치하여외국인학부학교생\n유학생학습튜터링\n활안내및학업지원\n학부유학생(2~4학년)들의전공학습지원을위한튜터링프로그램\n유학생전공스터디그룹\n(한국인튜터, 유학생튜티로스터디진행)\n본교한국인재학생과외국인재학생이모여부산지역거주외국인들을\n동아동화\n대상으로지역사회봉사활동기획/운영\n외국인유학생대상문화활동기획및홍보를통한내·외국인재학생간국제교\n데일리(Dong-AI Love You)\n류활동활성화를위한다양한역할을수행할수있는프로그램\n유학생체육대회, International Day,한국문화체험, 글로벌리더스클럽(Global\n기타행사\nLeaders Club)-취업역량강화프로그램, 한국법령교육등\n라. 합격자 표준입학허가서 발급 및 비자 안내: 합격자에 한하여 별도 안내\n마. 신입생 오리엔테이션: 일정 추후 안내 예정이며 전원 참석 필수\n14. 문의\n가. 국제교류과 (입학 문의)\n-주소:부산광역시서구구덕로225동아대학교부민캠퍼스,B03-0202국제교류과\n-전화:+82-51-200-6444\n-이메일:contact@donga.ac.kr\n-홈페이지:(국문)https://global.donga.ac.kr// (영문)https://global.donga.ac.kr/dongaoia/\n-문의가능시간:월~금요일,09:00~17:00(12:00~13:00제외)\n나. 각 학과 사무실 (학사·전공 문의)\n-각학과홈페이지참조\n-https://about.donga.ac.kr/about/Main.do\n- 18 -', 'provided after entering our university.\nChina : or notorization, Philippines: Family Census, Indonesia : KARTU KELUARGA,\n5 Information about Immigration Office - (map included)\n户口本 亲属关系证明 영주터널\nVietnam : So Ho Khau or Giay Khai Sinh, Pakistan : Family Certificate\nA. D uties: Issuing alien registration card, extension of length of stay, change in types of visa,\n중앙동\nchange in address, reports and declarations and etc. 지하철역 중부경찰서\n※ T hese are the basic requirements for applying for the visa. Conditions may vary depending on the country, so please check with the\nB. P hone number: representative number (without area code) 1345 / general civil service center\nKorean embassies in your country before applying for the visa. 남포동\n051-461-3120~6 중부소방서 대한항공빌딩 부산역\n영\nC. Directions 주 고\n부산출입국 가\n- S ubway: line number 1 (Orange line), Busan station exit number 2 or Joongang station exit 종합민원센터 교\nnumber 14, first floor of the Korean Air building (Joongang-dong).\n6 Note\n06\nDormitory', '| Korean | English |\n| 우) 49236 부산광역시서구구덕로225 동아대학교, 부민캠퍼스,B03-0202,국제교류과 전화)051-200-6444 | (49236) Office of International Affairs, B03-0202, BuminCampus, Dong-A University, 225 Gudeok-ro, Seo-gu, Busan, Korea ☎82-51-200-6444 |', '| 구분 |  |  | 수혜금액 | 수혜조건 |\n| 장학명 | 자격요건 | 종류 |  |  |\n| 외국인 성적우수 장학금 A,B,C,D | 외국인유학생 특별전형으로 입학한자 (융합경영학과 학생제외) | A | 수업료100% | 직전학기성적순위가10% 미만 |\n|  |  | B | 수업료70% | 직전학기성적순위가40% 미만 |\n|  |  | C | 수업료40% | 직전학기성적순위가60% 미만 |\n|  |  | D | 수업료20% | 직전학기성적순위가80% 미만 |\n| 근로장학금 | 교내행정업무지원 |  | 월평균500,000원 | 국제교류과선발기준에따름 |\n| TOPIK 장학금 | TOPIK 성적표제출자 |  | 시험응시료의일부 | TOPIKⅡ(중급) 응시표제출자(응시료의경우횟수제한없음) - TOPIK PBT 응시료55,000원중35,000원 지원 - TOPIKiBT응시료95,000원중45,000원 지원 - TOPIK말하기평가응시료80,000원 중40,000원 지원 |\n|  |  |  | 500,000원 | TOPIK(PBT, iBT) 3급제출자 |\n|  |  |  | 700,000원 | TOPIK(PBT, iBT) 4급제출자 |\n|  |  |  | 500,000원 | TOPIK(PBT, iBT) 5급제출자 |\n|  |  |  | 500,000원 | TOPIK(PBT, iBT) 6급제출자 |\n| 구분 | 시설 | 가격 | 위치 |\n| 한림생활관 | 가. 기본시설 : 침대, 책상, 옷장, 신발장, 수납장등 나. 그외시설 : 카페테리아, 휴게실, 세탁실등 | 한학기(방학제외) 승학1관(여자기숙사): 939,000원 승학2관(남자기숙사): 1,070,000원 | 승학 |', '13. Additional Information\nA. Dormitory\nClassification Facilities Fee Location\n- Room Facilities: bed, desk, closet, etc. Dorm1(Female): 939,000KRW\nHanlim\n- Common Facilities : cafeteria, laundry Dorm2(Male):1,070,000KRW Seunghak\nDormitory\nroom, rooftop etc. (1semester/About 4 months)\n※Fees are for 2026 intake and may be able to change for 2027 intake.\n※Website: HanlimDormitroy(http://hanlim.donga.ac.kr)\n※ Dormitory application after admission result announcement.\nHanlimDormitory\nB. Insurance\n-It is compulsory for all the international students to subscribe to insurance in preparation of\nunexpected diseases, injuries and death during staying in Korea.\n-From 2021, all foreign residents(including degree students) who are staying six months or longer in\nKorea are required to enroll in National Health Insurance. (Approx. 60,000 KRW/per month)\nC. On-campus Programs for Int’l Student\nD. Information on Issuance of Certificate of Admission and Visa application:To be announced.', '| 13. Additional Information A. Dormitory Classification Facilities Fee Location - Room Facilities: bed, desk, closet, etc. Dorm1(Female): 939,000KRW Hanlim - Common Facilities : cafeteria, laundry Dorm2(Male):1,070,000KRW Seunghak Dormitory room, rooftop etc. (1semester/About 4 months) ※Fees are for 2026 intake and may be able to change for 2027 intake. ※Website: HanlimDormitroy(http://hanlim.donga.ac.kr) ※ Dormitory application after admission result announcement. HanlimDormitory B. Insurance -It is compulsory for all the international students to subscribe to insurance in preparation of unexpected diseases, injuries and death during staying in Korea. -From 2021, all foreign residents(including degree students) who are staying six months or longer in Korea are required to enroll in National Health Insurance. (Approx. 60,000 KRW/per month) C. On-campus Programs for Int’l Student D. Information on Issuance of Certificate of Admission and Visa application:To be announced. E.']","The support service for international students is located at the Office of International Affairs, B03-0202, Bumin Campus, Dong-A University, 225 Gudeok-ro, Seo-gu, Busan, Korea.",국제학생을 위한 지원 서비스는 학생회관(S02) 근처에 위치하고 있습니다.,1.0,0.9357355685635919,0.0,0.0
What documents do international students need to submit?,"['confirmation letter of tuition fee, etc.\nStudents who are enrolled with an insurance from their own country should provide proof of insurance after entering\n- A graduation certificate of the most recently attended school\nKorea.\n- Proof of Financial Capability (at least USD 8,000 per year): Parents’ proof of income and certificate of employment\n- Certificate of Bank Balance (at least KRW 8,000,000) * E ffective starting from March of 2015, all international students are required to have insurances according to the\n- TB Test Certificate laws of the Korean government.\n* F rom February 2021, foreigners staying in Korea for more than 6 months are obligated to subscribe to public\nFamily Relations Proof Sample health insurance and pay insurance premiums. Please note that the exact premium and subscription details will be\nprovided after entering our university.\nChina : or notorization, Philippines: Family Census, Indonesia : KARTU KELUARGA,', '1\nnot acceptable)\n2\n- The principal’s stamp or signature must be included.\nDocument proving that you are an exchange student. (Submission of the Incomplete document form is not acceptable)\n1) Exchange student agreement between the two universities.\n1\nOR\n3\n2) Letter of Acceptance\n- The exchange program title and name of the home country university and the inviting university in Korea must be included.', '| [Must Read] Important Notes 1. The applicant’s English name, date of birth in the application form should match with what is written on the applicant’s passport. Example: Hong Gilsoon 2. It is not allowed to change department or major after admission application. 3. All submitted documents can not be returned. So if it is hard to re-issue the original document, do not submit the original copy, but submit a notarization or verification of the original. 4. You have to prepare the visa issuance’ documents for Korea embassy apart from the admission documents in advance. 5. If all application documents won’t be attached within the deadline or the documents are insufficient online, the applicants will be disqualified without notice. Accidents or unexpected events occurring throughout the delivery process do not constitute reasons for deadline extension. 6. Applicant should write their personal information accurately and all notifications will be updated on the website of International', '| 1 1 | Financial proof (670EURO * 00Months) - Your bank statement issued within 1 month (Original needed). - If you submit parents’ bank statement, please submit your birth or family certification. (Please translate the document if it is not written in English or Korean. And submit a translate verification.) |\n| 1 2 | A visa request letter(reference letter) issued by the Principal of home country university. (Submission of the Incomplete document form is not acceptable) - The principal’s stamp or signature must be included. |\n| 1 3 | Document proving that you are an exchange student. (Submission of the Incomplete document form is not acceptable) 1) Exchange student agreement between the two universities. OR 2) Letter of Acceptance - The exchange program title and name of the home country university and the inviting university in Korea must be included. |', '❑ 비자 종류별 정보 / Visa type Information\nD-2-8 Visiting Student 91일이상, 단수입국(독일인만복수)\nOver 91 days, Single entry\nD-2-8 방문학생\n(Only German national Multiple entry)\n➢ 비자+ 서비스수수료/ Visa + Service fee\nVisa Fee (Mandatory) Please check your visa fee HERE in EURO\nService Fee (Mandatory) 60.00 EURO\nCourier Return service (Optional) 15.00 EURO\nStudent from the countries below, please go to page no.12\nBangladesh, Cameroon, China, Ethiopia, Egypt, Ghana, Guinea, Iran, India, Indonesia, Kazakhstan,\nKyrgyzstan, Nigeria, Nepal, Mali, Myanmar, Mongolia, Pakistan, Peru, Philippines, Sri Lanka, Thailand,\nUkraine, Uzbekistan, Uganda, and Vietnam.\n➢ 필수제출서류/ Mandatory document to be submitted\n1 VisaApplicationForm(Formno.17)/ 사증발급신청서(제17호서식)e-signature not permitted/전자서명불가\nPassport with at least 6 months remainder validity\n2\n여권유효기간이최소6개월이상남아있는여권\nOne3.5X4.5cmpicturetakeninthepast6months. Please glue the photo on the Application Form.\n3\n최근6개월이내촬영한3.5X4.5cm사진. 사증발급신청서사진란에풀로부착.\nCertificate of Admission/표준입학허가서', '❑ 비자 종류별 정보 / Visa type Information\nD-4-1 Korean Language Trainee\n91일이상, 단수입국\nD-4-1 한국어연수 비자 Over 91 days, Single entry\n➢ 비자+ 서비스수수료/ Visa + Service fee\nVisa Fee (Mandatory) Please check your visa fee HERE in EURO\nService Fee (Mandatory) 60.00 EURO\nCourier Return service (Optional) 15.00 EURO\nStudent from the countries below, please go to page no.14\nBangladesh, Cameroon, China, Ethiopia, Egypt, Ghana, Guinea, Iran, India, Indonesia, Kazakhstan,\nKyrgyzstan, Nigeria, Nepal, Mali, Myanmar, Mongolia, Pakistan, Peru, Philippines, Sri Lanka, Thailand,\nUkraine, Uzbekistan, Uganda, and Vietnam.\n➢ 필수제출서류/ Mandatory document to be submitted\n1 VisaApplicationForm(Formno.17)/ 사증발급신청서(제17호서식)e-signature not permitted/전자서명불가\nPassport with at least 6 months remainder validity\n2\n여권유효기간이최소6개월이상남아있는여권\nOne3.5X4.5cmpicturetakeninthepast6months. Please glue the photo on the Application Form.\n3\n최근6개월이내촬영한3.5X4.5cm사진. 사증발급신청서사진란에풀로부착.\nCertificate of Admission/표준입학허가서', 'CASE 2: If your university is NOT on the Excellent accredited Universities list, additional documents are\nrequired\nDocuments proving your last academic background certification\n- Original and Apostille document should be submitted\n1 *If your country of origin is not among the Apostille Convention countries, please visit the Embassy of your country of origin\n0 located in the country where you are studying/have studied\n*If you have graduated from a Dutch university, you have the option to have your documents apostilled through the official\nDutch Apostille organization.\nFinancial proof (over 20.000USD)\n1 - Your bank statement issued within 1 month (Original needed).\n1 - If you submit parents’ bank statement, please submit your birth or family certification. (Please translate the document if\nit is not written in English or Korean. And submit a translate verification.)']","International students need to submit the following documents:

1. **Confirmation letter of tuition fee**.
2. **Proof of insurance** (if enrolled with insurance from their own country).
3. **Graduation certificate** from the most recently attended school.
4. **Proof of Financial Capability** (at least USD 8,000 per year):
   - Parents’ proof of income and certificate of employment.
   - Certificate of Bank Balance (at least KRW 8,000,000).
5. **TB Test Certificate** (as required by Korean government laws).
6. **Visa request letter** (reference letter) issued by the Principal of the home country university, including the principal’s stamp or signature.
7. **Document proving exchange student status**:
   - Exchange student agreement between the two universities or a Letter of Acceptance, including the exchange program title and names of both universities.
8. **Visa Application Form (Form no. 17)** (e-signature not permitted).
9. **Passport** with at least 6 months of remaining validity.
10. **One 3.5X4.5 cm photo** taken within the past 6 months (to be glued on the application form).
11. **Certificate of Admission**.

Additionally, if the university is not on the Excellent accredited Universities list, further documents are required, including:
- Original and Apostille document proving the last academic background certification.
- Financial proof (over USD 20,000) with a bank statement issued within 1 month (original needed).

If submitting parents’ bank statements, a birth or family certification must also be provided, along with translations if the documents are not in English or Korean.","유학생이 제출해야 하는 서류에는 교육 과정, 평균 및 분포의 고등학교 표준화 시험 점수, 학교 소개 자료, 학교 활동 증명서, 고등학교 졸업 시험 또는 대학 입학 시험 성적표 등이 포함됩니다.",1.0,1.0000000000000002,0.0,0.0
What types of scholarships are available for international students at this university?,"['| 구분 |  |  | 수혜금액 | 수혜조건 |\n| 장학명 | 자격요건 | 종류 |  |  |\n| 외국인 우수신입생 장학금 A,B,C,D,E | 외국인신(편)입학 특별전형합격자 | A | 수업료100% | 한국어능력시험(TOPIKPBT, TOPIK iBT) 5급이상소지자 |\n|  |  | B | 수업료60% | 한국어능력시험(TOPIKPBT, TOPIK iBT) 4급소지자 |\n|  |  | C | 수업료50% | 한국어능력시험(TOPIKPBT, TOPIK iBT) 3급소지자 |\n|  |  | D | 수업료40% | 동아한국어능력시험(Dong-A TOPIK) 3급이상소지자 |\n|  |  | E | 수업료30% | 본교입학자격요건을갖춘신(편)입생중, 외국인우수신입생장학금A,B,C,D에해당되지않는자 |\n| DAU 외국인 우수신입생 장학금 A,B,C,D | 외국인신(편)입학 특별전형합격자중, 본교한국어학당을 2개학기이상수료 하고최종2개학기 출석률이80% 이 상인자 | A | 수업료100% | 한국어능력시험(TOPIKPBT, TOPIK iBT) 5급이상소지자 |\n|  |  | B | 수업료70% | 한국어능력시험(TOPIKPBT, TOPIK iBT) 4급소지자 |\n|  |  | C | 수업료60% | 한국어능력시험(TOPIKPBT, TOPIK iBT) 3급소지자 |\n|  |  | D | 수업료50% | 본교입학자격요건을갖춘신(편)입생중, DAU 외국인우수신입생장학금A,B,C에해당되지않는자 |\n| 구분 | 수혜기간 | 수혜금액 | 수혜조건 |', '| 12. 장학금 가. 신입생 장학금 1) 외국인 우수신입생 장학금 구분 수혜금액 수혜조건 장학명 자격요건 종류 A 수업료100% 한국어능력시험(TOPIKPBT, TOPIK iBT) 5급이상소지자 외국인 B 수업료60% 한국어능력시험(TOPIKPBT, TOPIK iBT) 4급소지자 우수신입생 외국인신(편)입학 장학금 C 수업료50% 한국어능력시험(TOPIKPBT, TOPIK iBT) 3급소지자 특별전형합격자 A,B,C,D,E D 수업료40% 동아한국어능력시험(Dong-A TOPIK) 3급이상소지자 본교입학자격요건을갖춘신(편)입생중, E 수업료30% 외국인우수신입생장학금A,B,C,D에해당되지않는자 외국인신(편)입학 A 수업료100% 한국어능력시험(TOPIKPBT, TOPIK iBT) 5급이상소지자 DAU 특별전형합격자중, 외국인 본교한국어학당을 B 수업료70% 한국어능력시험(TOPIKPBT, TOPIK iBT) 4급소지자 우수신입생 2개학기이상수료 장학금 하고최종2개학기 C 수업료60% 한국어능력시험(TOPIKPBT, TOPIK iBT) 3급소지자 A,B,C,D 출석률이80% 이 본교입학자격요건을갖춘신(편)입생중, D 수업료50% 상인자 DAU 외국인우수신입생장학금A,B,C에해당되지않는자 ※위장학금은입학학기에만적용되며2번째학기부터는재학생장학금기준에따라지급 ※장학금지급기준및지급액은본교장학제도에따라변동될수있음 2) 외국인 유학생 국가장학금 구분 수혜기간 수혜금액 수혜조건 아래학과외국인신입학특별전형합격자중학과추천자 - 인문과학대학: 역사문화학부, 한국어문학과 - 자연과학대학: 반도체학과, 바이오메디컬학과 - 사회과학대학: 미디어커뮤니케이션학과 - 경영대학: 경영학과, 관광경영학과, 국제무역학과, 경영정보학과 동아특화분야 - 생명자원과학대학: 식품생명공학과, 스마트그린자원학과 첫학기 우수장학금Ⅰ - 공학: 환경에너지공학과-미래에너지공학전공, 전기공학과, 전자공학과, 기계공학과, 산업경영공학과, 조선해양공학과, 화학공학과, 신소재공학과 수업료전액 - 디자인환경대학:', '12. 장학금\n가. 신입생 장학금\n1) 외국인 우수신입생 장학금\n구분\n수혜금액 수혜조건\n장학명 자격요건 종류\nA 수업료100% 한국어능력시험(TOPIKPBT, TOPIK iBT) 5급이상소지자\n외국인\nB 수업료60% 한국어능력시험(TOPIKPBT, TOPIK iBT) 4급소지자\n우수신입생\n외국인신(편)입학\n장학금 C 수업료50% 한국어능력시험(TOPIKPBT, TOPIK iBT) 3급소지자\n특별전형합격자\nA,B,C,D,E\nD 수업료40% 동아한국어능력시험(Dong-A TOPIK) 3급이상소지자\n본교입학자격요건을갖춘신(편)입생중,\nE 수업료30%\n외국인우수신입생장학금A,B,C,D에해당되지않는자\n외국인신(편)입학 A 수업료100% 한국어능력시험(TOPIKPBT, TOPIK iBT) 5급이상소지자\nDAU 특별전형합격자중,\n외국인 본교한국어학당을 B 수업료70% 한국어능력시험(TOPIKPBT, TOPIK iBT) 4급소지자\n우수신입생 2개학기이상수료\n장학금 하고최종2개학기 C 수업료60% 한국어능력시험(TOPIKPBT, TOPIK iBT) 3급소지자\nA,B,C,D 출석률이80% 이 본교입학자격요건을갖춘신(편)입생중,\nD 수업료50%\n상인자 DAU 외국인우수신입생장학금A,B,C에해당되지않는자\n※위장학금은입학학기에만적용되며2번째학기부터는재학생장학금기준에따라지급\n※장학금지급기준및지급액은본교장학제도에따라변동될수있음\n2) 외국인 유학생 국가장학금\n구분 수혜기간 수혜금액 수혜조건\n아래학과외국인신입학특별전형합격자중학과추천자\n- 인문과학대학: 역사문화학부, 한국어문학과\n- 자연과학대학: 반도체학과, 바이오메디컬학과\n- 사회과학대학: 미디어커뮤니케이션학과\n- 경영대학: 경영학과, 관광경영학과, 국제무역학과, 경영정보학과\n동아특화분야 - 생명자원과학대학: 식품생명공학과, 스마트그린자원학과\n첫학기\n우수장학금Ⅰ - 공학: 환경에너지공학과-미래에너지공학전공, 전기공학과, 전자공학과,\n기계공학과, 산업경영공학과, 조선해양공학과, 화학공학과, 신소재공학과', ""붙임 2 정부초청 외국인 장학생 학사 운영 지침(국문, 영문)\n정부초청 외국인 장학생 학사 운영 지침\n개정 2026. 3. 1.\n제1조(목적) 이 지침은 정부초청 외국인 장학생(이하 '장학생'이라 한다)의 건전한 면학과\n유학 생활의 내실화를 위해 필요한 사항을 정함을 목적으로 한다.\n제2조(정의) 이 지침에서 사용하는 용어의 뜻은 다음과 같다.\n1. “정부초청 외국인 장학생”(이하 “장학생”이라 한다)이란 국립국제교육원(이하\n“교육원”이라 한다)이 수행하는 정부초청 외국인 장학사업(Global Korea\nScholarship, GKS) 및 이에 준하는 장학사업에 선발된 외국인 유학생을 말한다.\n2. “수학기관”이란 장학생이 소속되어 학업 또는 연수를 수행하는 대학 또는 한국\n어연수기관을 말한다.\n3. “수학대학”이란 장학생이 소속되어 학업을 수행하는 대학을 말한다.\n4. “수학기관장”이란 수학기관의 장을 말한다.\n5. “수학대학장”이란 수학대학의 장을 말한다.\n6. “학위과정”이란 대학의 학칙에 따라 학위를 수여하는 교육과정을 말한다.\n7. “한국어연수과정”이란 대학 또는 한국어연수기관에서 운영하는 한국어 교육과\n정을 말한다.\n8. “공동학위”란 국내․외 대학이 공동으로 운영하는 교육과정을 이수하고 각 대학\n의 학위취득에 필요한 요건을 충족한 자에게 양 대학 공동명의로 학위를 수여하는\n것을 말한다.\n9. “복수학위”란 국내․외 대학에서 각각 또는 공동으로 운영하는 교육과정을 이수\n하고 각 대학의 학위취득에 필요한 요건을 충족한 자에게 양 대학이 각자의 명의로\n학위를 수여하는 것을 말한다.\n- 1 -\n\n[Tables]"", '| Type |  | Eligibility | Benefits |\n| EnglishTrack Enrolled student Scholarship (GPA Based) | A | Those ranked in the top 5% of overall applicants | 100% of Tuition |\n|  | B | Those ranked in the top 20% of overall applicants | 60% of Tuition |\n|  | C | Those ranked in the top 40% of overall applicants | 40% of Tuition |\n|  | D | Those ranked in the top 100% of overall applicants (Average GPA of 3.0 or higher for the previous semester) | 25% of Tuition |\n| Type |  | Eligibility | Benefits |\n| Work-Study Scholarship |  | On-Campus Administrative Support / Selected according to the criteria of the Office of International Affairs | Approx. 500,000 KRW |', 'Regulations for Global Korea Scholarship Recipients\nAmended on March 1, 2026\nArticle 1 (Purpose) The purpose of these regulations is to establish the necessary\nprovisions to ensure a sound academic environment and promote faithful diligent\nstudy among award recipients of the Global Korea Scholarship(“GKS”) Program\n(hereinafter referred to as “GKS recipient”).\nArticle 2 (Definitions of Terms) The definitions of terms used in these regulations are as follows:\n1. GKS recipient: An international student selected for the Global Korea Scholarship\n(GKS) Program or other equivalent scholarship programs conducted by the\nNational Institute for International Education (“NIIED”).\n2. Institution: The university or Korean language institution where the GKS\nrecipient is enrolled for the purpose of pursuing academic studies or training.\n3. University: The university where the GKS recipient is enrolled in a degree\nprogram or relevant.\n4. President of the Institution: The president of the Institution.', '| B. Enrolled Students Scholarship a) GPA based scholarship Type Eligibility Benefits A Those ranked in the top 5% of overall applicants 100% of Tuition EnglishTrack B Those ranked in the top 20% of overall applicants 60% of Tuition Enrolled student C Those ranked in the top 40% of overall applicants 40% of Tuition Scholarship Those ranked in the top 100% of overall applicants (GPA Based) D 25% of Tuition (Average GPA of 3.0 or higher for the previous semester) b) Other scholarships Type Eligibility Benefits On-Campus Administrative Support / Selected according to Work-Study Scholarship Approx. 500,000 KRW the criteria of the Office of International Affairs Applicants who submit proof of registration for TOPIK II (Intermediate) –no limit on the number of times the test fee -For TOPIK PBT: KRW 35,000 out of KRW 55,000 will be supported Partial Support for Test -For TOPIK iBT: KRW 45,000 out of KRW 95,000 will be Application Fee supported TOPIK Scholarship -For TOPIK Speaking Test: KRW']","이 대학에서 국제 학생을 위한 장학금의 종류는 다음과 같습니다:

1. **외국인 우수신입생 장학금**:
   - **A**: 수업료 100% (한국어능력시험(TOPIK) 5급 이상 소지자)
   - **B**: 수업료 60% (한국어능력시험(TOPIK) 4급 소지자)
   - **C**: 수업료 50% (한국어능력시험(TOPIK) 3급 소지자)
   - **D**: 수업료 40% (동아한국어능력시험 3급 이상 소지자)
   - **E**: 수업료 30% (A, B, C, D에 해당되지 않는 자)

2. **DAU 외국인 우수신입생 장학금**:
   - **A**: 수업료 100% (한국어능력시험(TOPIK) 5급 이상 소지자, 한국어학당 2개 학기 이상 수료)
   - **B**: 수업료 70% (한국어능력시험(TOPIK) 4급 소지자, 한국어학당 2개 학기 이상 수료)
   - **C**: 수업료 60% (한국어능력시험(TOPIK) 3급 소지자, 한국어학당 2개 학기 이상 수료)
   - **D**: 수업료 50% (A, B, C에 해당되지 않는 자)

3. **외국인 유학생 국가장학금**:
   - 특정 학과의 외국인 신입학 특별전형 합격자 중 학과 추천자에게 수여됨. (예: 인문과학대학, 자연과학대학, 사회과학대학, 경영대학 등)

4. **영어 트랙 장학금 (GPA 기반)**:
   - **A**: 전체 지원자 중 상위 5% (수업료 100%)
   - **B**: 전체 지원자 중 상위 20% (수업료 60%)
   - **C**: 전체 지원자 중 상위 40% (수업료 40%)
   - **D**: 전체 지원자 중 상위 100% (GPA 3.0 이상, 수업료 25%)

5. **워크-스터디 장학금**:
   - 캠퍼스 내 행정 지원을 위한 장학금 (약 500,000 KRW)

6. **TOPIK 시험 지원 장학금**:
   - TOPIK II 등록 증명서를 제출한 학생에게 시험 비용 일부 지원.

이 외에도 장학금 지급 기준 및 지급액은 변동될 수 있습니다.","유학생을 위한 장학금으로는 첫학기 우수장학금Ⅰ, 우수장학금Ⅱ 등이 있으며, 장학금 지급 대상 학과는 변동될 수 있습니다.",1.0,1.0000000000000002,0.9999999999666667,1.0
What is the phone number for the International Exchange Department at Dong-A University?,"['| Korean | English |\n| 우) 49236 부산광역시서구구덕로225 동아대학교, 부민캠퍼스,B03-0202,국제교류과 전화)051-200-6444 | (49236) Office of International Affairs, B03-0202, BuminCampus, Dong-A University, 225 Gudeok-ro, Seo-gu, Busan, Korea ☎82-51-200-6444 |', '나.제출장소:동아대학교국제교류과(우편또는방문제출)\n국문주소 영문주소\n(49236) Office of International Affairs,\n우) 49236 부산광역시서구구덕로225\nB03-0202, BuminCampus, Dong-A University,\n동아대학교부민캠퍼스B03-0202국제교류과\n225 Gudeok-ro, Seo-gu, Busan, Korea\n전화)051-200-6444\n☎82-51-200-6444\n- 13 -', '※ 기간내원본서류제출이불가할경우, 사전연락필수(사유없이기한내원본서류미제출시합격취소) 나.제출장소:동아대학교국제교류과(우편또는방문제출) 국문주소 영문주소 (49236) Office of International Affairs, 우) 49236 부산광역시서구구덕로225 B03-0202, BuminCampus, Dong-A University, 동아대학교부민캠퍼스B03-0202국제교류과 225 Gudeok-ro, Seo-gu, Busan, Korea 전화)051-200-6444 ☎82-51-200-6444 - 13 - |', ""8. Notes after Admission\nA. All required documents must be submitted in original to the office of International Affairs,\nDong-AUniversitywithinthedesignatedperiod\n-1stRound:By2026.5.22.(Fri)\n-2ndRound:By2026.7.27.(Mon)\n※ Those who do not submit hard copies within the designated period will be disqualified and\nadmissionwillbecancelled.\nB.Placeofsubmission:Dong-AUniversity,Officeof InternationalAffairs(bypostorinperson)\nKorean English\n(49236) Office of International Affairs,\n우) 49236 부산광역시서구구덕로225\nB03-0202, BuminCampus, Dong-A University,\n동아대학교, 부민캠퍼스,B03-0202,국제교류과\n225 Gudeok-ro, Seo-gu, Busan, Korea\n전화)051-200-6444\n☎82-51-200-6444\n9. Important Notes\nA. Applicants should read this guidelines carefully and follow the procedure made by Dong-A\nUniversity.Whenapplicantsdonotcomplywiththeuniversity'sprescribedprocessandrules,or\nrequired documents are not completely submitted, the applicants will be disqualified. The"", ""| 8. Notes after Admission A. All required documents must be submitted in original to the office of International Affairs, Dong-AUniversitywithinthedesignatedperiod -1stRound:By2026.5.22.(Fri) -2ndRound:By2026.7.27.(Mon) ※ Those who do not submit hard copies within the designated period will be disqualified and admissionwillbecancelled. B.Placeofsubmission:Dong-AUniversity,Officeof InternationalAffairs(bypostorinperson) Korean English (49236) Office of International Affairs, 우) 49236 부산광역시서구구덕로225 B03-0202, BuminCampus, Dong-A University, 동아대학교, 부민캠퍼스,B03-0202,국제교류과 225 Gudeok-ro, Seo-gu, Busan, Korea 전화)051-200-6444 ☎82-51-200-6444 9. Important Notes A. Applicants should read this guidelines carefully and follow the procedure made by Dong-A University.Whenapplicantsdonotcomplywiththeuniversity'sprescribedprocessandrules,or required documents are not completely submitted, the applicants will be disqualified. The applicants are responsible for disadvantages (cancellation of"", '13. 기타 사항\n나. 유학생 보험\n- 유학기간 중, 예상치 못한 질병, 상해, 사망 등 불의의 사고에 대비하여 유학생 전원 의무가입\n- 2021년3월부터 외국인 유학생 국민건강보험 당연 가입(약 월 60,000원)\n다. 유학생 지원 프로그램\n프로그램명 프로그램내용\n외국인학부신/편입생과한국인재학생을多:1로매치하여외국인학부학교생\n유학생학습튜터링\n활안내및학업지원\n학부유학생(2~4학년)들의전공학습지원을위한튜터링프로그램\n유학생전공스터디그룹\n(한국인튜터, 유학생튜티로스터디진행)\n본교한국인재학생과외국인재학생이모여부산지역거주외국인들을\n동아동화\n대상으로지역사회봉사활동기획/운영\n외국인유학생대상문화활동기획및홍보를통한내·외국인재학생간국제교\n데일리(Dong-AI Love You)\n류활동활성화를위한다양한역할을수행할수있는프로그램\n유학생체육대회, International Day,한국문화체험, 글로벌리더스클럽(Global\n기타행사\nLeaders Club)-취업역량강화프로그램, 한국법령교육등\n라. 합격자 표준입학허가서 발급 및 비자 안내: 합격자에 한하여 별도 안내\n마. 신입생 오리엔테이션: 일정 추후 안내 예정이며 전원 참석 필수\n14. 문의\n가. 국제교류과 (입학 문의)\n-주소:부산광역시서구구덕로225동아대학교부민캠퍼스,B03-0202국제교류과\n-전화:+82-51-200-6444\n-이메일:contact@donga.ac.kr\n-홈페이지:(국문)https://global.donga.ac.kr// (영문)https://global.donga.ac.kr/dongaoia/\n-문의가능시간:월~금요일,09:00~17:00(12:00~13:00제외)\n나. 각 학과 사무실 (학사·전공 문의)\n-각학과홈페이지참조\n-https://about.donga.ac.kr/about/Main.do\n- 18 -', '[Tables]\n|  |\n| 13. 기타 사항 나. 유학생 보험 - 유학기간 중, 예상치 못한 질병, 상해, 사망 등 불의의 사고에 대비하여 유학생 전원 의무가입 - 2021년3월부터 외국인 유학생 국민건강보험 당연 가입(약 월 60,000원) 다. 유학생 지원 프로그램 프로그램명 프로그램내용 외국인학부신/편입생과한국인재학생을多:1로매치하여외국인학부학교생 유학생학습튜터링 활안내및학업지원 학부유학생(2~4학년)들의전공학습지원을위한튜터링프로그램 유학생전공스터디그룹 (한국인튜터, 유학생튜티로스터디진행) 본교한국인재학생과외국인재학생이모여부산지역거주외국인들을 동아동화 대상으로지역사회봉사활동기획/운영 외국인유학생대상문화활동기획및홍보를통한내·외국인재학생간국제교 데일리(Dong-AI Love You) 류활동활성화를위한다양한역할을수행할수있는프로그램 유학생체육대회, International Day,한국문화체험, 글로벌리더스클럽(Global 기타행사 Leaders Club)-취업역량강화프로그램, 한국법령교육등 라. 합격자 표준입학허가서 발급 및 비자 안내: 합격자에 한하여 별도 안내 마. 신입생 오리엔테이션: 일정 추후 안내 예정이며 전원 참석 필수 14. 문의 가. 국제교류과 (입학 문의) -주소:부산광역시서구구덕로225동아대학교부민캠퍼스,B03-0202국제교류과 -전화:+82-51-200-6444 -이메일:contact@donga.ac.kr -홈페이지:(국문)https://global.donga.ac.kr// (영문)https://global.donga.ac.kr/dongaoia/ -문의가능시간:월~금요일,09:00~17:00(12:00~13:00제외) 나. 각 학과 사무실 (학사·전공 문의) -각학과홈페이지참조 -https://about.donga.ac.kr/about/Main.do - 18 - |\n| 프로그램명 | 프로그램내용 |\n| 유학생학습튜터링 | 외국인학부신/편입생과한국인재학생을多:1로매치하여외국인학부학교생 활안내및학업지원 |']",The phone number for the International Exchange Department at Dong-A University is +82-51-200-6444.,051-200-6444 또는 82-51-200-6444입니다.,1.0,1.0,0.9999999999857143,1.0
What are the required documents for international students when applying for admission?,"['| [Must Read] Important Notes 1. The applicant’s English name, date of birth in the application form should match with what is written on the applicant’s passport. Example: Hong Gilsoon 2. It is not allowed to change department or major after admission application. 3. All submitted documents can not be returned. So if it is hard to re-issue the original document, do not submit the original copy, but submit a notarization or verification of the original. 4. You have to prepare the visa issuance’ documents for Korea embassy apart from the admission documents in advance. 5. If all application documents won’t be attached within the deadline or the documents are insufficient online, the applicants will be disqualified without notice. Accidents or unexpected events occurring throughout the delivery process do not constitute reasons for deadline extension. 6. Applicant should write their personal information accurately and all notifications will be updated on the website of International', 'confirmation letter of tuition fee, etc.\nStudents who are enrolled with an insurance from their own country should provide proof of insurance after entering\n- A graduation certificate of the most recently attended school\nKorea.\n- Proof of Financial Capability (at least USD 8,000 per year): Parents’ proof of income and certificate of employment\n- Certificate of Bank Balance (at least KRW 8,000,000) * E ffective starting from March of 2015, all international students are required to have insurances according to the\n- TB Test Certificate laws of the Korean government.\n* F rom February 2021, foreigners staying in Korea for more than 6 months are obligated to subscribe to public\nFamily Relations Proof Sample health insurance and pay insurance premiums. Please note that the exact premium and subscription details will be\nprovided after entering our university.\nChina : or notorization, Philippines: Family Census, Indonesia : KARTU KELUARGA,', '1\nnot acceptable)\n2\n- The principal’s stamp or signature must be included.\nDocument proving that you are an exchange student. (Submission of the Incomplete document form is not acceptable)\n1) Exchange student agreement between the two universities.\n1\nOR\n3\n2) Letter of Acceptance\n- The exchange program title and name of the home country university and the inviting university in Korea must be included.', '❑ 비자 종류별 정보 / Visa type Information\nD-2-8 Visiting Student 91일이상, 단수입국(독일인만복수)\nOver 91 days, Single entry\nD-2-8 방문학생\n(Only German national Multiple entry)\n➢ 비자+ 서비스수수료/ Visa + Service fee\nVisa Fee (Mandatory) Please check your visa fee HERE in EURO\nService Fee (Mandatory) 60.00 EURO\nCourier Return service (Optional) 15.00 EURO\nStudent from the countries below, please go to page no.12\nBangladesh, Cameroon, China, Ethiopia, Egypt, Ghana, Guinea, Iran, India, Indonesia, Kazakhstan,\nKyrgyzstan, Nigeria, Nepal, Mali, Myanmar, Mongolia, Pakistan, Peru, Philippines, Sri Lanka, Thailand,\nUkraine, Uzbekistan, Uganda, and Vietnam.\n➢ 필수제출서류/ Mandatory document to be submitted\n1 VisaApplicationForm(Formno.17)/ 사증발급신청서(제17호서식)e-signature not permitted/전자서명불가\nPassport with at least 6 months remainder validity\n2\n여권유효기간이최소6개월이상남아있는여권\nOne3.5X4.5cmpicturetakeninthepast6months. Please glue the photo on the Application Form.\n3\n최근6개월이내촬영한3.5X4.5cm사진. 사증발급신청서사진란에풀로부착.\nCertificate of Admission/표준입학허가서', '| 1 1 | Financial proof (670EURO * 00Months) - Your bank statement issued within 1 month (Original needed). - If you submit parents’ bank statement, please submit your birth or family certification. (Please translate the document if it is not written in English or Korean. And submit a translate verification.) |\n| 1 2 | A visa request letter(reference letter) issued by the Principal of home country university. (Submission of the Incomplete document form is not acceptable) - The principal’s stamp or signature must be included. |\n| 1 3 | Document proving that you are an exchange student. (Submission of the Incomplete document form is not acceptable) 1) Exchange student agreement between the two universities. OR 2) Letter of Acceptance - The exchange program title and name of the home country university and the inviting university in Korea must be included. |', 'will be announced on the Office of International Affairs website. ※Website: http://global.donga.ac.kr/dongaoia 2. Admission Process Register Online Application at (applydonga.accomsystem.co.kr) ↓ Log-in(signup)and Choose your Undergraduate course ‘New’ ↓ Fill out the online application form andattachall required documents online ↓ Application Submission and Application fee payment * Application is complete after thepayment ↓ Document Screening (Based on submitted document at online) ↓ Interview by the department ↓ Admission Result Notification ↓ Tuition fee payment ↓ Issuance of Certificate of Admission(University) and Visa Application(Applicants) *Universityonly issue visa documents for whom submitted required documents in original and paid tuition fee ↓ Course Registration and Preparation for Entering Korea - 1 - |', ""| 5. Required Documents A. Required documents of submission No. Documents Note 1 Application Form -Onlineapplication at (applydonga.accomsystem.co.kr) 2 Letter of EducationInquiryConsent *Form1 Certificate of (Expected) High school -Refer to ‘E’ of 7. Notes for Documents Submission 3 graduation -Verification(Apostille or Korea Consul)isrequired -Refer to ‘F’ of 7. Notes for Documents Submission 4 High school official academic transcript -Verification(Apostille or Korea Consul)isrequired Certificate of verification 5 of the relationship between the parents and -Refer to ‘G’ of 7. Notes for Documents Submission applicant -Submitapplicant and both parents identification documents Copy of identification card 6 -Passportor home country identification card which can for both parents and applicant confirm the foreign nationality 7 Bank Statement - Refer to ‘H’ of 7. Notes for Documents Submission Financial guarantee * Form 2 (Written by a guarantor) support When the financial Guarantor's""]","The required documents for international students when applying for admission are as follows:

1. **Application Form** - Complete the online application at (applydonga.accomsystem.co.kr).
2. **Letter of Education Inquiry Consent** - Form 1.
3. **Certificate of (Expected) High School Graduation** - Verification (Apostille or Korea Consul) is required.
4. **High School Official Academic Transcript** - Verification (Apostille or Korea Consul) is required.
5. **Certificate of Verification of the Relationship Between the Parents and Applicant** - Submit identification documents for both parents and the applicant.
6. **Copy of Identification Card** - Passport or home country identification card that confirms foreign nationality for both parents and the applicant.
7. **Bank Statement** - Refer to the financial guarantee requirements (Form 2 written by a guarantor).

Additionally, applicants must ensure that all documents are submitted accurately and within the specified deadlines, as incomplete submissions may lead to disqualification.","유학생이 입학 지원 시 필수 제출 서류는 입학지원서, 자기소개서, 학력조회동의서, 고등학교 졸업(예정) 증명서, 고등학교 성적증명서, 전적 대학 졸업(예정) 증명서 또는 재학증명서, 전적 대학 성적증명서, 부모·학생 관계증명서, 본인 및 부모의 신분증 사본, 재정능력 입증 서류(은행 잔고 증명서), 재정보증 확인서, 재정보증인 수입증명서, 재직증명서, 어학능력 입증 서류, 여권 사본입니다.",1.0,0.9729489266766388,0.5428571428435713,1.0
In what cases is it necessary to submit a tuberculosis certificate when applying for a student visa?,"['choose case 1. Please check carefully on the list.)\n■ Case 2: If your university is NOT on the Excellentaccredited Universities,\nyou must prepare the documents for case 1 and 2. For more\ninformation, please find your documents list per your visa type.\nIf your country is on the high risk of tuberculosis,\nyou must submit the “tuberculosis certificate” extra.\nIf you’ve been staying more than 6 months in Europe, you do not need to submit it.', 'Please read this notice carefully\nThe KVAC is not responsible for delays that are due to mistakes from your side.\nThe months from January to March and June to August are considered peak\nseason. Please prepare your document attentively to avoid your delay.\n(Visa processing time in peak season: 2-6 weeks)\nIf you are a student from below countries,\nBangladesh, Cameroon, China, Ethiopia, Egypt, Ghana, Guinea, Iran, India,\nIndonesia, Kazakhstan, Kyrgyzstan, Nigeria, Nepal, Mali, Myanmar, Mongolia,\nPakistan, Peru, Philippines, Sri Lanka, Thailand, Ukraine, Uzbekistan, Uganda,\nand Vietnam\nThere are two cases to apply for a visa. First, please check your eligibility below.\n■ Case 1: If your university is on the Excellentaccredited Universities\n(Only student from university on “EXCELLENT” list can\nchoose case 1. Please check carefully on the list.)\n■ Case 2: If your university is NOT on the Excellentaccredited Universities,\nyou must prepare the documents for case 1 and 2. For more', '❑ 비자 종류별 정보 / Visa type Information\nD-2-1 ~ D-2-4 University Student Visa\n91일이상, 단수입국\nD-2-1 ~ D-2-4 학생 유학 비자 Over 91 days, Single entry\n➢ 비자+ 서비스수수료/ Visa + Service fee\nVisa Fee (Mandatory) Please check your visa fee HEREin EURO\nService Fee (Mandatory) 60.00 EURO\nCourier Return service (Optional) 15.00 EURO\nApplicable only to students from the countries below,\nBangladesh, Cameroon, China, Ethiopia, Egypt, Ghana, Guinea, Iran, India, Indonesia, Kazakhstan, Kyrgyzstan,\nNigeria, Nepal, Mali, Myanmar, Mongolia, Pakistan, Peru, Philippines, Sri Lanka, Thailand, Ukraine,\nUzbekistan, Uganda, and Vietnam.\n➢ 필수제출서류/ Mandatory document to be submitted\nCASE 1: If your university is on the Excellent accredited Universities list\n1 VisaApplicationForm(Formno.17)/ 사증발급신청서(제17호서식)e-signature not permitted/전자서명불가\nPassport with at least 6 months remainder validity\n2\n여권유효기간이최소6개월이상남아있는여권\nOne3.5X4.5cmpicturetakeninthepast6months. Please glue the photo on the Application Form.\n3', '■ 출입국관리법 시행규칙 [별지 제17호서식] <개정 2022. 2. 7.> (제1쪽 / Page1)\n사증발급신청서\nVISA APPLICATION FORM\n<신청서 작성방법>\n*All D-2 student visa types are issued for single entry only.\n‣ 신청인은 사실에 근거하여 빠짐없이 정확하게 신청서를 작성해야 합니다. (Only German, Japanese nationals have Multiple entry)\nTherefore, please refrain from paying the fee for double or\n‣ 신청서상의 모든 질문에 대한 답변은 한글 또는 영문으로 기재해야 합니다. multiple entry visas when applying for a student visa at KVAC.\n‣ 선택사항은 해당 칸[ ] 안에 √ 표시를 하시기 바랍니다.\n‣‘기타’를 선택한 경우, 상세내용을 기재하시기 바랍니다.\n<How to fill out this form>\n‣ The applicant must fill out this form completely and correctly.\n‣ The applicant must write in block letters either in English or Korean.\n‣ For multiple-choice questions, the applicant must check [√] all that apply.\n‣ If the applicant selects‘Other’, please provide more information in the given space.\n1. 인적사항 / PERSONAL DETAILS\n*Please attach PHOTO 1.1 여권에 기재된 영문 성명/Full name in English (as shown in passport)\nyour photo here 여권용 사진\n성 Family Name 명 Given Names\n(35㎜×45㎜)', '❑ 비자 종류별 정보 / Visa type Information\nD-2-6 Exchange Student Visa\n91일이상, 단수입국\nD-2-6 교환학생비자 Over 91 days, Single entry\n➢ 비자+ 서비스수수료/ Visa + Service fee\nVisa Fee (Mandatory) Please check your visa fee HEREin EURO\nService Fee (Mandatory) 60.00 EURO\nCourier Return service (Optional) 15.00 EURO\nApplicable only to students from the countries below,\nBangladesh, Cameroon, China, Ethiopia, Egypt, Ghana, Guinea, Iran, India, Indonesia, Kazakhstan, Kyrgyzstan,\nNigeria, Nepal, Mali, Myanmar, Mongolia, Pakistan, Peru, Philippines, Sri Lanka, Thailand, Ukraine,\nUzbekistan, Uganda, and Vietnam.\n➢ 필수제출서류/ Mandatory document to be submitted\nCASE 1: If your university is on the Excellent accredited Universities list\n1 VisaApplicationForm(Formno.17)/ 사증발급신청서(제17호서식)e-signature not permitted/전자서명불가\nPassport with at least 6 months remainder validity\n2\n여권유효기간이최소6개월이상남아있는여권\nOne3.5X4.5cmpicturetakeninthepast6months. Please glue the photo on the Application Form.\n3\n최근6개월이내촬영한3.5X4.5cm사진. 사증발급신청서사진란에풀로부착.', '❑ 비자 종류별 정보 / Visa type Information\nD-2-8 Visiting Student\n91일이상, 단수입국\nD-2-8 방문학생 Over 91 days, Single entry\n➢ 비자+ 서비스수수료/ Visa + Service fee\nVisa Fee (Mandatory) Please check your visa fee HEREin EURO\nService Fee (Mandatory) 60.00 EURO\nCourier Return service (Optional) 15.00 EURO\nApplicable only to students from the countries below,\nBangladesh, Cameroon, China, Ethiopia, Egypt, Ghana, Guinea, Iran, India, Indonesia, Kazakhstan, Kyrgyzstan,\nNigeria, Nepal, Mali, Myanmar, Mongolia, Pakistan, Peru, Philippines, Sri Lanka, Thailand, Ukraine,\nUzbekistan, Uganda, and Vietnam.\n➢ 필수제출서류/ Mandatory document to be submitted\nCASE 1: If your university is on the Excellent accredited Universities list\n1 VisaApplicationForm(Formno.17)/ 사증발급신청서(제17호서식)e-signature not permitted/전자서명불가\nPassport with at least 6 months remainder validity\n2\n여권유효기간이최소6개월이상남아있는여권\nOne3.5X4.5cmpicturetakeninthepast6months. Please glue the photo on the Application Form.\n3\n최근6개월이내촬영한3.5X4.5cm사진. 사증발급신청서사진란에풀로부착.', '❑ 비자 종류별 정보 / Visa type Information\nD-2-1 ~ D-2-4 University Student Visa 91일이상, 단수입국(독일인, 일본인만복수)\nOver 91 days, Single entry\nD-2-1 ~ D-2-4 학생 유학 비자\n(Only German, Japanese nationals Multiple entry)\n➢ 비자+ 서비스수수료/ Visa + Service fee\nVisa Fee (Mandatory) Please check your visa fee HERE in EURO\nService Fee (Mandatory) 60.00 EURO\nCourier Return service (Optional) 15.00 EURO\nStudent from the countries below, please go to page no.10\nBangladesh, Cameroon, China, Ethiopia, Egypt, Ghana, Guinea, Iran, India, Indonesia, Kazakhstan,\nKyrgyzstan, Nigeria, Nepal, Mali, Myanmar, Mongolia, Pakistan, Peru, Philippines, Sri Lanka, Thailand,\nUkraine, Uzbekistan, Uganda, and Vietnam.\n➢ 필수제출서류/ Mandatory document to be submitted\n1 VisaApplicationForm(Formno.17)/ 사증발급신청서(제17호서식)e-signature not permitted/전자서명불가\nPassport with at least 6 months remainder validity\n2\n여권유효기간이최소6개월이상남아있는여권\nOne3.5X4.5cmpicturetakeninthepast6months. Please glue the photo on the Application Form.\n3']","A tuberculosis certificate is necessary when applying for a student visa if the applicant's country is on the high risk of tuberculosis list. Additionally, if the applicant has been staying in Europe for more than 6 months, they do not need to submit the tuberculosis certificate.",자신의 국가가 결핵 고위험 국가에 해당하는 경우에는 결핵 증명서를 추가로 제출해야 합니다.,1.0,0.9141474184875461,0.7555555555303703,1.0
When is the online application period for international students?,"['[Tables]\n|  |\n| 1. 전형 일정 일정 구분 3차 1차 2차 비고 2026.4.1.(수) ~ 2026.6.15.(월) ~ 2026.7.23(목)~ 온라인지원 모집기간 4.14.(화), 6.21.(일), 7.29.(수), (applydonga.accomsystem.co.kr) 24:00까지 24:00까지 24:00까지 동아 2026.04.14(화) 예정 추후공지예정 국제교류과홈페이지공지 한국어능력평가 2026.5.15.(금) 2026.7.20.(월) 2026.8.14(금) 합격자발표 국제교류과홈페이지공지 14:00예정 14:00 예정 14:00 예정 2026.5.18.(월) 2026.7.21.(화) 2026.8.19.(화) 등록금납부 ~ 5.20.(수) ~ 7.23.(목) ~ 8.20.(수) 합격자별도안내 09:00 ~ 16:00 09:00 ~ 16:00 09:00 ~ 16:00 ※ 3차지원은국내체류자만가능함 ※ 전형일정은사정에따라변동될수있음 ※ 변동사항발생시국제교류과홈페이지공지예정(https://global.donga.ac.kr) 2. 지원 절차 온라인지원: applydonga.accomsystem.co.kr 접속 ↓ 회원가입후동아대학교‘신입학’, ‘편입학’중해당되는과정을클릭 ↓ 유의사항숙지후입학원서작성(필수제출서류전체온라인첨부) ↓ 입학원서최종제출및전형료결제* 전형료결제완료되어야접수완료 ↓ 제출서류적격여부심사 ↓ 서류심사 ↓ 합격자발표 ↓ 등록금납부 ↓ 표준입학허가서발급(학교) 및비자신청(지원자) *등록금납부자및원본서류제출자에한해비자서류를발급함 ↓ 입국및오리엔테이션 - 1 - |\n| 구분 | 일정 |  | 3차 비고 |  |  |\n|  | 1차 | 2차 |  |  |  |', '1. 전형 일정\n일정\n구분\n3차\n1차 2차 비고\n2026.4.1.(수) ~ 2026.6.15.(월) ~ 2026.7.23(목)~ 온라인지원\n모집기간 4.14.(화), 6.21.(일), 7.29.(수),\n(applydonga.accomsystem.co.kr)\n24:00까지 24:00까지 24:00까지\n동아\n2026.04.14(화) 예정 추후공지예정 국제교류과홈페이지공지\n한국어능력평가\n2026.5.15.(금) 2026.7.20.(월) 2026.8.14(금)\n합격자발표 국제교류과홈페이지공지\n14:00예정 14:00 예정 14:00 예정\n2026.5.18.(월) 2026.7.21.(화) 2026.8.19.(화)\n등록금납부 ~ 5.20.(수) ~ 7.23.(목) ~ 8.20.(수) 합격자별도안내\n09:00 ~ 16:00 09:00 ~ 16:00 09:00 ~ 16:00\n※ 3차지원은국내체류자만가능함\n※ 전형일정은사정에따라변동될수있음\n※ 변동사항발생시국제교류과홈페이지공지예정(https://global.donga.ac.kr)\n2. 지원 절차\n온라인지원: applydonga.accomsystem.co.kr 접속\n↓\n회원가입후동아대학교‘신입학’, ‘편입학’중해당되는과정을클릭\n↓\n유의사항숙지후입학원서작성(필수제출서류전체온라인첨부)\n↓\n입학원서최종제출및전형료결제* 전형료결제완료되어야접수완료\n↓\n제출서류적격여부심사\n↓\n서류심사\n↓\n합격자발표\n↓\n등록금납부\n↓\n표준입학허가서발급(학교) 및비자신청(지원자)\n*등록금납부자및원본서류제출자에한해비자서류를발급함\n↓\n입국및오리엔테이션\n- 1 -', '| 구분 | 일정 |  | 3차 비고 |  |  |\n|  | 1차 | 2차 |  |  |  |\n| 모집기간 | 2026.4.1.(수) ~ 4.14.(화), 24:00까지 | 2026.6.15.(월) ~ 6.21.(일), 24:00까지 | 2026.7.23(목)~ 7.29.(수), 24:00까지 | (app | 온라인지원 lydonga.accomsystem.co.kr) |\n| 동아 한국어능력평가 | 2026.04.14(화) 예정 | 추후공지예정 |  |  | 국제교류과홈페이지공지 |\n| 합격자발표 | 2026.5.15.(금) 14:00예정 | 2026.7.20.(월) 14:00 예정 | 2026.8.14(금) 14:00 예정 |  | 국제교류과홈페이지공지 |\n| 등록금납부 | 2026.5.18.(월) ~ 5.20.(수) 09:00 ~ 16:00 | 2026.7.21.(화) ~ 7.23.(목) 09:00 ~ 16:00 | 2026.8.19.(화) ~ 8.20.(수) 09:00 ~ 16:00 |  | 합격자별도안내 |', '| Process | Dates |  | Remarks |\n|  | 1stRound | 2ndRound |  |\n| Online Application | 2026.4.1.(Wed) ~ 4.14.(Tue) | 2026.6.15.(Mon) ~ 6.21.(Sun) | Online Application (applydonga.accomsystem.co.kr) |\n| Document Screening | 2026.5.4.(Mon) (Scheduled) | 2026.7.7.(Tue) (Scheduled) | Interview details will be announced on the Office of International Affairs website on: -1st: 2026.5.4.(Mon) -2nd: 2026.7.7.(Tue) |\n| Interview | 2026.5.6.(Wed)~5.8.(Fri) (Scheduled) | 2026.7.8.(Wed) ~ 7.10.(Fri) (Scheduled) |  |\n| Notificationof Admission | 2026.5.15.(Fri) 14:00 (Scheduled) | 2026.7.20.(Wed) 14:00 (Scheduled) | To be announced on the Office of International Affairs website |\n| Tuition Payment | 2026.5.18.(Mon) ~ 5.20.(Wed) 9:00 ~ 16:00 | 2026.7.21.(Tue) ~ 7.23.(Thu) 9:00 ~ 16:00 |  |', '| 1. Admission Schedule Dates Process Remarks 1stRound 2ndRound Online Online Application 2026.4.1.(Wed) ~ 4.14.(Tue) 2026.6.15.(Mon) ~ 6.21.(Sun) Application (applydonga.accomsystem.co.kr) Interview details will be Document 2026.5.4.(Mon) 2026.7.7.(Tue) announced on the Office of Screening (Scheduled) (Scheduled) International Affairs website on: 2026.5.6.(Wed)~5.8.(Fri) 2026.7.8.(Wed) ~ 7.10.(Fri) Interview -1st: 2026.5.4.(Mon) (Scheduled) (Scheduled) -2nd: 2026.7.7.(Tue) To be announced on the Notificationof 2026.5.15.(Fri) 14:00 2026.7.20.(Wed) 14:00 Office of International Admission (Scheduled) (Scheduled) Affairs website 2026.5.18.(Mon) ~ 5.20.(Wed) 2026.7.21.(Tue) ~ 7.23.(Thu) Tuition Payment 9:00 ~ 16:00 9:00 ~ 16:00 ※The above information is subject to change. ※Any changes will be announced on the Office of International Affairs website. ※Website: http://global.donga.ac.kr/dongaoia 2. Admission Process Register Online Application at (applydonga.accomsystem.co.kr) ↓', '1. Admission Schedule\nDates\nProcess Remarks\n1stRound 2ndRound\nOnline Online Application\n2026.4.1.(Wed) ~ 4.14.(Tue) 2026.6.15.(Mon) ~ 6.21.(Sun)\nApplication (applydonga.accomsystem.co.kr)\nInterview details will be\nDocument 2026.5.4.(Mon) 2026.7.7.(Tue)\nannounced on the Office of\nScreening (Scheduled) (Scheduled)\nInternational Affairs\nwebsite on:\n2026.5.6.(Wed)~5.8.(Fri) 2026.7.8.(Wed) ~ 7.10.(Fri)\nInterview -1st: 2026.5.4.(Mon)\n(Scheduled) (Scheduled)\n-2nd: 2026.7.7.(Tue)\nTo be announced on the\nNotificationof 2026.5.15.(Fri) 14:00 2026.7.20.(Wed) 14:00\nOffice of International\nAdmission (Scheduled) (Scheduled)\nAffairs website\n2026.5.18.(Mon) ~ 5.20.(Wed) 2026.7.21.(Tue) ~ 7.23.(Thu)\nTuition Payment\n9:00 ~ 16:00 9:00 ~ 16:00\n※The above information is subject to change.\n※Any changes will be announced on the Office of International Affairs website.\n※Website: http://global.donga.ac.kr/dongaoia\n2. Admission Process\nRegister Online Application at (applydonga.accomsystem.co.kr)\n↓', '| [Must Read] Important Notes 1. The applicant’s English name, date of birth in the application form should match with what is written on the applicant’s passport. Example: Hong Gilsoon 2. It is not allowed to change department or major after admission application. 3. All submitted documents can not be returned. So if it is hard to re-issue the original document, do not submit the original copy, but submit a notarization or verification of the original. 4. You have to prepare the visa issuance’ documents for Korea embassy apart from the admission documents in advance. 5. If all application documents won’t be attached within the deadline or the documents are insufficient online, the applicants will be disqualified without notice. Accidents or unexpected events occurring throughout the delivery process do not constitute reasons for deadline extension. 6. Applicant should write their personal information accurately and all notifications will be updated on the website of International']","The online application period for international students is as follows:

- 1st Round: 2026.4.1.(수) ~ 2026.4.14.(화), 24:00까지
- 2nd Round: 2026.6.15.(월) ~ 2026.6.21.(일), 24:00까지
- 3rd Round: 2026.7.23(목) ~ 2026.7.29.(수), 24:00까지

Applications can be submitted online at applydonga.accomsystem.co.kr.",2026년 4월 1일(수)부터 4월 14일(화)까지입니다.,1.0,0.8648811218656945,0.9999999999833333,1.0
What financial documents are required when applying for a study abroad visa?,"[""❑ 비자 종류별 정보 / Visa type Information\nD-2-5 Research Study 91일이상, 단수입국(인도인만복수)\nOver 91 days, Single entry\nD-2-5 연구유학\n(Only Indian national Multiple entry)\n➢ 비자+ 서비스수수료/ Visa + Service fee\nVisa Fee (Mandatory) Please check your visa fee HERE in EURO\nService Fee (Mandatory) 60.00 EURO\nCourier Return service (Optional) 15.00 EURO\n➢ 필수제출서류/ Mandatory document to be submitted\n1 VisaApplicationForm(Formno.17)/ 사증발급신청서(제17호서식)e-signature not permitted/전자서명불가\nPassport with at least 6 months remainder validity\n2\n여권유효기간이최소6개월이상남아있는여권\nOne3.5X4.5cmpicturetakeninthepast6months. Please glue the photo on the Application Form.\n3\n최근6개월이내촬영한3.5X4.5cm사진. 사증발급신청서사진란에풀로부착.\nCertificate of Master or Doctoral's degree* + Apostilled(original)\n4\n신청인의석/박사졸업증(아포스티유(원본)필요)\nBusiness registration of the university in Korea issued within 3 months\n5\n한국대학교의사업자등록증명원명원(발급3개월이내)\nFinancial proof\n재정증명\n- Applicant’s Bank Statement (650EUR * 00months) issued within 2weeks.\n신청인은행계좌내역"", '| 1 1 | Financial proof (670EURO * 00Months) - Your bank statement issued within 1 month (Original needed). - If you submit parents’ bank statement, please submit your birth or family certification. (Please translate the document if it is not written in English or Korean. And submit a translate verification.) |\n| 1 2 | A visa request letter(reference letter) issued by the Principal of home country university. (Submission of the Incomplete document form is not acceptable) - The principal’s stamp or signature must be included. |\n| 1 3 | Document proving that you are an exchange student. (Submission of the Incomplete document form is not acceptable) 1) Exchange student agreement between the two universities. OR 2) Letter of Acceptance - The exchange program title and name of the home country university and the inviting university in Korea must be included. |', '| 5 | Business registration of the university in Korea issued within 3 months 한국대학교의사업자등록증명원명원(발급3개월이내) |\n| 6 | Financial proof 재정증명 - Applicant’s Bank Statement (650EUR * 00months) issued within 2weeks. 신청인은행계좌내역 - or Confirmation of research allowance: If your research allowance is above 650 EUR per month, you need to apply for another visa type. 또는연구수당지급확인서(연구수당이월60-70만원상회시, 다른비자타입을신청하여야함) - or Guarantee from a Korean university 또는신원보증서 |\n| 7 | Confirmation of Foreign Research Student stamped by head of university *STAMP IS NEEDED 외국인연구생확인서(대학총장직인날인반드시필요) |\n| 8 | Proof of Payment Receipt / 송금내역서 |\n| 9 | KVAC Waiver Courier / 우편접수시책임면책서 Please clearly write down the address where you wish to have your passport sent back including C/O. 반드시여권을돌려받아야하는주소를정확하게기재해주시기바랍니다. (우편함이름까지기재) |', 'Documents proving you have attended university for more than one semester\n- Original and Apostille document should be submitted\n1 *If your country of origin is not among the Apostille Convention countries, please visit the Embassy of your country of origin located in the\n0 country where you are studying/have studied\n*If you have graduated from a Dutch university, you have the option to have your documents apostilled through the official Dutch Apostille\norganization.\nFinancial proof (670EURO * 00Months)\n1 - Your bank statement issued within 1 month (Original needed).\n1 - If you submit parents’ bank statement, please submit your birth or family certification. (Please translate the document if it is not written\nin English or Korean. And submit a translate verification.)\nA visa request letter(reference letter) issued by the Principal of home country university. (Submission of the Incomplete document form is\n1\nnot acceptable)\n2\n- The principal’s stamp or signature must be included.', '❑ 비자 종류별 정보 / Visa type Information\nD-2-1 ~ D-2-4 University Student Visa\n91일이상, 단수입국\nD-2-1 ~ D-2-4 학생 유학 비자 Over 91 days, Single entry\n➢ 비자+ 서비스수수료/ Visa + Service fee\nVisa Fee (Mandatory) Please check your visa fee HEREin EURO\nService Fee (Mandatory) 60.00 EURO\nCourier Return service (Optional) 15.00 EURO\nApplicable only to students from the countries below,\nBangladesh, Cameroon, China, Ethiopia, Egypt, Ghana, Guinea, Iran, India, Indonesia, Kazakhstan, Kyrgyzstan,\nNigeria, Nepal, Mali, Myanmar, Mongolia, Pakistan, Peru, Philippines, Sri Lanka, Thailand, Ukraine,\nUzbekistan, Uganda, and Vietnam.\n➢ 필수제출서류/ Mandatory document to be submitted\nCASE 1: If your university is on the Excellent accredited Universities list\n1 VisaApplicationForm(Formno.17)/ 사증발급신청서(제17호서식)e-signature not permitted/전자서명불가\nPassport with at least 6 months remainder validity\n2\n여권유효기간이최소6개월이상남아있는여권\nOne3.5X4.5cmpicturetakeninthepast6months. Please glue the photo on the Application Form.\n3', '❑ 비자 종류별 정보 / Visa type Information\nD-2-1 ~ D-2-4 University Student Visa 91일이상, 단수입국(독일인, 일본인만복수)\nOver 91 days, Single entry\nD-2-1 ~ D-2-4 학생 유학 비자\n(Only German, Japanese nationals Multiple entry)\n➢ 비자+ 서비스수수료/ Visa + Service fee\nVisa Fee (Mandatory) Please check your visa fee HERE in EURO\nService Fee (Mandatory) 60.00 EURO\nCourier Return service (Optional) 15.00 EURO\nStudent from the countries below, please go to page no.10\nBangladesh, Cameroon, China, Ethiopia, Egypt, Ghana, Guinea, Iran, India, Indonesia, Kazakhstan,\nKyrgyzstan, Nigeria, Nepal, Mali, Myanmar, Mongolia, Pakistan, Peru, Philippines, Sri Lanka, Thailand,\nUkraine, Uzbekistan, Uganda, and Vietnam.\n➢ 필수제출서류/ Mandatory document to be submitted\n1 VisaApplicationForm(Formno.17)/ 사증발급신청서(제17호서식)e-signature not permitted/전자서명불가\nPassport with at least 6 months remainder validity\n2\n여권유효기간이최소6개월이상남아있는여권\nOne3.5X4.5cmpicturetakeninthepast6months. Please glue the photo on the Application Form.\n3', ""| 7 | Bank Statement |  | - Refer to ‘H’ of 7. Notes for Documents Submission |\n| 8 | When the financial guarantor submits the bank Statement | Financial guarantee support | * Form 2 (Written by a guarantor) |\n|  |  | Guarantor's income certificate |  |\n|  |  | Employment certificate |  |\n| 9 | Evidential document for English proficiency test (IELTS,TOEFL iBT, New TEPS) |  | -Within Expiration date (Test taken within 2 years from the deadline of application) |\n| 10 | Copy of passport |  |  |""]","When applying for a study abroad visa, the following financial documents are required:

1. **Applicant’s Bank Statement**: 
   - For D-2-5 visa: A bank statement showing a balance of at least 650 EUR for the required number of months, issued within 2 weeks.
   - For D-2-1 to D-2-4 visas: A bank statement showing a balance of at least 670 EUR for the required number of months, issued within 1 month (original needed).

2. **If using parents’ bank statement**: 
   - You must also submit a birth or family certification. If the document is not in English or Korean, it should be translated, and a translation verification must be included.

3. **Confirmation of Research Allowance** (if applicable): 
   - If your research allowance is above 650 EUR per month, you need to apply for another visa type.

4. **Guarantee from a Korean University**: 
   - A financial guarantee document from a Korean university may also be required.

5. **Financial Guarantee Support** (if applicable): 
   - If a financial guarantor is submitting the bank statement, you may need to provide a form written by the guarantor, along with their income certificate and employment certificate.

These documents are essential to demonstrate your financial capability to support your studies abroad.","유학 비자를 신청할 때는 670유로 곱하기 00개월에 해당하는 금액이 포함된 은행 명세서를 제출해야 하며, 이 명세서는 1개월 이내에 발급된 원본이어야 합니다. 만약 부모의 은행 명세서를 제출할 경우, 출생증명서나 가족관계증명서를 함께 제출해야 합니다. 문서가 영어 또는 한국어로 작성되지 않은 경우 번역본과 번역 확인서도 제출해야 합니다.",1.0,1.0,0.9999999999857143,1.0
What are the specializations offered within the Architecture major at this university?,"['모집단위\n대학 계열 캠퍼스\n학과(부) 전공\n건축공학과\n도시공학과\n건설시스템공학과\n미래에너지공학전공\n환경·에너지공학부\n환경안전전공\n전기공학과\n공과대학 자연 승학\n전자공학과\n기계공학과\n산업경영공학과\n조선해양공학과\n화학공학과\n신소재공학과\n건축학(5년제)\n자연 건축학과1)\n실내건축디자인(4년제)\n디자인 시각미디어디자인\n예체능 승학 산업디자인학과\n환경대학 제품스페이스디자인\n패션디자인학과\n자연\n조경학과\n현대미술전공\n영상예술전공2)\n미술학과\n목조형가구전공\n도자예술전공\n예술체육대학 예체능 승학\n-클래식음악(피아노/관현악/성악)\n음악학과\n-실용음악(연주/보컬/실용작곡)\n체육학과\n태권도학과\n식품영양학과\n건강과학대학 자연 승학 의약생명공학과\n건강관리학과\n글로벌비즈니스학과\n영미학과\n국제대학 인문 부민\n중국학과\n일본학과\n컴퓨터공학과\n소프트웨어대학 자연 승학\nAI학과\n1) 건축학과는2학년부터건축학전공(5년제)과실내건축디자인전공(4년제)으로세부전공을분리함\n2) 미술학과의영상예술전공은웹툰&애니메이션에대한체계적인실무교육을통해웹툰작가및감독,\n애니메이터를육성함\n- 8 -', '모집단위\n대학 계열 캠퍼스\n학과(부) 전공\n건축공학과\n도시공학과\n건설시스템공학과\n미래에너지공학전공\n환경·에너지공학부\n환경안전전공\n전기공학과\n공과대학 자연 승학\n전자공학과\n기계공학과\n산업경영공학과\n조선해양공학과\n화학공학과\n신소재공학과\n건축학(5년제)\n자연 건축학과1)\n실내건축디자인(4년제)\n디자인 시각미디어디자인\n예체능 승학 산업디자인학과\n환경대학 제품스페이스디자인\n패션디자인학과\n자연\n조경학과\n현대미술전공\n영상예술전공2)\n미술학과\n목조형가구전공\n도자예술전공\n예술체육대학 예체능 승학\n-클래식음악(피아노/관현악/성악)\n음악학과\n-실용음악(연주/보컬/실용작곡)\n체육학과\n태권도학과\n식품영양학과\n건강과학대학 자연 승학 의약생명공학과\n건강관리학과\n글로벌비즈니스학과\n영미학과\n국제대학 인문 부민\n중국학과\n일본학과\n컴퓨터공학과\n소프트웨어대학 자연 승학\nAI학과\n1) 건축학과는2학년부터건축학전공(5년제)과실내건축디자인전공(4년제)으로세부전공을분리함\n2) 미술학과의영상예술전공은웹툰&애니메이션에 대한체계적인실무교육을통해웹툰작가및감독,\n애니메이터를육성함\n- 6 -', '모집단위\n대학 계열 캠퍼스\n학과(부) 전공\n건축공학과\n도시공학과\n건설시스템공학과\n미래에너지공학전공\n환경·에너지공학부\n환경안전전공\n전기공학과\n공과대학 자연 승학\n전자공학과\n기계공학과\n산업경영공학과\n조선해양공학과\n화학공학과\n신소재공학과\n건축학(5년제)\n자연 건축학과1)\n실내건축디자인(4년제)\n디자인 시각미디어디자인\n예체능 승학 산업디자인학과\n환경대학 제품스페이스디자인\n패션디자인학과\n자연\n조경학과\n현대미술전공\n영상예술전공2)\n미술학과\n목조형가구전공\n도자예술전공\n예술체육대학 예체능 승학\n클래식음악(피아노/관현악/성악),\n음악학과\n실용음악(기악/실용작곡/보컬)\n체육학과\n태권도학과\n식품영양학과\n건강과학대학 자연 승학 의약생명공학과\n건강관리학과\n글로벌비즈니스학과\n영미학과\n국제대학 인문 부민\n중국학과\n일본학과\n컴퓨터공학과\n소프트웨어대학 자연 승학\nAI학과\n1) 건축학과는2학년부터건축학전공(5년제)과실내건축디자인전공(4년제)으로세부전공을분리함\n2) 미술학과의영상예술전공은웹툰&애니메이션에 대한체계적인실무교육을통해웹툰작가및감독,\n애니메이터를육성함\n- 4 -', '[Tables]\n|  |\n| 모집단위 대학 계열 캠퍼스 학과(부) 전공 건축공학과 도시공학과 건설시스템공학과 미래에너지공학전공 환경·에너지공학부 환경안전전공 전기공학과 공과대학 자연 승학 전자공학과 기계공학과 산업경영공학과 조선해양공학과 화학공학과 신소재공학과 건축학(5년제) 자연 건축학과1) 실내건축디자인(4년제) 디자인 시각미디어디자인 예체능 승학 산업디자인학과 환경대학 제품스페이스디자인 패션디자인학과 자연 조경학과 현대미술전공 영상예술전공2) 미술학과 목조형가구전공 도자예술전공 예술체육대학 예체능 승학 클래식음악(피아노/관현악/성악), 음악학과 실용음악(기악/실용작곡/보컬) 체육학과 태권도학과 식품영양학과 건강과학대학 자연 승학 의약생명공학과 건강관리학과 글로벌비즈니스학과 영미학과 국제대학 인문 부민 중국학과 일본학과 컴퓨터공학과 소프트웨어대학 자연 승학 AI학과 1) 건축학과는2학년부터건축학전공(5년제)과실내건축디자인전공(4년제)으로세부전공을분리함 2) 미술학과의영상예술전공은웹툰&애니메이션에 대한체계적인실무교육을통해웹툰작가및감독, 애니메이터를육성함 - 4 - |\n| 대학 | 계열 | 캠퍼스 | 모집단위 |  |\n|  |  |  | 학과(부) | 전공 |\n| 공과대학 | 자연 | 승학 | 건축공학과 |  |\n|  |  |  | 도시공학과 |  |\n|  |  |  | 건설시스템공학과 |  |\n|  |  |  | 환경·에너지공학부 | 미래에너지공학전공 |\n|  |  |  |  | 환경안전전공 |\n|  |  |  | 전기공학과 |  |\n|  |  |  | 전자공학과 |  |\n|  |  |  | 기계공학과 |  |\n|  |  |  | 산업경영공학과 |  |\n|  |  |  | 조선해양공학과 |  |\n|  |  |  | 화학공학과 |  |\n|  |  |  | 신소재공학과 |  |\n| 디자인 환경대학 | 자연 | 승학 | 건축학과1) | 건축학(5년제) |\n|  |  |  |  | 실내건축디자인(4년제) |', '[Tables]\n|  |\n| 모집단위 대학 계열 캠퍼스 학과(부) 전공 건축공학과 도시공학과 건설시스템공학과 미래에너지공학전공 환경·에너지공학부 환경안전전공 전기공학과 공과대학 자연 승학 전자공학과 기계공학과 산업경영공학과 조선해양공학과 화학공학과 신소재공학과 건축학(5년제) 자연 건축학과1) 실내건축디자인(4년제) 디자인 시각미디어디자인 예체능 승학 산업디자인학과 환경대학 제품스페이스디자인 패션디자인학과 자연 조경학과 현대미술전공 영상예술전공2) 미술학과 목조형가구전공 도자예술전공 예술체육대학 예체능 승학 -클래식음악(피아노/관현악/성악) 음악학과 -실용음악(연주/보컬/실용작곡) 체육학과 태권도학과 식품영양학과 건강과학대학 자연 승학 의약생명공학과 건강관리학과 글로벌비즈니스학과 영미학과 국제대학 인문 부민 중국학과 일본학과 컴퓨터공학과 소프트웨어대학 자연 승학 AI학과 1) 건축학과는2학년부터건축학전공(5년제)과실내건축디자인전공(4년제)으로세부전공을분리함 2) 미술학과의영상예술전공은웹툰&애니메이션에대한체계적인실무교육을통해웹툰작가및감독, 애니메이터를육성함 - 8 - |\n| 대학 | 계열 | 캠퍼스 | 모집단위 |  |\n|  |  |  | 학과(부) | 전공 |\n| 공과대학 | 자연 | 승학 | 건축공학과 |  |\n|  |  |  | 도시공학과 |  |\n|  |  |  | 건설시스템공학과 |  |\n|  |  |  | 환경·에너지공학부 | 미래에너지공학전공 |\n|  |  |  |  | 환경안전전공 |\n|  |  |  | 전기공학과 |  |\n|  |  |  | 전자공학과 |  |\n|  |  |  | 기계공학과 |  |\n|  |  |  | 산업경영공학과 |  |\n|  |  |  | 조선해양공학과 |  |\n|  |  |  | 화학공학과 |  |\n|  |  |  | 신소재공학과 |  |\n| 디자인 환경대학 | 자연 | 승학 | 건축학과1) | 건축학(5년제) |\n|  |  |  |  | 실내건축디자인(4년제) |', '[Tables]\n|  |\n| 모집단위 대학 계열 캠퍼스 학과(부) 전공 건축공학과 도시공학과 건설시스템공학과 미래에너지공학전공 환경·에너지공학부 환경안전전공 전기공학과 공과대학 자연 승학 전자공학과 기계공학과 산업경영공학과 조선해양공학과 화학공학과 신소재공학과 건축학(5년제) 자연 건축학과1) 실내건축디자인(4년제) 디자인 시각미디어디자인 예체능 승학 산업디자인학과 환경대학 제품스페이스디자인 패션디자인학과 자연 조경학과 현대미술전공 영상예술전공2) 미술학과 목조형가구전공 도자예술전공 예술체육대학 예체능 승학 -클래식음악(피아노/관현악/성악) 음악학과 -실용음악(연주/보컬/실용작곡) 체육학과 태권도학과 식품영양학과 건강과학대학 자연 승학 의약생명공학과 건강관리학과 글로벌비즈니스학과 영미학과 국제대학 인문 부민 중국학과 일본학과 컴퓨터공학과 소프트웨어대학 자연 승학 AI학과 1) 건축학과는2학년부터건축학전공(5년제)과실내건축디자인전공(4년제)으로세부전공을분리함 2) 미술학과의영상예술전공은웹툰&애니메이션에 대한체계적인실무교육을통해웹툰작가및감독, 애니메이터를육성함 - 6 - |\n| 대학 | 계열 | 캠퍼스 | 모집단위 |  |\n|  |  |  | 학과(부) | 전공 |\n| 공과대학 | 자연 | 승학 | 건축공학과 |  |\n|  |  |  | 도시공학과 |  |\n|  |  |  | 건설시스템공학과 |  |\n|  |  |  | 환경·에너지공학부 | 미래에너지공학전공 |\n|  |  |  |  | 환경안전전공 |\n|  |  |  | 전기공학과 |  |\n|  |  |  | 전자공학과 |  |\n|  |  |  | 기계공학과 |  |\n|  |  |  | 산업경영공학과 |  |\n|  |  |  | 조선해양공학과 |  |\n|  |  |  | 화학공학과 |  |\n|  |  |  | 신소재공학과 |  |\n| 디자인 환경대학 | 자연 | 승학 | 건축학과1) | 건축학(5년제) |\n|  |  |  |  | 실내건축디자인(4년제) |', '|  |  |  | 기계공학과 |  |\n|  |  |  | 산업경영공학과 |  |\n|  |  |  | 조선해양공학과 |  |\n|  |  |  | 화학공학과 |  |\n|  |  |  | 신소재공학과 |  |\n| 디자인 환경대학 | 자연 | 승학 | 건축학과1) | 건축학(5년제) |\n|  |  |  |  | 실내건축디자인(4년제) |\n|  | 예체능 |  | 산업디자인학과 | 시각미디어디자인 |\n|  |  |  |  | 제품스페이스디자인 |\n|  | 자연 |  | 패션디자인학과 |  |\n|  |  |  | 조경학과 |  |\n| 예술체육대학 | 예체능 | 승학 | 미술학과 | 현대미술전공 |\n|  |  |  |  | 영상예술전공2) |\n|  |  |  |  | 목조형가구전공 |\n|  |  |  |  | 도자예술전공 |\n|  |  |  | 음악학과 | 클래식음악(피아노/관현악/성악), 실용음악(기악/실용작곡/보컬) |\n|  |  |  | 체육학과 |  |\n|  |  |  | 태권도학과 |  |\n| 건강과학대학 | 자연 | 승학 | 식품영양학과 |  |\n|  |  |  | 의약생명공학과 |  |\n|  |  |  | 건강관리학과 |  |\n| 국제대학 | 인문 | 부민 | 글로벌비즈니스학과 |  |\n|  |  |  | 영미학과 |  |\n|  |  |  | 중국학과 |  |\n|  |  |  | 일본학과 |  |\n| 소프트웨어대학 | 자연 | 승학 | 컴퓨터공학과 |  |\n|  |  |  | AI학과 |  |']","The Architecture major at this university offers the following specializations:

1. **Architecture (5-year program)** - This is the main architecture program.
2. **Interior Architecture Design (4-year program)** - This specialization focuses on interior design aspects within architecture.

Additionally, it is noted that students in the Architecture department will separate into these specific majors starting from their second year.",건축학과는 2학년부터 건축학전공(5년제)과 실내건축디자인전공(4년제)으로 세부 전공을 분리합니다.,0.3333333333333333,0.9738114542609656,0.9999999999857143,1.0
What documents are required for the international student admission process at Dong-A University?,"[""8. Notes after Admission\nA. All required documents must be submitted in original to the office of International Affairs,\nDong-AUniversitywithinthedesignatedperiod\n-1stRound:By2026.5.22.(Fri)\n-2ndRound:By2026.7.27.(Mon)\n※ Those who do not submit hard copies within the designated period will be disqualified and\nadmissionwillbecancelled.\nB.Placeofsubmission:Dong-AUniversity,Officeof InternationalAffairs(bypostorinperson)\nKorean English\n(49236) Office of International Affairs,\n우) 49236 부산광역시서구구덕로225\nB03-0202, BuminCampus, Dong-A University,\n동아대학교, 부민캠퍼스,B03-0202,국제교류과\n225 Gudeok-ro, Seo-gu, Busan, Korea\n전화)051-200-6444\n☎82-51-200-6444\n9. Important Notes\nA. Applicants should read this guidelines carefully and follow the procedure made by Dong-A\nUniversity.Whenapplicantsdonotcomplywiththeuniversity'sprescribedprocessandrules,or\nrequired documents are not completely submitted, the applicants will be disqualified. The"", ""| 8. Notes after Admission A. All required documents must be submitted in original to the office of International Affairs, Dong-AUniversitywithinthedesignatedperiod -1stRound:By2026.5.22.(Fri) -2ndRound:By2026.7.27.(Mon) ※ Those who do not submit hard copies within the designated period will be disqualified and admissionwillbecancelled. B.Placeofsubmission:Dong-AUniversity,Officeof InternationalAffairs(bypostorinperson) Korean English (49236) Office of International Affairs, 우) 49236 부산광역시서구구덕로225 B03-0202, BuminCampus, Dong-A University, 동아대학교, 부민캠퍼스,B03-0202,국제교류과 225 Gudeok-ro, Seo-gu, Busan, Korea 전화)051-200-6444 ☎82-51-200-6444 9. Important Notes A. Applicants should read this guidelines carefully and follow the procedure made by Dong-A University.Whenapplicantsdonotcomplywiththeuniversity'sprescribedprocessandrules,or required documents are not completely submitted, the applicants will be disqualified. The applicants are responsible for disadvantages (cancellation of"", 'will be announced on the Office of International Affairs website. ※Website: http://global.donga.ac.kr/dongaoia 2. Admission Process Register Online Application at (applydonga.accomsystem.co.kr) ↓ Log-in(signup)and Choose your Undergraduate course ‘New’ ↓ Fill out the online application form andattachall required documents online ↓ Application Submission and Application fee payment * Application is complete after thepayment ↓ Document Screening (Based on submitted document at online) ↓ Interview by the department ↓ Admission Result Notification ↓ Tuition fee payment ↓ Issuance of Certificate of Admission(University) and Visa Application(Applicants) *Universityonly issue visa documents for whom submitted required documents in original and paid tuition fee ↓ Course Registration and Preparation for Entering Korea - 1 - |', 'Before the beginning of the class Full refund\n3 Procdeures\nBefore 1/3 of the total class hours have been taken 2/3 of total tuition\nOther\nAfter 1/3 of the total class hours have been taken 1/2 of total tution Application Procedure\nAfter 1/2 of the total class hours have been taken No refund\nScreening, Issuing of\nSubmit the Visa application\nInterview, notice admission Opening of\n* Required Documents: Refund request form, a copy of bankbook, a certificate of admission (if visa has not yet been obtained) required Payment (Korean Entry\nof admissions, letter and other classes\ndocument embassy)\n* Further process will be under the rules and regulations of Language Education Center. issuing of invoice documents\nStudent → University →\nStudent University Student Student Student\nUniversity Student\n2026-2027 Korean Language Course Dong-A University', '- Apply for two semesters: The United States, East Asia, China, France and Australia A. Common Documents (Required for both visa holders and non-holders)\n- Apply for four semesters: Russia, Southeast Asia, and Central Asia\nDocuments Note\n* Screening fee must be paid together with the application\nA completed application form Download at http://global.donga.ac.kr\n* Textbook fee (50,000 KRW) to be paid separately (more information will be available after admission).\nA copy of the student’s certificate of graduation Need to verify education\nA copy of passport and alien registration card Alien registration card is required only for visa holders\n2 photos (3cmX4cm) – visa holders\n2 Payment Method Background color must be white\n5 photos (3cmX4cm) – non-holders\nRemit the tuition fee with the applicant’s name or passport number (Invoice and information package will be delivered after the screening) Screening fee 50,000KRW Non-refundable', '| No. | Documents |  | Note |\n| 1 | Application Form |  | -Onlineapplication at (applydonga.accomsystem.co.kr) |\n| 2 | Letter of EducationInquiryConsent |  | *Form1 |\n| 3 | Certificate of (Expected) High school graduation |  | -Refer to ‘E’ of 7. Notes for Documents Submission -Verification(Apostille or Korea Consul)isrequired |\n| 4 | High school official academic transcript |  | -Refer to ‘F’ of 7. Notes for Documents Submission -Verification(Apostille or Korea Consul)isrequired |\n| 5 | Certificate of verification of the relationship between the parents and applicant |  | -Refer to ‘G’ of 7. Notes for Documents Submission |\n| 6 | Copy of identification card for both parents and applicant |  | -Submitapplicant and both parents identification documents -Passportor home country identification card which can confirm the foreign nationality |\n| 7 | Bank Statement |  | - Refer to ‘H’ of 7. Notes for Documents Submission |', ""5. Required Documents\nA. Required documents of submission\nNo. Documents Note\n1 Application Form -Onlineapplication at (applydonga.accomsystem.co.kr)\n2 Letter of EducationInquiryConsent *Form1\nCertificate of (Expected) High school -Refer to ‘E’ of 7. Notes for Documents Submission\n3\ngraduation -Verification(Apostille or Korea Consul)isrequired\n-Refer to ‘F’ of 7. Notes for Documents Submission\n4 High school official academic transcript\n-Verification(Apostille or Korea Consul)isrequired\nCertificate of verification\n5 of the relationship between the parents and -Refer to ‘G’ of 7. Notes for Documents Submission\napplicant\n-Submitapplicant and both parents identification documents\nCopy of identification card\n6 -Passportor home country identification card which can\nfor both parents and applicant\nconfirm the foreign nationality\n7 Bank Statement - Refer to ‘H’ of 7. Notes for Documents Submission\nFinancial guarantee\n* Form 2 (Written by a guarantor)\nsupport\nWhen the financial\nGuarantor's income""]","The required documents for the international student admission process at Dong-A University are as follows:

1. **Application Form**: Complete the online application at (applydonga.accomsystem.co.kr).
2. **Letter of Education Inquiry Consent**: Use *Form 1.
3. **Certificate of (Expected) High School Graduation**: Verification (Apostille or Korea Consul) is required.
4. **High School Official Academic Transcript**: Verification (Apostille or Korea Consul) is required.
5. **Certificate of Verification of the Relationship Between the Parents and Applicant**: Refer to the guidelines for submission.
6. **Copy of Identification Card for Both Parents and Applicant**: This includes a passport or home country identification card that confirms foreign nationality.
7. **Bank Statement**: Refer to the guidelines for submission.
8. **Financial Guarantee**: Written by a guarantor (Form 2), including the guarantor's income.

Make sure to follow the specific guidelines for verification and submission as outlined in the admission process.",유학생 입학 과정에서 필요한 서류는 온라인 지원서와 함께 제출해야 하는 모든 필수 문서입니다. 구체적인 서류 목록은 대학의 공식 웹사이트에서 확인할 수 있습니다.,1.0,0.9906849635880374,0.49285714284482146,1.0
