user_input,retrieved_contexts,response,reference,context_precision,context_recall
Sinh viên quốc tế nhận học bổng GKS cần thực hiện quy trình nào để thay đổi ngành học?,"['suitability, or to redesign career path, etc., The recipient must change their\ndepartment based on the regulations of the university and obtain approval from\nthe president of the university. However, A GKS recipient selected for a specialized\nprogram(R&D, UIC, etc.) may only change majors within the department that aligns\nwith the purpose of the program.\n② A GKS recipient in a degree program may transfer to an integrated program\naccording to the university’s regulations, as outlined in the following provisions.\nHowever, the scholarship period will not be extended. If the recipient transfers to\nan integrated program, Articles 17 and 22(7) shall apply to the new period of the\nintegrated program, as approved by the university president.\n1. From Undergraduate degree program to Combined Undergraduate degree', ""program and Master’s degree program\n2. From a Master’s degree program to a Combined Master’s and Doctoral Degree\nProgram\n② The president of the university must notify the NIIED president of any changes in\nthe GKS recipient's degree program, or department (field of study) within one (1)\nmonth of the change.\n③ GKS recipient in the Korean language program may undergo the procedures for\nchanging their department (or major) as specified in Paragraphs 1 and 2 after\nproceeding to a degree program.\nArticle 9 (Enrollment) A GKS recipient is required to complete enrollment procedures\nwithin the registration period set by the University.\nArticle 10 (Study obligation) A GKS recipient must diligently attend classes according\nto the policies and regulations established by the Institution.\nArticle 11 (Scholastic Performance Report) ①The president of the institution is\nresponsible for reporting updates on the academic status of GKS recipients to the"", 'recipient must submit an absence report with supporting documents such as a medical\ncertificate and may provide them afterward only in unavoidable circumstances.\nArticle 6 (Degree Program Admission) ① A GKS recipient must gain admission to a\ndegree program in accordance with the regulations established by the NIIED president.\n② The president of the institution must report the results of the GKS recipients\nadmission to the NIIED president.\nArticle 7 (Change of the university) A GKS recipient is prohibited from transferring to\nanother university after final approval has been granted by the NIIED president.\nArticle 8 (Change of Department, etc.) ① A GKS recipient may change their\ndepartment in cases such as the abolition of a department, to match major\nsuitability, or to redesign career path, etc., The recipient must change their\ndepartment based on the regulations of the university and obtain approval from']","Sinh viên quốc tế nhận học bổng GKS cần thực hiện các bước sau để thay đổi ngành học:

1. **Xác định lý do thay đổi**: Sinh viên có thể thay đổi ngành học trong các trường hợp như sự bãi bỏ ngành học, phù hợp với chuyên môn, hoặc để thiết kế lại lộ trình nghề nghiệp.

2. **Tuân thủ quy định của trường**: Sinh viên phải thay đổi ngành học theo quy định của trường đại học mà họ đang theo học.

3. **Xin phê duyệt**: Sinh viên cần phải có sự chấp thuận từ hiệu trưởng của trường đại học.

4. **Thông báo cho NIIED**: Hiệu trưởng của trường phải thông báo cho hiệu trưởng NIIED về bất kỳ thay đổi nào trong ngành học hoặc chương trình học của sinh viên trong vòng một tháng kể từ khi có sự thay đổi.

Ngoài ra, nếu sinh viên đang theo học chương trình ngôn ngữ Hàn Quốc, họ có thể thực hiện quy trình thay đổi ngành học sau khi chuyển sang chương trình cấp bằng.",GKS 장학금을 받는 유학생은 학과를 변경하려면 해당 대학의 규정에 따라 절차를 진행하고 승인을 받아야 합니다.,0.9999999999666667,1.0
Những trường hợp nào mà người nhận GKS có thể nhận được cảnh báo?,"['Article 18 (Warnings) The NIIED president will issue a warning to the GKS recipient\nfor the following violations:\n1. Unexcused absence for three (3) consecutive days or a total of five (5) days in a\nmonth during the Korean language program. In such cases, detailed attendance\ncriteria (including standards for lateness, early departure, and conversion of\nattendance records into absences) may be applied in accordance with the\ninternal regulations of the Korean language institution.\n2. Failure to achieve the required grades by semester, (70/100) for associate and\nundergraduate programs, (80/100) for master’s and doctoral programs;\n3. Temporary departure without permission or failure to re-enter Korea within the\npermitted period; However, the GKS recipient may be excused for exceeding the\ntemporary departure length due to unavoidable circumstances;\n4. Violation of the permitted scope of part-time employment as stipulated in Article\n24, Paragraph 2;', '5. The exception under Subparagraph 4 shall not apply to GKS recipients who have\nreceived two (2) academic warnings.\n③ A GKS recipient in a degree program may engage in full-time employment if the\nrecipient has satisfied the graduation requirements established by the university or\nif the recipient may maintain student status at the university after commencing\nemployment.\n④ A GKS recipient who engages in employment pursuant to Paragraph 3 and\ncontinues academic studies while maintaining student status at the university may\nretain GKS recipient status. The payment of scholarships shall be determined upon\ncomprehensive consideration of academic fulfillment, academic performance, and\nthe opinion of the university.', 'NIIED president may acknowledge reasons beyond the control of the GKS recipient\nand support their return to their home country.\n⑦ Return airfare will not be provided if:\n1. A GKS recipient fails to submit a study completion report;\n2. A GKS recipient does not obtain a degree during the scholarship period;\n3. A GKS recipient remains in Korea after the scholarship period ends;\n⑧ If a GKS recipient who starts with the degree program withdraws within three(3)\nmonths after the initial start, a full or partial refund of the scholarship will be\nrequired. For those who start with Korean language program, the refund will be\nrequired in case of withdrawal within three (3) months after admission. However,\nthe NIIED president retains the authority to recognize unavoidable circumstances\nsuch as natural disasters, summons from their home country, or serious personal\nillness and may grant exceptions regarding the scholarship refund.']","Người nhận GKS có thể nhận được cảnh báo trong các trường hợp sau:

1. Vắng mặt không có lý do trong ba (3) ngày liên tiếp hoặc tổng cộng năm (5) ngày trong một tháng trong chương trình học tiếng Hàn.
2. Không đạt được điểm yêu cầu theo từng học kỳ: (70/100) cho chương trình cao đẳng và đại học, (80/100) cho chương trình thạc sĩ và tiến sĩ.
3. Rời khỏi Hàn Quốc tạm thời mà không có sự cho phép hoặc không quay lại Hàn Quốc trong thời gian cho phép.
4. Vi phạm phạm vi làm việc bán thời gian được quy định.

Ngoài ra, nếu người nhận GKS đã nhận hai (2) cảnh báo học tập, họ sẽ không được miễn trừ cho vi phạm liên quan đến việc làm bán thời gian.","GKS 수혜자는 다음과 같은 경우에 경고를 받을 수 있습니다: 1) 한국어 프로그램 중 무단 결석이 3일 연속이거나 한 달 동안 총 5일 이상인 경우, 2) 학기별 요구 학점을 달성하지 못한 경우 (전문대 및 학부 프로그램은 70/100, 석사 및 박사 프로그램은 80/100), 3) 허가 없이 임시 출국하거나 허용된 기간 내에 한국에 재입국하지 않은 경우, 4) 제24조 제2항에 명시된 파트타임 근무의 허용 범위를 위반한 경우.",0.99999999995,1.0
"Nếu không tái đăng ký sau khi hết thời gian nghỉ học, sẽ xảy ra kết quả gì?","['5. Failure to re-enroll without valid reasons after the leave of absence period;\n6. Exceeding the leave of absence period specified in Article 12, Paragrah 3;\n7. Departure to the home country or a third country for purposes such as\nacademic credit exchange with a foreign university. However, the following\ncases shall be excluded:\nA. Participation in a joint degree, etc. program operated with a foreign university;\nB. Participation in a foreign university credit exchange program operated during\nvacation periods based on the academic curriculum of the university.\n8. Exceeding the maximum permitted period for temporary departure as stipulated\nin Article 15. constitutes violation. However, if the NIIED president recognizes\nthat the violation was caused by unavoidable circumstances, an exception\nmay be granted\n9. Accumulation of three (3) or more warnings related to Article 18;\n10. Sexual offense resulting in a fine or suspension of the indictment, or any other', '3. 수학기관이 정한 등록 기간 내에 등록하지 않는 경우\n4. 수학기관이 정한 학기 시작일 이후 정당한 사유 없이 입국하지 않는 경우\n5. 휴학 기간 종료 후 정당한 사유 없이 복학원서를 제출하지 않은 경우\n6. 제12조제3항에 명시된 휴학 기간을 초과한 경우\n7. 외국대학과의 학점 교류 등의 목적으로 출신국 또는 제3국으로 출국한 경우\n다만, 다음 각 목의 어느 하나에 해당하는 경우는 제외한다.\n가. 외국대학과의 공동학위 등을 운영하는 경우\n나. 수학대학의 교육과정에 근거하여 방학 기간 중 운영되는 외국대학 학점 교류의 경우\n8. 제15조 각호의 기준에 따른 일시출국 최대허용기간을 초과한 경우. 다만, 교육원장이\n그 행위에 부득이한 사유가 있다고 인정하는 경우는 예외로 한다.\n9. 제18조에 따른 경고를 3회 이상 받은 경우\n10. 성범죄로 벌금 이상의 형 또는 기소유예 처분을 받거나, 그 외 범죄로 300만원을\n초과하는 벌금형 또는 금고 이상의 형이 확정된 경우\n11. 사망, 정신적․신체적 무능력, 연락두절, 체류기간 종료, 출국 명령 등으로 더 이상\n학업을 수행할 수 없다고 교육원장이 인정하는 경우\n12. 장학을 중도 포기한 경우\n13. 이 외에 징계위원회에서 자격상실 처분의 의결을 받은 경우\n제20조(징계) ①징계는 ‘정부초청외국인 장학생 상벌 규정’에 따라 징계위원회 의결을\n거쳐 장학금 일시정지, 자격상실 처분을 말한다.\n②교육원장은 다음 각호의 어느 하나에 해당하는 경우 징계할 수 있다.\n1. 정치활동을 하거나, 대한민국의 명예와 국익을 실추시킨 경우\n2. 절도, 폭력, 성폭행(성희롱, 성추행 포함), 폭언 등 타인에게 해를 가한 경우\n3. 법령을 위반한 경우\n4. 각종 서류가 허위로 작성되었거나 사실과 다른 것으로 드러난 경우\n5. 교육원에 서약한 사항을 위반한 경우\n6. 이 외에 장학생의 본분에 어긋난 행위를 한 경우\n③교육원장은 다음 각호에 해당하는 경우 징계위원회의 의결을 거쳐 경고 등을 조치\n- 7 -\n\n[Tables]', '학과(부) 변경 등의 절차를 거칠 수 있다.\n제9조(등록) ①장학생은 수학기관이 정한 등록기간 내에 등록하여야 한다.\n②수학기관장은 장학생이 매학기 등록 기한까지 등록을 아니한 경우 교육원장에게\n보고하여야 한다.\n제10조(수학 의무) 장학생은 수학기관의 학칙, 규정 등에 따라 성실히 수강하여야 한다.\n제11조(수학 상황 보고) ①수학기관장은 장학생의 수학 상황을 매학기 종료 후에 다음\n각호와 같이 교육원장에게 보고하여야 한다.\n1. 한국어연수과정 : 성적 및 수료 상황\n2. 학위과정 : 성적, 수료 및 학위 취득 상황\n②특화과정으로 교육원장이 인정하는 외국대학과의 공동학위 및 복수학위(이하 “공동\n학위 등”이라 한다)를 운영하는 수학대학장은 다음 각 호의 사항을 교육원장에게 보고\n하여야 한다.\n1. 매학기 종료 후에 성적, 수료 및 학위 취득 상황. 다만 외국대학에서 공동학위 등\n을 수학하는 기간의 성적은 제외\n2. 학기 개시 1개월 전에 공동학위 등을 운영하는 외국대학의 명칭, 외국대학 체류 학기\n및 체류 기간\n3. 공동학위 등 이수를 위한 출입국일. 출국일은 7일 전까지, 입국일은 7일 이내 보고\n③학위과정 장학생은 최종 수학 완료 시 수학종료보고서 등의 서류를 교육원장에게\n제출하여야 한다.\n제12조(휴학 등) ①한국어연수과정 장학생은 휴학할 수 없으며, 다만 본국의 긴급 소환,\n긴급한 가정 사정, 본인의 중대한 질병 등 부득이한 경우에 한하여 한국어 연수기관의\n규정에 따라 휴학 등을 신청하고 교육원장의 승인을 받아야 한다.\n②학기 시작 전 휴학하고자 하는 학위과정 장학생은 수학대학의 규정에 따라 휴학을\n신청하고 수학대학장의 승인을 받아야 한다.\n③학기 중간에 휴학하고자 하는 학위과정 장학생은 본국의 긴급 소환, 긴급한 가정\n- 4 -\n\n[Tables]']","Nếu không tái đăng ký sau khi hết thời gian nghỉ học mà không có lý do hợp lệ, sẽ dẫn đến việc vi phạm quy định và có thể bị xử lý theo các quy định của cơ sở giáo dục. Cụ thể, điều này có thể dẫn đến việc mất tư cách học bổng hoặc các hình thức kỷ luật khác theo quy định của tổ chức giáo dục.",유효한 사유 없이 재등록을 하지 않으면 위반으로 간주됩니다.,0.9999999999666667,1.0
Học bổng Global Korea áp dụng cho chương trình học nào?,"['universities under their respective names upon a person who has completed\nacademic programs operated separately or jointly and satisfied the degree\nrequirements of each university.\nArticle 3 (Subject of Application) Award recipients selected under the following\nScholarship Programs conducted by the National Institute for International\nEducation (""NIIED"") shall be subject to the regulations:\n1. Global Korea Scholarship (Graduate and Undergraduate degree program)', 'Regulations for Global Korea Scholarship Recipients\nAmended on March 1, 2026\nArticle 1 (Purpose) The purpose of these regulations is to establish the necessary\nprovisions to ensure a sound academic environment and promote faithful diligent\nstudy among award recipients of the Global Korea Scholarship(“GKS”) Program\n(hereinafter referred to as “GKS recipient”).\nArticle 2 (Definitions of Terms) The definitions of terms used in these regulations are as follows:\n1. GKS recipient: An international student selected for the Global Korea Scholarship\n(GKS) Program or other equivalent scholarship programs conducted by the\nNational Institute for International Education (“NIIED”).\n2. Institution: The university or Korean language institution where the GKS\nrecipient is enrolled for the purpose of pursuing academic studies or training.\n3. University: The university where the GKS recipient is enrolled in a degree\nprogram or relevant.\n4. President of the Institution: The president of the Institution.', '⑤ For the purpose of performance analysis of the Global Korea Scholarship (GKS)\nprogram and the establishment of an alumni network, the NIIED president may,\nwithin the scope permitted by relevant laws and regulations, conduct surveys on\nthe status of graduates (alumni), including career paths, employment, and country\nof residence.\n⑥ Where necessary for conducting the survey under Paragraph 5, the NIIED\npresident may request the president of the university to provide information and\nstatus data necessary for alumni surveys in accordance with relevant laws and\nregulations.\nIn such cases, the president of the university must cooperate unless there are\nspecial circumstances.\nArticle 25 (Evaluation of Management of GKS recipient) The NIIED president may\nevaluate the performance of the institution in managing GKS recipients and may\nconsider the results for selecting universities and assigning scholar quotas, etc.\nAddenda']",Học bổng Global Korea áp dụng cho chương trình học bậc đại học và sau đại học (Graduate and Undergraduate degree program).,대학원 및 학부 학위 프로그램에 적용됩니다.,0.9999999999,1.0
Sinh viên quốc tế nhận học bổng GKS khi làm thêm cần tuân thủ những tiêu chí gì?,"['3. A GKS recipient in a degree program may engage in part-time employment only\nwhere the president of the university grants approval upon determining that\nsuch employment does not significantly interfere with academic studies.\nIn making such determination, the president of the university shall\ncomprehensively consider academic achievement, attendance records, and the\nopinion of the academic advisor.\nThe scope and standards of part-time employment shall comply with the\nauthorization criteria for part-time employment of international students\nestablished by the Ministry of Justice and other relevant authorities.\nA. On-campus part-time jobs paid by the university;\nB. Research or academic activities related to the recipient’s field of study;\nC. Field training as part of a practical training semester program;\nD. Internship activities;\nE. Other activities permitted within the scope of employment authorization for\ninternational students as determined by the Ministry of Justice and other', 'Ministry of Justice and other relevant authorities and comply with the following\ncriteria:\n1. A GKS recipient must prioritize studying their major program.\n2. A GKS recipient in the Korean language program shall not engage in part-time\nemployment until completing at least six (6) months of the program. Part-time\nemployment shall be permitted only during vacation periods.\nSuch employment shall require prior approval from the president of the Korean\nlanguage institution and prior authorization from the Ministry of Justice.\nNotwithstanding the foregoing, a recipient who has obtained the TOPIK level\nrecognized by the president of the institution as necessary for advancement to a\ndegree program may engage in part-time employment during the semester. In\nsuch case, part-time employment shall not exceed twenty (20) hours per week.', 'such as natural disasters, summons from their home country, or serious personal\nillness and may grant exceptions regarding the scholarship refund.\nArticle 23 (Mutatis Mutandis) The regulations of the institution shall apply to all other\nmatters related to academic affairs not specified in these regulations.\nArticle 24 (Management and Inspection of GKS recipient) ① The NIIED president may\nconduct frequent or periodic inspections of the management status of GKS\nrecipients at the Institution, and the Institution must actively cooperate by\nsubmitting relevant management documents and related materials.\n② The president of the institution must manage part-time employment of GKS\nrecipients to ensure sound academic progress and meaningful study in Korea. A\nGKS recipient must meet the part-time employment requirements set by the\nMinistry of Justice and other relevant authorities and comply with the following\ncriteria:\n1. A GKS recipient must prioritize studying their major program.']","Sinh viên quốc tế nhận học bổng GKS khi làm thêm cần tuân thủ các tiêu chí sau:

1. **Ưu tiên học tập**: Sinh viên phải ưu tiên việc học chương trình chính của mình.
2. **Phê duyệt của hiệu trưởng**: Cần có sự phê duyệt của hiệu trưởng trường đại học, xác định rằng việc làm thêm không gây cản trở đáng kể đến việc học.
3. **Thời gian làm việc**: Sinh viên trong chương trình học tiếng Hàn không được làm thêm cho đến khi hoàn thành ít nhất sáu (6) tháng của chương trình. Việc làm thêm chỉ được phép trong các kỳ nghỉ.
4. **Giấy phép từ cơ quan chức năng**: Việc làm thêm phải có sự cho phép trước từ hiệu trưởng của cơ sở đào tạo tiếng Hàn và phải được cấp phép bởi Bộ Tư pháp.
5. **TOPIK**: Nếu sinh viên đã đạt được trình độ TOPIK mà hiệu trưởng công nhận là cần thiết để tiến lên chương trình học đại học, họ có thể làm thêm trong học kỳ, nhưng không được vượt quá hai mươi (20) giờ mỗi tuần.
6. **Tuân thủ quy định của Bộ Tư pháp**: Các hoạt động làm thêm phải tuân thủ các tiêu chí và quy định về việc làm thêm của sinh viên quốc tế do Bộ Tư pháp và các cơ quan liên quan thiết lập.

Ngoài ra, sinh viên cũng cần phải đảm bảo rằng việc làm thêm không ảnh hưởng đến tiến độ học tập và kết quả học tập của mình.","GKS 장학금을 받는 유학생은 전공 공부를 우선시해야 하며, 법무부 및 관련 당국이 정한 아르바이트 요건을 충족해야 합니다.",0.9999999999666667,1.0
Những điều chính cần kiểm tra trong Giấy chứng nhận nhập học là gì?,"['| 5 | Certificate of Admission/표준입학허가서 ❖Please make sure the following points are valid: 1) Stamp of the University is clearly visible 2) Your name, passport number, and date of birth, Nationality are correctly written on your CoA document 3) Document is issued within 3 months 4) “Signature of Student” (Only hand signature will be accepted/e-signature not permitted) *If there are inaccuracies on your CoA, kindly reach out to your university directly. Incorrect information cannot be accepted. |\n| 6 | Business registration of the university in Korea issued within 3 months 한국대학교의사업자등록증명원(발급3개월이내) |\n| 7 | Proof of Payment Receipt / 송금내역서 |\n| 8 | KVAC Waiver Courier / 우편접수시책임면책서 Please clearly write down the address where you wish to have your passport sent back including C/O. 반드시여권을돌려받아야하는주소를정확하게기재해주시기바랍니다. (우편함이름까지기재) |', '2\n여권유효기간이최소6개월이상남아있는여권\nOne3.5X4.5cmpicturetakeninthepast6months. Please glue the photo on the Application Form.\n3\n최근6개월이내촬영한3.5X4.5cm사진. 사증발급신청서사진란에풀로부착.\nCertificate of Admission/표준입학허가서\n❖Please make sure the following points are valid:\n1) Stamp of the University is clearly visible\n2) Your name, passport number, and date of birth, Nationality are correctly written on your CoA document\n3) Document is issued within 3 months\n4) “Signature of Student” (Only hand signature will be accepted/e-signature not permitted)\n4\n*If there are inaccuracies on your CoA, kindly reach out to your university directly. Incorrect information cannot be accepted.\nBusiness registration of the university in Korea issued within 3 months\n5\n한국대학교의사업자등록증명원(발급3개월이내)\n6 Proof of Payment Receipt / 송금내역서\nKVAC Waiver Courier / 우편접수시책임면책서\n7 Please clearly write down the address where you wish to have your passport sent back including C/O.\n반드시여권을돌려받아야하는주소를정확하게기재해주시기바랍니다. (우편함이름까지기재)', '[Tables]\n| Visa Fee (Mandatory) | Please check your visa fee HERE in EURO |\n| Service Fee (Mandatory) | 60.00 EURO |\n| Courier Return service (Optional) | 15.00 EURO |\n| 1 | VisaApplicationForm(Formno.17)/ 사증발급신청서(제17호서식)e-signature not permitted/전자서명불가 |\n| 2 | Passport with at least 6 months remainder validity 여권유효기간이최소6개월이상남아있는여권 |\n| 3 | One3.5X4.5cmpicturetakeninthepast6months. Please glue the photo on the Application Form. 최근6개월이내촬영한3.5X4.5cm사진. 사증발급신청서사진란에풀로부착. |\n| 4 | Certificate of Admission/표준입학허가서 ❖Please make sure the following points are valid: 1) Stamp of the University is clearly visible 2) Your name, passport number, and date of birth, Nationality are correctly written on your CoA document 3) Document is issued within 3 months 4) “Signature of Student” (Only hand signature will be accepted/e-signature not permitted) *If there are inaccuracies on your CoA, kindly reach out to your university directly. Incorrect information cannot be accepted. |']","Những điều chính cần kiểm tra trong Giấy chứng nhận nhập học (Certificate of Admission) bao gồm:

1. Dấu của trường đại học phải rõ ràng và dễ thấy.
2. Tên của bạn, số hộ chiếu, ngày sinh và quốc tịch phải được viết chính xác trên tài liệu CoA.
3. Tài liệu phải được cấp trong vòng 3 tháng.
4. ""Chữ ký của sinh viên"" (chỉ chấp nhận chữ ký tay, không chấp nhận chữ ký điện tử).

Nếu có bất kỳ thông tin nào không chính xác trên Giấy chứng nhận nhập học, bạn nên liên hệ trực tiếp với trường đại học của mình. Thông tin không chính xác sẽ không được chấp nhận.","입학허가서에서 확인해야 할 주요 사항은 다음과 같습니다: 1) 대학의 도장이 명확하게 보이는지, 2) 본인의 이름, 여권 번호, 생년월일, 국적이 정확하게 기재되어 있는지, 3) 문서가 3개월 이내에 발급되었는지, 4) 학생의 서명이 손으로 작성되었는지(전자 서명은 허용되지 않음)입니다.",0.9999999999666667,1.0
Tôi cần ghi địa chỉ như thế nào để nhận lại hộ chiếu?,"['| 9 | KVAC Waiver Courier / 우편접수시책임면책서 Please clearly write down the address where you wish to have your passport sent back including C/O. 반드시여권을돌려받아야하는주소를정확하게기재해주시기바랍니다. (우편함이름까지기재) |\n| 1 0 | KVAC Consent Form and Terms of Use / KVAC 이용약관동의서 On page 2, “I have the right to contact IOM at _____”, please write The Hague 2번째장, “I have the right to contact IOM at _____” 에는The Hague 을기재해주시기바랍니다. |', '| 6 | KVAC Waiver Courier / 우편접수시책임면책서 Please clearly write down the address where you wish to have your passport sent back including C/O. 반드시여권을돌려받아야하는주소를정확하게기재해주시기바랍니다. (우편함이름까지기재) |\n| 7 | KVAC Consent Form and Terms of Use / KVAC 이용약관동의서 On page 2, “I have the right to contact IOM at _____”, please write The Hague 2번째장, “I have the right to contact IOM at _____” 에는The Hague 을기재해주시기바랍니다. |', '| 5 | Business registration of the university in Korea issued within 3 months 한국대학교의사업자등록증명원(발급3개월이내) |\n| 6 | Proof of Payment Receipt / 송금내역서 |\n| 7 | KVAC Waiver Courier / 우편접수시책임면책서 Please clearly write down the address where you wish to have your passport sent back including C/O. 반드시여권을돌려받아야하는주소를정확하게기재해주시기바랍니다. (우편함이름까지기재) |\n| 8 | KVAC Consent Form and Terms of Use / KVAC 이용약관동의서 On page 2, “I have the right to contact IOM at _____”, please write The Hague 2번째장, “I have the right to contact IOM at _____” 에는The Hague 을기재해주시기바랍니다. |']","Bạn cần ghi rõ địa chỉ mà bạn muốn nhận lại hộ chiếu, bao gồm cả tên người nhận (C/O nếu có). Hãy chắc chắn rằng địa chỉ được ghi chính xác, bao gồm cả tên hộp thư nếu có, để đảm bảo rằng hộ chiếu sẽ được gửi đến đúng nơi.","여권을 돌려받아야 하는 주소를 정확하게 기재해야 하며, 우편함 이름까지 포함해야 합니다.",0.9999999999666667,1.0
Tôi cần nộp chứng minh tài chính cho việc du học như thế nào?,"['Documents proving you have attended university for more than one semester\n- Original and Apostille document should be submitted\n1 *If your country of origin is not among the Apostille Convention countries, please visit the Embassy of your country of origin located in the\n0 country where you are studying/have studied\n*If you have graduated from a Dutch university, you have the option to have your documents apostilled through the official Dutch Apostille\norganization.\nFinancial proof (670EURO * 00Months)\n1 - Your bank statement issued within 1 month (Original needed).\n1 - If you submit parents’ bank statement, please submit your birth or family certification. (Please translate the document if it is not written\nin English or Korean. And submit a translate verification.)\nA visa request letter(reference letter) issued by the Principal of home country university. (Submission of the Incomplete document form is\n1\nnot acceptable)\n2\n- The principal’s stamp or signature must be included.', '| 1 1 | Financial proof (670EURO * 00Months) - Your bank statement issued within 1 month (Original needed). - If you submit parents’ bank statement, please submit your birth or family certification. (Please translate the document if it is not written in English or Korean. And submit a translate verification.) |\n| 1 2 | A visa request letter(reference letter) issued by the Principal of home country university. (Submission of the Incomplete document form is not acceptable) - The principal’s stamp or signature must be included. |\n| 1 3 | Document proving that you are an exchange student. (Submission of the Incomplete document form is not acceptable) 1) Exchange student agreement between the two universities. OR 2) Letter of Acceptance - The exchange program title and name of the home country university and the inviting university in Korea must be included. |', 'confirmation letter of tuition fee, etc.\nStudents who are enrolled with an insurance from their own country should provide proof of insurance after entering\n- A graduation certificate of the most recently attended school\nKorea.\n- Proof of Financial Capability (at least USD 8,000 per year): Parents’ proof of income and certificate of employment\n- Certificate of Bank Balance (at least KRW 8,000,000) * E ffective starting from March of 2015, all international students are required to have insurances according to the\n- TB Test Certificate laws of the Korean government.\n* F rom February 2021, foreigners staying in Korea for more than 6 months are obligated to subscribe to public\nFamily Relations Proof Sample health insurance and pay insurance premiums. Please note that the exact premium and subscription details will be\nprovided after entering our university.\nChina : or notorization, Philippines: Family Census, Indonesia : KARTU KELUARGA,']","Để nộp chứng minh tài chính cho việc du học, bạn cần thực hiện các bước sau:

1. **Số tiền yêu cầu**: Bạn cần chứng minh có ít nhất 8,000 USD mỗi năm hoặc số tiền tương đương (khoảng 8,000,000 KRW).

2. **Tài liệu cần thiết**:
   - **Bảng sao kê ngân hàng**: Bạn cần nộp bảng sao kê ngân hàng gốc được phát hành trong vòng 1 tháng. Nếu bạn sử dụng bảng sao kê của cha mẹ, bạn cần nộp thêm giấy chứng nhận quan hệ gia đình (như giấy khai sinh hoặc giấy chứng nhận gia đình). Nếu tài liệu này không bằng tiếng Anh hoặc tiếng Hàn, bạn cần dịch và nộp kèm theo giấy xác nhận dịch thuật.
   - **Chứng minh thu nhập của cha mẹ**: Bạn cần nộp giấy chứng nhận việc làm và chứng minh thu nhập của cha mẹ.

3. **Thời gian**: Đảm bảo rằng tất cả các tài liệu đều được chuẩn bị và nộp đúng thời hạn theo yêu cầu của trường đại học mà bạn đang xin học.

4. **Bảo hiểm**: Nếu bạn đã có bảo hiểm từ nước của bạn, bạn cần cung cấp chứng minh bảo hiểm sau khi nhập học tại Hàn Quốc.

Hãy chắc chắn rằng tất cả các tài liệu đều chính xác và đầy đủ để tránh việc bị từ chối hồ sơ.","재정 증명으로는 670유로에 해당하는 금액이 포함된 은행 명세서를 제출해야 하며, 이 명세서는 1개월 이내에 발급된 원본이어야 합니다. 만약 부모의 은행 명세서를 제출할 경우, 출생증명서나 가족관계증명서를 함께 제출해야 하며, 해당 문서가 영어 또는 한국어로 작성되지 않은 경우 번역본과 번역 확인서를 제출해야 합니다.",0.9999999999666667,1.0
"Khi xin visa du học, cần những giấy tờ gì?","['❑ 비자 종류별 정보 / Visa type Information\nD-2-1 ~ D-2-4 University Student Visa\n91일이상, 단수입국\nD-2-1 ~ D-2-4 학생 유학 비자 Over 91 days, Single entry\n➢ 비자+ 서비스수수료/ Visa + Service fee\nVisa Fee (Mandatory) Please check your visa fee HEREin EURO\nService Fee (Mandatory) 60.00 EURO\nCourier Return service (Optional) 15.00 EURO\nApplicable only to students from the countries below,\nBangladesh, Cameroon, China, Ethiopia, Egypt, Ghana, Guinea, Iran, India, Indonesia, Kazakhstan, Kyrgyzstan,\nNigeria, Nepal, Mali, Myanmar, Mongolia, Pakistan, Peru, Philippines, Sri Lanka, Thailand, Ukraine,\nUzbekistan, Uganda, and Vietnam.\n➢ 필수제출서류/ Mandatory document to be submitted\nCASE 1: If your university is on the Excellent accredited Universities list\n1 VisaApplicationForm(Formno.17)/ 사증발급신청서(제17호서식)e-signature not permitted/전자서명불가\nPassport with at least 6 months remainder validity\n2\n여권유효기간이최소6개월이상남아있는여권\nOne3.5X4.5cmpicturetakeninthepast6months. Please glue the photo on the Application Form.\n3', '❑ 비자 종류별 정보 / Visa type Information\nD-2-1 ~ D-2-4 University Student Visa 91일이상, 단수입국(독일인, 일본인만복수)\nOver 91 days, Single entry\nD-2-1 ~ D-2-4 학생 유학 비자\n(Only German, Japanese nationals Multiple entry)\n➢ 비자+ 서비스수수료/ Visa + Service fee\nVisa Fee (Mandatory) Please check your visa fee HERE in EURO\nService Fee (Mandatory) 60.00 EURO\nCourier Return service (Optional) 15.00 EURO\nStudent from the countries below, please go to page no.10\nBangladesh, Cameroon, China, Ethiopia, Egypt, Ghana, Guinea, Iran, India, Indonesia, Kazakhstan,\nKyrgyzstan, Nigeria, Nepal, Mali, Myanmar, Mongolia, Pakistan, Peru, Philippines, Sri Lanka, Thailand,\nUkraine, Uzbekistan, Uganda, and Vietnam.\n➢ 필수제출서류/ Mandatory document to be submitted\n1 VisaApplicationForm(Formno.17)/ 사증발급신청서(제17호서식)e-signature not permitted/전자서명불가\nPassport with at least 6 months remainder validity\n2\n여권유효기간이최소6개월이상남아있는여권\nOne3.5X4.5cmpicturetakeninthepast6months. Please glue the photo on the Application Form.\n3', '❑ 비자 종류별 정보 / Visa type Information\nD-2-6 Exchange Student Visa\n91일이상, 단수입국\nD-2-6 교환학생비자 Over 91 days, Single entry\n➢ 비자+ 서비스수수료/ Visa + Service fee\nVisa Fee (Mandatory) Please check your visa fee HEREin EURO\nService Fee (Mandatory) 60.00 EURO\nCourier Return service (Optional) 15.00 EURO\nApplicable only to students from the countries below,\nBangladesh, Cameroon, China, Ethiopia, Egypt, Ghana, Guinea, Iran, India, Indonesia, Kazakhstan, Kyrgyzstan,\nNigeria, Nepal, Mali, Myanmar, Mongolia, Pakistan, Peru, Philippines, Sri Lanka, Thailand, Ukraine,\nUzbekistan, Uganda, and Vietnam.\n➢ 필수제출서류/ Mandatory document to be submitted\nCASE 1: If your university is on the Excellent accredited Universities list\n1 VisaApplicationForm(Formno.17)/ 사증발급신청서(제17호서식)e-signature not permitted/전자서명불가\nPassport with at least 6 months remainder validity\n2\n여권유효기간이최소6개월이상남아있는여권\nOne3.5X4.5cmpicturetakeninthepast6months. Please glue the photo on the Application Form.\n3\n최근6개월이내촬영한3.5X4.5cm사진. 사증발급신청서사진란에풀로부착.']","Khi xin visa du học (D-2-1 ~ D-2-4), bạn cần chuẩn bị các giấy tờ sau:

1. **Đơn xin visa (Visa Application Form - Form no. 17)**: Không được phép ký điện tử.
2. **Hộ chiếu**: Hộ chiếu phải còn hiệu lực ít nhất 6 tháng.
3. **Ảnh**: Một bức ảnh kích thước 3.5 x 4.5 cm chụp trong vòng 6 tháng gần đây. Bạn cần dán ảnh vào đơn xin visa.

Ngoài ra, bạn cũng cần lưu ý về phí visa và phí dịch vụ:

- **Phí visa**: Kiểm tra phí visa cụ thể bằng EURO.
- **Phí dịch vụ**: 60.00 EURO (bắt buộc).
- **Dịch vụ gửi trả qua bưu điện**: 15.00 EURO (tùy chọn).

Nếu bạn là sinh viên từ các quốc gia được liệt kê, hãy đảm bảo rằng bạn đã chuẩn bị đầy đủ các giấy tờ cần thiết.","유학생 비자 신청 시 필요한 서류는 다음과 같습니다: 1) 사증발급신청서(제17호서식), 2) 여권(유효기간이 최소 6개월 이상 남아 있어야 함), 3) 최근 6개월 이내 촬영한 3.5X4.5cm 사진, 4) 석사 또는 박사 졸업증명서(아포스티유 원본 필요), 5) 한국대학교의 사업자등록증명원(발급 3개월 이내)입니다.",0.9999999999666667,0.6
"Nếu visa của du học sinh bị từ chối, thì việc hoàn tiền học phí sẽ như thế nào?","['* F ees will be refunded under the conditions listed below. The dormitory fee will be prorated according to admissions date, and other\n6) School transcript (Written in Korean or English, Apostille or Korean Embassy certified)\nmiscellaneous charges will not be refunded\n* T he Immigration Center will be notified about applicants who cancel admissions after obtaining their visa, and their visa will be * All documents must be written in Korean or English. Documents in any other languages must have a notarized translation attached.\nautomatically canceled.\n* Additional documents may be requested.\n* Conditions for refund\n* As required documents may vary depending on the country of origin and visa type, prior inquiry is required\nPeriod Amount\nWhen Visa has been denied/none of the appropriate classes are available Full refund\nBefore the beginning of the class Full refund\n3 Procdeures\nBefore 1/3 of the total class hours have been taken 2/3 of total tuition\nOther', 'Before the beginning of the class Full refund\n3 Procdeures\nBefore 1/3 of the total class hours have been taken 2/3 of total tuition\nOther\nAfter 1/3 of the total class hours have been taken 1/2 of total tution Application Procedure\nAfter 1/2 of the total class hours have been taken No refund\nScreening, Issuing of\nSubmit the Visa application\nInterview, notice admission Opening of\n* Required Documents: Refund request form, a copy of bankbook, a certificate of admission (if visa has not yet been obtained) required Payment (Korean Entry\nof admissions, letter and other classes\ndocument embassy)\n* Further process will be under the rules and regulations of Language Education Center. issuing of invoice documents\nStudent → University →\nStudent University Student Student Student\nUniversity Student\n2026-2027 Korean Language Course Dong-A University', 'cases, we can cancel your acceptance or admission even after enrollment. If this casesisapplicable,youracademicrecordswillberemovedandthepaidtuitionwillnotberefunded. Also, if our university or another university cancels your admission or registration due to those reasons,youwillnotbeabletoapplytoouruniversityforthreeyearsfromthedateofcancellation. Theapplicantmayhavecivilandcriminalliabilityinthosecases. -Ifyouinterruptedfairstudentselectionbyapplyingfortheadmissionfraudulentlysuchasaproxy intervieworsupportingotherstodoso. - Before, during and after the admission procedures, if there is any problem with the documents’ authenticity,eligibility,examcheating,etc. I.MattersnotspecifiedherewillbedecidedunderthepolicyofDong-Auniversity. J.IfapplicantscannotgetaD-2visaforstudy,Dong-Auniversitycancanceltheadmission. K.Freshmencannottakealeaveofabsencebeforeorduringthefirstsemester. ※Dong-AUniversityhasarightandresponsibilityontheinternationalstudentadmissionandisnot']","Nếu visa của du học sinh bị từ chối, học phí sẽ được hoàn lại toàn bộ.","비자가 거부된 경우, 전액 환불됩니다.",0.99999999995,1.0
Hạn chót nộp đơn cho học kỳ mùa xuân năm 2026 (từ tháng 3 đến tháng 5) là khi nào?,"['[Tables]\n| Semester | Four quarters(10 weeks per quarter) | Hours |\n| Days | Mon – Fri (4 hrs per day) | Lessons |\n| Class size |  |  |\n| Tuition Fee |  |  |\n| Level and class hours |  |  |\n| Semester | Date (10 weeks) | Application Deadline | The first day of the semester |\n|  | 2026.03.03.(Tue) ~ 2026.05.08.(Fri) | 2025.12.01.(Mon)~2026.01.02.(Fri) |  |\n|  | 2026.06.01.(Mon) ~ 2026.08.07.(Fri) | 2026.02.16.(Mon)~2026.04.03.(Fri) |  |\n|  | 2026.08.31.(Mon) ~ 2026.11.06.(Fri) | 2026.05.18.(Mon)~2026.07.03.(Fri) |  |\n|  | 2026.11.30.(Mon) ~ 2027.02.05.(Fri) | 2026.08.17.(Mon)~2026.10.02.(Fri) |  |\n| Level | Course Content |\n| Semester | Date (10 weeks) | Application Deadline | The first day of the semester |\n|  | 2027.03.02.(Tue) ~ 2027.05.07.(Fri) | 2026.11.16.(Mon)~2027.01.01.(Fri) |  |\n|  | 2027.05.31.(Mon) ~ 2027.08.06.(Fri) | 2027.02.15.(Mon)~2027.04.02.(Fri) |  |\n|  | 2027.08.30.(Mon) ~ 2027.11.05.(Fri) | 2027.05.17.(Mon)~2027.07.02.(Fri) |  |', '[Tables]\n|  |\n| 1. 전형 일정 일정 구분 3차 1차 2차 비고 2026.4.1.(수) ~ 2026.6.15.(월) ~ 2026.7.23(목)~ 온라인지원 모집기간 4.14.(화), 6.21.(일), 7.29.(수), (applydonga.accomsystem.co.kr) 24:00까지 24:00까지 24:00까지 동아 2026.04.14(화) 예정 추후공지예정 국제교류과홈페이지공지 한국어능력평가 2026.5.15.(금) 2026.7.20.(월) 2026.8.14(금) 합격자발표 국제교류과홈페이지공지 14:00예정 14:00 예정 14:00 예정 2026.5.18.(월) 2026.7.21.(화) 2026.8.19.(화) 등록금납부 ~ 5.20.(수) ~ 7.23.(목) ~ 8.20.(수) 합격자별도안내 09:00 ~ 16:00 09:00 ~ 16:00 09:00 ~ 16:00 ※ 3차지원은국내체류자만가능함 ※ 전형일정은사정에따라변동될수있음 ※ 변동사항발생시국제교류과홈페이지공지예정(https://global.donga.ac.kr) 2. 지원 절차 온라인지원: applydonga.accomsystem.co.kr 접속 ↓ 회원가입후동아대학교‘신입학’, ‘편입학’중해당되는과정을클릭 ↓ 유의사항숙지후입학원서작성(필수제출서류전체온라인첨부) ↓ 입학원서최종제출및전형료결제* 전형료결제완료되어야접수완료 ↓ 제출서류적격여부심사 ↓ 서류심사 ↓ 합격자발표 ↓ 등록금납부 ↓ 표준입학허가서발급(학교) 및비자신청(지원자) *등록금납부자및원본서류제출자에한해비자서류를발급함 ↓ 입국및오리엔테이션 - 1 - |\n| 구분 | 일정 |  | 3차 비고 |  |  |\n|  | 1차 | 2차 |  |  |  |', '[Tables]\n|  |\n| 10. 합격자 발표 가. 합격자 발표 나. 합격자 원본서류 제출 ※ 기간 내 원본서류 제출이 불가할 경우, 사전 연락 필수(사유없이 기한 내 원본서류 미제출시 합격 취소) 11. 전형료 및 등록금 가. 전형료 1)전형료금액:40,000원 2)납부방법:applydonga.accomsystem.co.kr사이트에서지원서최종제출후[MYPAGE]에서납부 ※반드시지원마감일까지납부해야원서접수가완료되며납부된전형료는반환되지않음 나. 등록기간 다. 등록금액 수업료 (단위: 원) 계열 최초1학기대상자를제외한 최초1학기 전체납부대상자 인문·사회 3,476,700 3,318,500 미디어커뮤니케이션학과 3,653,500 3,495,300 이학·체육 4,085,200 3,927,000 수학과(정보수학과) 3,780,900 3,622,700 공학 4,608,800 4,450,600 예능 4,690,300 4,532,100 ※ 상기등록금은2026학년도기준이며2027학년도등록금은인상될수있음 라. 등록금 납부방법: 합격자에게 별도 공지 예정 - 가상계좌는 국내 송금만 가능하며 등록금 납부는 은행 영업시간에만 가능함 - 해외에서 직접 가상계좌 납부가 불가능하므로 해외 송금자는 국제교류로 인보이스 요청 (해외송금용 등록금 인보이스 별도 발행 및 국제교류과에서 등록금 입금액 대납 처리) - 15 - |\n| 계열 | 수업료 (단위: 원) |  |\n|  | 최초1학기 | 최초1학기대상자를제외한 전체납부대상자 |\n| 인문·사회 | 3,476,700 | 3,318,500 |\n| 미디어커뮤니케이션학과 | 3,653,500 | 3,495,300 |\n| 이학·체육 | 4,085,200 | 3,927,000 |\n| 수학과(정보수학과) | 3,780,900 | 3,622,700 |\n| 공학 | 4,608,800 | 4,450,600 |\n| 예능 | 4,690,300 | 4,532,100 |']",Hạn chót nộp đơn cho học kỳ mùa xuân năm 2026 (từ ngày 3 tháng 3 đến ngày 8 tháng 5) là từ ngày 1 tháng 12 năm 2025 đến ngày 2 tháng 1 năm 2026.,2025년 12월 1일(월)부터 2026년 1월 2일(금)까지입니다.,0.9999999999,1.0
Sinh viên quốc tế có những tiện nghi gì được cung cấp trong ký túc xá?,"['13. Additional Information\nA. Dormitory\nClassification Facilities Fee Location\n- Room Facilities: bed, desk, closet, etc. Dorm1(Female): 939,000KRW\nHanlim\n- Common Facilities : cafeteria, laundry Dorm2(Male):1,070,000KRW Seunghak\nDormitory\nroom, rooftop etc. (1semester/About 4 months)\n※Fees are for 2026 intake and may be able to change for 2027 intake.\n※Website: HanlimDormitroy(http://hanlim.donga.ac.kr)\n※ Dormitory application after admission result announcement.\nHanlimDormitory\nB. Insurance\n-It is compulsory for all the international students to subscribe to insurance in preparation of\nunexpected diseases, injuries and death during staying in Korea.\n-From 2021, all foreign residents(including degree students) who are staying six months or longer in\nKorea are required to enroll in National Health Insurance. (Approx. 60,000 KRW/per month)\nC. On-campus Programs for Int’l Student\nD. Information on Issuance of Certificate of Admission and Visa application:To be announced.', 'not accepted.) ○ Kakaotalk: dongakorean\n* Meals are excluded. ○ Address: ( 49236) Seokdang Global House, Dong-A University, 30-1 Daecheong-ro, Jung-gu, Busan, South Korea\n* Students shall prepare their own beddings in advance since it will not be provided by the dormitory (rentals for beddings are available). (49236) Dong-A University International Affairs Office, B03-0202, 225 Gudeok-ro, Seo-gu, Busan, South Korea\n* N o Wi-Fi connection will be available in the dormitory. Students shall either use the LAN cable provided by the dormitory or prepare their\n○ Web site: h ttp://www.donga.ac.kr (Dong-A University)\nown Wi-Fi router.\nhttp://global.donga.ac.kr (Dong-A University Office of International Affairs)\n* Newcomers must stay in the dormitory at least 3 months. The course will be terminated if you leave the dormitory within 3 months.\n* Refrigerated/frozen foods cannot be stored(Please do not bring) ○ E-mail: koreanedu@donga.ac.kr', '부산출입국 가\n- S ubway: line number 1 (Orange line), Busan station exit number 2 or Joongang station exit 종합민원센터 교\nnumber 14, first floor of the Korean Air building (Joongang-dong).\n6 Note\n06\nDormitory\nLanguage school students who want to apply for the undergraduate or graduate school may use the original documents they submitted when\nthey apply for the language course. If there are no changes on the original documents, required documents can be simplified.\n1 Facility and rate\n08\nContact\nType Rate(app.) Facilities Meal\nAround 756,000 Public sector: Laundry room, resting area Not\nTwin room\nKRW (for 3 months) Room: Bathroom, bed, desk, chair, bookcase, closet, air-conditioning, heating system, LAN Included\n* T he dormitory fee must be paid to the dormitory account at the time of receiving the invoice after entering Korea (Monthly payments are ○ Phone number : +82-51-200-6446\nnot accepted.) ○ Kakaotalk: dongakorean']","Sinh viên quốc tế sẽ được cung cấp các tiện nghi sau trong ký túc xá:

1. **Phòng ở**: Bao gồm giường, bàn, tủ quần áo, và các thiết bị cơ bản khác.
2. **Tiện nghi chung**: 
   - Nhà ăn (cafeteria)
   - Phòng giặt (laundry room)
   - Khu vực nghỉ ngơi (resting area)
   - Rooftop (khu vực trên mái)

Ngoài ra, sinh viên cũng cần lưu ý rằng họ phải tự chuẩn bị chăn ga gối đệm vì ký túc xá không cung cấp. Ký túc xá không có kết nối Wi-Fi, sinh viên có thể sử dụng cáp LAN được cung cấp hoặc tự chuẩn bị router Wi-Fi.","기숙사에서는 세탁실, 휴게실, 욕실, 침대, 책상, 의자, 책장, 옷장, 에어컨, 난방 시스템이 제공됩니다.",0.8333333332916666,1.0
Chi phí ký túc xá ở Busan là bao nhiêu?,"['부산출입국 가\n- S ubway: line number 1 (Orange line), Busan station exit number 2 or Joongang station exit 종합민원센터 교\nnumber 14, first floor of the Korean Air building (Joongang-dong).\n6 Note\n06\nDormitory\nLanguage school students who want to apply for the undergraduate or graduate school may use the original documents they submitted when\nthey apply for the language course. If there are no changes on the original documents, required documents can be simplified.\n1 Facility and rate\n08\nContact\nType Rate(app.) Facilities Meal\nAround 756,000 Public sector: Laundry room, resting area Not\nTwin room\nKRW (for 3 months) Room: Bathroom, bed, desk, chair, bookcase, closet, air-conditioning, heating system, LAN Included\n* T he dormitory fee must be paid to the dormitory account at the time of receiving the invoice after entering Korea (Monthly payments are ○ Phone number : +82-51-200-6446\nnot accepted.) ○ Kakaotalk: dongakorean', '| 구분 |  |  | 수혜금액 | 수혜조건 |\n| 장학명 | 자격요건 | 종류 |  |  |\n| 외국인 성적우수 장학금 A,B,C,D | 외국인유학생 특별전형으로 입학한자 (융합경영학과 학생제외) | A | 수업료100% | 직전학기성적순위가10% 미만 |\n|  |  | B | 수업료70% | 직전학기성적순위가40% 미만 |\n|  |  | C | 수업료40% | 직전학기성적순위가60% 미만 |\n|  |  | D | 수업료20% | 직전학기성적순위가80% 미만 |\n| 근로장학금 | 교내행정업무지원 |  | 월평균500,000원 | 국제교류과선발기준에따름 |\n| TOPIK 장학금 | TOPIK 성적표제출자 |  | 시험응시료의일부 | TOPIKⅡ(중급) 응시표제출자(응시료의경우횟수제한없음) - TOPIK PBT 응시료55,000원중35,000원 지원 - TOPIKiBT응시료95,000원중45,000원 지원 - TOPIK말하기평가응시료80,000원 중40,000원 지원 |\n|  |  |  | 500,000원 | TOPIK(PBT, iBT) 3급제출자 |\n|  |  |  | 700,000원 | TOPIK(PBT, iBT) 4급제출자 |\n|  |  |  | 500,000원 | TOPIK(PBT, iBT) 5급제출자 |\n|  |  |  | 500,000원 | TOPIK(PBT, iBT) 6급제출자 |\n| 구분 | 시설 | 가격 | 위치 |\n| 한림생활관 | 가. 기본시설 : 침대, 책상, 옷장, 신발장, 수납장등 나. 그외시설 : 카페테리아, 휴게실, 세탁실등 | 한학기(방학제외) 승학1관(여자기숙사): 939,000원 승학2관(남자기숙사): 1,070,000원 | 승학 |', '[Tables]\n|  |\n| 나. 재학생 장학금 구분 수혜금액 수혜조건 장학명 자격요건 종류 A 수업료100% 직전학기성적순위가10% 미만 외국인유학생 외국인 특별전형으로 B 수업료70% 직전학기성적순위가40% 미만 성적우수 입학한자 장학금 (융합경영학과 C 수업료40% 직전학기성적순위가60% 미만 A,B,C,D 학생제외) D 수업료20% 직전학기성적순위가80% 미만 근로장학금 교내행정업무지원 월평균500,000원 국제교류과선발기준에따름 TOPIKⅡ(중급) 응시표제출자(응시료의경우횟수제한없음) - TOPIK PBT 응시료55,000원중35,000원 지원 시험응시료의일부 - TOPIKiBT응시료95,000원중45,000원 지원 - TOPIK말하기평가응시료80,000원 중40,000원 지원 TOPIK TOPIK 성적표제출자 500,000원 TOPIK(PBT, iBT) 3급제출자 장학금 700,000원 TOPIK(PBT, iBT) 4급제출자 500,000원 TOPIK(PBT, iBT) 5급제출자 500,000원 TOPIK(PBT, iBT) 6급제출자 ※장학금지급기준및지급액은본교장학제도에따라변동될수있음 ※성적우수장학금의경우동점자발생시학과기준에따라장학이결정됨 13. 기타 사항 가. 기숙사 구분 시설 가격 위치 가. 기본시설 한학기(방학제외) : 침대, 책상, 옷장, 신발장, 수납장등 한림생활관 승학1관(여자기숙사): 939,000원 승학 나. 그외시설 승학2관(남자기숙사): 1,070,000원 : 카페테리아, 휴게실, 세탁실등 ※ 상기금액은2026년기숙사비기준이며, 2027년기숙사비책정시변동될수있음 ※ 기숙사홈페이지: http://hanlim.donga.ac.kr ※ 기숙사신청방법: 합격자대상으로추후공지 - 17 - |\n| 구분 |  |  | 수혜금액 | 수혜조건 |\n| 장학명 | 자격요건 | 종류 |  |  |']","Chi phí ký túc xá ở Busan như sau:

- Ký túc xá Hàn Lâm (Hanlim Dormitory):
  - Ký túc xá nữ (Suhak 1): 939,000 KRW cho một học kỳ (không bao gồm kỳ nghỉ).
  - Ký túc xá nam (Suhak 2): 1,070,000 KRW cho một học kỳ (không bao gồm kỳ nghỉ).

Lưu ý rằng mức phí này có thể thay đổi vào năm 2027.","부산의 기숙사 비용은 3개월 기준으로 약 756,000원입니다.",0.8333333332916666,1.0
Thời gian mà học bổng viên phải hoàn thành khóa học tiếng Hàn là bao lâu?,"[""제3조(적용 대상) 이 지침의 적용 대상은 국립국제교육원(이하 “교육원”이라 한다)이\n관리하는 장학사업으로 다음 각 호에 해당하는 사업에 선발된 장학생을 대상으로 한다.\n1. 정부초청외국인장학생 교류지원 사업\n2. 한일 공동 고등교육 유학생 교류사업(석박사 학위과정)\n제4조(장학 기간) ①장학 기간은 한국어 연수 기간 외에 다음 각호에 따라 학과의 수업\n연한 이내로 한다.\n1. 전문학사과정 : 2-3년\n2. 학사과정 : 4-6년\n3. 석사과정 : 2년\n4. 박사과정 : 3년\n5. 석·박사 통합과정 4년\n②특수한 목적에 의해 운영되는 과정(이하 “특화과정”이라 한다) 중 교육원장이 인\n정하는 편입학의 경우에는 제1항의 장학 기간에서 편입학한 학년 이전 기간은 제외한다.\n③제1항과 제2항의 장학 기간은 연장되지 않으며, 장학 기간에 휴학 기간은 포함하지\n않는다.\n제5조(한국어연수과정) ①장학생은 입학 전에 1년의 한국어연수과정을 이수하고, 한국\n어능력시험(이하 'TOPIK’이라 한다) 3급 이상을 취득하여야 한다. 다만, TOPIK 5급\n이상을 취득한 경우 또는 교육원장이 장학생 선발 시 외국어로 학위과정의 이수가\n가능하다고 인정한 경우에는 한국어연수과정 이수 의무가 면제되며, 수학대학의 학\n사일정에 맞추어 진학할 수 있다.\n②제1항을 충족하지 못한 장학생 중 TOPIK 3급 합격점의 70% 이상을 받은 경우,\n수학대학장이 승인하고 국립국제교육원장(이하 “교육원장”이라 한다)이 인정하면\n수학대학의 학사일정에 맞추어 진학할 수 있다.\n③교육원장은 교육부장관이 국제협력선도대학 육성지원사업에 필요하다고 인정하여\n요청하는 경우 TOPIK 등급 요건을 완화하여 진학을 인정할 수 있다.\n④제1항을 충족하지 못한 장학생 중 한국어 연수기관장의 허가를 받고 교육원장의\n승인을 얻은 경우에는 한국어연수과정 이수 기간을 1회에 한해 6개월 연장할 수 있다.\n- 2 -\n\n[Tables]"", ""period before the academic year of transfer.\n③ The scholarship period specified in Paragraph 1 shall not be extended, and any\nleave of absence shall not be counted as part of the scholarship period.\nArticle 5 (Korean Language Program) ① A GKS recipient must complete a one-year\nKorean language program and attain a level of three (3) or higher on the Test of\nProficiency in Korean (“TOPIK”) before commencing a degree program. However, a\nrecipient who has obtained a TOPIK level of five (5) or higher, or has been\nrecognized by the NIIED president at the time of selection as eligible to complete\nthe degree program in a foreign language, may be exempted from the mandatory\nKorean language program. In such cases, the recipient may proceed directly to the\ndegree program according to the university's academic schedule.\n② If a GKS recipient has not fulfilled the requirement stated in Paragraph 1 but\nhas achieved a score of 70% or higher of the passing score of the TOPIK level"", '에는 귀국 지원을 할 수 있다.\n⑦다음 각호의 어느 하나에 해당하는 경우에는 귀국 항공료를 지급하지 않는다.\n1. 수학종료보고서를 제출하지 않는 경우\n2. 장학 기간 내 학위취득을 하지 못한 경우\n3. 장학 기간 이후에도 한국에 체류하는 경우\n⑧학위과정 장학생이 최초 수학 시작 후 3개월 이내에 수학을 포기하면 기존에 받은\n장학금의 전부 또는 일부를 반납하여야 한다. 한국어연수과정을 거치는 경우에는\n한국어연수과정 입학 후 3개월 이내로 한다. 다만, 천재지변, 본국의 소환, 중대한 질병\n등 교육원장이 인정하는 부득이한 사유에는 예외로 한다.\n제23조(준용규정) 본 지침에 규정된 이외의 학사에 관한 사항은 장학생의 소속 수학기\n관의 학칙을 준용한다.\n제24조(장학생 관리·점검) ①교육원장은 수시 또는 정기적으로 수학기관의 장학생 관리\n실태를 점검할 수 있으며 수학기관은 관리 서류 제출 등에 적극적으로 협조하여야 한다.\n②수학기관장은 장학생이 건전한 면학과 내실있는 유학생활을 할 수 있도록 시간제 취\n업을 관리하여야 한다. 장학생은 법무부 등이 정하는 시간제 취업 허가 요건을 충족하고,\n다음 각 호의 기준을 준수하여야 한다.\n1. 장학생은 전공과목 수학에 정진하는 것을 최우선으로 한다.\n2. 한국어연수과정 장학생은 한국어연수과정 6개월 경과 후, 한국어연수기관장 확인 및\n법무부의 시간제 취업 사전 허가를 받은 경우에 방학 기간에 한하여 시간제 취업이 가\n능하다. 다만, 수학기관장이 학위과정 진학에 필요하다고 인정한 TOPIK 등급 이상을 충\n족한 장학생은 학기중에도 주당 20시간 이내에서 시간제 취업을 할 수 있다.\n3. 학위과정 장학생의 시간제 취업은 학업 성취도, 출결, 지도교수 의견 등을 종합적으로 고\n려하여, 학업에 중대한 지장이 없는 범위에서 수학대학장이 인정하는 경우 가능하다. 이\n경우 시간제 취업의 범위 및 기준은 법무부 등 관계 기관이 정한 외국인 유학생 시간\n제 취업 허가 기준을 따른다.\n가. 수학대학 내 근로장학생의 경우']",Học bổng viên phải hoàn thành khóa học tiếng Hàn trong thời gian 1 năm trước khi bắt đầu chương trình học chính thức.,장학생은 입학 전에 1년의 한국어 연수 과정을 이수해야 합니다.,0.9999999999666667,1.0
Du học sinh muốn làm việc bán thời gian ở Hàn Quốc cần đáp ứng những điều kiện gì?,"['confirmation letter of tuition fee, etc.\nStudents who are enrolled with an insurance from their own country should provide proof of insurance after entering\n- A graduation certificate of the most recently attended school\nKorea.\n- Proof of Financial Capability (at least USD 8,000 per year): Parents’ proof of income and certificate of employment\n- Certificate of Bank Balance (at least KRW 8,000,000) * E ffective starting from March of 2015, all international students are required to have insurances according to the\n- TB Test Certificate laws of the Korean government.\n* F rom February 2021, foreigners staying in Korea for more than 6 months are obligated to subscribe to public\nFamily Relations Proof Sample health insurance and pay insurance premiums. Please note that the exact premium and subscription details will be\nprovided after entering our university.\nChina : or notorization, Philippines: Family Census, Indonesia : KARTU KELUARGA,', '에는 귀국 지원을 할 수 있다.\n⑦다음 각호의 어느 하나에 해당하는 경우에는 귀국 항공료를 지급하지 않는다.\n1. 수학종료보고서를 제출하지 않는 경우\n2. 장학 기간 내 학위취득을 하지 못한 경우\n3. 장학 기간 이후에도 한국에 체류하는 경우\n⑧학위과정 장학생이 최초 수학 시작 후 3개월 이내에 수학을 포기하면 기존에 받은\n장학금의 전부 또는 일부를 반납하여야 한다. 한국어연수과정을 거치는 경우에는\n한국어연수과정 입학 후 3개월 이내로 한다. 다만, 천재지변, 본국의 소환, 중대한 질병\n등 교육원장이 인정하는 부득이한 사유에는 예외로 한다.\n제23조(준용규정) 본 지침에 규정된 이외의 학사에 관한 사항은 장학생의 소속 수학기\n관의 학칙을 준용한다.\n제24조(장학생 관리·점검) ①교육원장은 수시 또는 정기적으로 수학기관의 장학생 관리\n실태를 점검할 수 있으며 수학기관은 관리 서류 제출 등에 적극적으로 협조하여야 한다.\n②수학기관장은 장학생이 건전한 면학과 내실있는 유학생활을 할 수 있도록 시간제 취\n업을 관리하여야 한다. 장학생은 법무부 등이 정하는 시간제 취업 허가 요건을 충족하고,\n다음 각 호의 기준을 준수하여야 한다.\n1. 장학생은 전공과목 수학에 정진하는 것을 최우선으로 한다.\n2. 한국어연수과정 장학생은 한국어연수과정 6개월 경과 후, 한국어연수기관장 확인 및\n법무부의 시간제 취업 사전 허가를 받은 경우에 방학 기간에 한하여 시간제 취업이 가\n능하다. 다만, 수학기관장이 학위과정 진학에 필요하다고 인정한 TOPIK 등급 이상을 충\n족한 장학생은 학기중에도 주당 20시간 이내에서 시간제 취업을 할 수 있다.\n3. 학위과정 장학생의 시간제 취업은 학업 성취도, 출결, 지도교수 의견 등을 종합적으로 고\n려하여, 학업에 중대한 지장이 없는 범위에서 수학대학장이 인정하는 경우 가능하다. 이\n경우 시간제 취업의 범위 및 기준은 법무부 등 관계 기관이 정한 외국인 유학생 시간\n제 취업 허가 기준을 따른다.\n가. 수학대학 내 근로장학생의 경우', '| 1 1 | Financial proof (670EURO * 00Months) - Your bank statement issued within 1 month (Original needed). - If you submit parents’ bank statement, please submit your birth or family certification. (Please translate the document if it is not written in English or Korean. And submit a translate verification.) |\n| 1 2 | A visa request letter(reference letter) issued by the Principal of home country university. (Submission of the Incomplete document form is not acceptable) - The principal’s stamp or signature must be included. |\n| 1 3 | Document proving that you are an exchange student. (Submission of the Incomplete document form is not acceptable) 1) Exchange student agreement between the two universities. OR 2) Letter of Acceptance - The exchange program title and name of the home country university and the inviting university in Korea must be included. |']","Du học sinh muốn làm việc bán thời gian ở Hàn Quốc cần đáp ứng những điều kiện sau:

1. **Ưu tiên học tập**: Du học sinh phải đặt việc học tập chuyên ngành lên hàng đầu.

2. **Thời gian làm việc**: 
   - Du học sinh tham gia chương trình học tiếng Hàn có thể làm việc bán thời gian chỉ trong kỳ nghỉ, sau khi đã học được 6 tháng và có sự xác nhận từ cơ sở đào tạo tiếng Hàn cùng với sự cho phép trước của Bộ Tư pháp.
   - Du học sinh theo chương trình học chính có thể làm việc bán thời gian trong học kỳ, nhưng chỉ được phép làm tối đa 20 giờ mỗi tuần nếu đáp ứng được yêu cầu TOPIK (chứng chỉ tiếng Hàn) mà cơ sở đào tạo công nhận.

3. **Quản lý việc làm**: Cơ sở đào tạo phải quản lý việc làm của du học sinh để đảm bảo không ảnh hưởng đến việc học. 

4. **Điều kiện pháp lý**: Du học sinh phải đáp ứng các yêu cầu về giấy phép làm việc bán thời gian theo quy định của Bộ Tư pháp và các cơ quan liên quan.

5. **Đánh giá học tập**: Việc làm bán thời gian sẽ được xem xét dựa trên thành tích học tập, điểm danh và ý kiến của giáo sư hướng dẫn.

Ngoài ra, du học sinh cũng cần có bảo hiểm y tế theo quy định của chính phủ Hàn Quốc nếu lưu trú trên 6 tháng.","유학생은 법무부 등이 정하는 시간제 취업 허가 요건을 충족해야 하며, 전공과목 수학에 정진하는 것을 최우선으로 해야 합니다. 한국어연수과정 장학생은 한국어연수과정 6개월 경과 후, 한국어연수기관장 확인 및 법무부의 시간제 취업 사전 허가를 받은 경우에 방학 기간에 한하여 시간제 취업이 가능합니다. 또한, 학위과정 장학생은 학업 성취도, 출결, 지도교수 의견 등을 종합적으로 고려하여 수학대학장이 인정하는 경우에 한해 시간제 취업이 가능합니다.",0.5833333333041666,1.0
"Nếu được chọn làm học bổng cho người nước ngoài do chính phủ mời, bạn sẽ học tập tại cơ sở nào?","[""붙임 2 정부초청 외국인 장학생 학사 운영 지침(국문, 영문)\n정부초청 외국인 장학생 학사 운영 지침\n개정 2026. 3. 1.\n제1조(목적) 이 지침은 정부초청 외국인 장학생(이하 '장학생'이라 한다)의 건전한 면학과\n유학 생활의 내실화를 위해 필요한 사항을 정함을 목적으로 한다.\n제2조(정의) 이 지침에서 사용하는 용어의 뜻은 다음과 같다.\n1. “정부초청 외국인 장학생”(이하 “장학생”이라 한다)이란 국립국제교육원(이하\n“교육원”이라 한다)이 수행하는 정부초청 외국인 장학사업(Global Korea\nScholarship, GKS) 및 이에 준하는 장학사업에 선발된 외국인 유학생을 말한다.\n2. “수학기관”이란 장학생이 소속되어 학업 또는 연수를 수행하는 대학 또는 한국\n어연수기관을 말한다.\n3. “수학대학”이란 장학생이 소속되어 학업을 수행하는 대학을 말한다.\n4. “수학기관장”이란 수학기관의 장을 말한다.\n5. “수학대학장”이란 수학대학의 장을 말한다.\n6. “학위과정”이란 대학의 학칙에 따라 학위를 수여하는 교육과정을 말한다.\n7. “한국어연수과정”이란 대학 또는 한국어연수기관에서 운영하는 한국어 교육과\n정을 말한다.\n8. “공동학위”란 국내․외 대학이 공동으로 운영하는 교육과정을 이수하고 각 대학\n의 학위취득에 필요한 요건을 충족한 자에게 양 대학 공동명의로 학위를 수여하는\n것을 말한다.\n9. “복수학위”란 국내․외 대학에서 각각 또는 공동으로 운영하는 교육과정을 이수\n하고 각 대학의 학위취득에 필요한 요건을 충족한 자에게 양 대학이 각자의 명의로\n학위를 수여하는 것을 말한다.\n- 1 -\n\n[Tables]"", '이 경우 TOPIK 3급 합격점의 70% 이상을 취득한 장학생이어야 한다.\n⑤제4항에 따라 한국어연수과정 이수 기간을 연장한 장학생은 교육원 정부초청 외국인\n장학생 장학금 지급 세부 지침(이하 ‘장학금 지침’이라 한다)에 따른 한국어 연수\n비의 50%를 본인이 부담하여야 한다.\n⑥제4항에 따라 한국어연수과정 기간을 연장받은 장학생은 한국어연수과정 이수 기간\n이내에 TOPIK 3급 이상을 취득하고, 수학대학의 진학 조건을 충족하여야 한다.\n⑦장학생이 한국어연수과정 중에 부득이한 사유가 있으면 미리 한국어연수기관장의\n허가를 받아 결석할 수 있다. 다만, 불가피한 경우에는 사후에 의사진단서 등의 증빙\n서류를 첨부한 결석확인서를 제출할 수 있다.\n제6조(학위과정 입학) ①장학생은 교육원장이 정한 지침에 따라 학위과정에 입학하여야\n한다.\n②수학기관장은 장학생의 학위과정 입학 결과를 교육원장에게 보고하여야 한다.\n제7조(수학대학 변경) 장학생은 교육원장으로부터 입학 대학을 승인받은 이후 수학대학을\n변경할 수 없다.\n제8조(학과 등 변경) ①학위과정으로 입학한 장학생은 승인받은 최종입학학과(부)가 폐\n과되거나 또는 전공 적합성이나 진로 재설계 등의 사유로 학과(부) 변경을 원할 경\n우 수학대학의 학칙에 따라 학과(부)를 변경할 수 있다. 다만, 특화과정에 선발된 장\n학생은 해당 과정의 목적을 달성하는 학과(부) 범위 내에서 변경이 가능하다.\n②학위과정 장학생은 수학대학의 학칙에 따라 다음 각 호와 같이 통합과정으로 변경\n할 수 있으나 장학기간은 연장되지 아니한다. 다만 제17조 및 제22조제7항 적용 시\n에는 수학대학장이 인정한 통합과정의 수업연한을 기준으로 한다.\n1. 학사과정에서 학·석사통합과정\n2. 석사과정에서 석·박사통합과정\n③수학대학장은 장학생의 학위과정, 학과(계열) 변경 처리 결과를 1개월 이내에 교육\n원장에게 보고하여야 한다.\n④한국어연수과정 중인 장학생은 학위과정으로 진학한 후에 제1항 및 제2항에 따른\n- 3 -\n\n[Tables]', '라. 인턴 활동의 경우\n마. 그 밖에 법무부 등 관계 기관이 정한 외국인 유학생 취업 허용 범위 내 활동\n4. 제3호 마목에 따른 활동은 원칙적으로 동 지침 제18조 제2호 성적 경고를 받은 장학생\n에게는 허용하지 아니한다. 다만, 다음 각 목의 요건을 모두 충족하는 경우에는 예외적\n으로 허용할 수 있다.\n가. 성적경고를 1회만 받은 경우\n나. 직전 학기 성적 평점평균(백분위 환산점수)이 학사 및 전문학사 과정 80/100 이\n상, 석사 및 박사 과정 85/100 이상을 충족한 경우\n다. 수학대학장이 학업 지속 가능성을 인정한 경우\n5. 성적경고를 2회 이상 받은 장학생에 대하여는 제4호 단서의 예외를 적용하지 아니한다.\n③학위과정 장학생은 수학대학이 정한 졸업 요건을 충족한 경우 또는 취업 이후에도 수\n학대학의 학적 유지가 가능한 경우 취업할 수 있다.\n④제3항에 따라 취업한 장학생이 학업을 지속하고 수학대학의 학적을 유지하는 경우에는\n장학생 자격을 유지할 수 있으며, 장학금 지급 여부는 학업 이행 여부, 학업 성취도 및\n대학의 의견 등을 종합적으로 고려하여 결정한다.\n⑤교육원장은 정부초청 외국인 장학생(GKS) 사업의 성과 분석 및 동문 네트워크 구축을\n위하여 관련 법령이 허용하는 범위 내에서 졸업생(동문)의 진로, 취업, 거주 국가 등\n현황을 조사할 수 있다.\n⑥교육원장은 제5항에 따른 조사 수행을 위하여 필요한 경우, 관련 법령에 따라 수학대\n학장에게 졸업생(동문) 조사에 필요한 정보 및 현황 자료 등을 요청할 수 있다. 이 경\n우 수학대학장은 특별한 사정이 없는 한 이에 협조하여야 한다.\n제25조(장학생 관리실적 평가) 교육원장은 수학기관에 대하여 장학생 관리실적을 평가하고,\n그 결과를 수학대학 선정 및 장학생 인원 배정 등에 반영할 수 있다.\n부 칙\n이 지침은 2019. 6. 20.부터 시행한다.\n이 지침은 2020. 6. 22.부터 시행하며, 장학 기간 중인 장학생 전체에 적용된다.']","Nếu được chọn làm học bổng cho người nước ngoài do chính phủ mời, tôi sẽ chọn học tập tại một trong những trường đại học hàng đầu của Hàn Quốc, chẳng hạn như Đại học Quốc gia Seoul hoặc Đại học Yonsei. Những cơ sở này không chỉ nổi tiếng về chất lượng giáo dục mà còn có môi trường học tập đa văn hóa và cơ hội nghiên cứu phong phú. Hơn nữa, việc học tại những trường này sẽ giúp tôi tiếp cận với các chương trình học thuật tiên tiến và xây dựng mạng lưới quan hệ với các sinh viên quốc tế khác.","장학생은 국립국제교육원이 수행하는 정부초청 외국인 장학사업에 선발된 외국인 유학생으로, 소속된 대학 또는 한국어연수기관에서 학업 또는 연수를 수행하게 됩니다.",0.9999999999666667,1.0
Có những trường hợp nào mà du học sinh có thể bị kỷ luật?,"['3. 수학기관이 정한 등록 기간 내에 등록하지 않는 경우\n4. 수학기관이 정한 학기 시작일 이후 정당한 사유 없이 입국하지 않는 경우\n5. 휴학 기간 종료 후 정당한 사유 없이 복학원서를 제출하지 않은 경우\n6. 제12조제3항에 명시된 휴학 기간을 초과한 경우\n7. 외국대학과의 학점 교류 등의 목적으로 출신국 또는 제3국으로 출국한 경우\n다만, 다음 각 목의 어느 하나에 해당하는 경우는 제외한다.\n가. 외국대학과의 공동학위 등을 운영하는 경우\n나. 수학대학의 교육과정에 근거하여 방학 기간 중 운영되는 외국대학 학점 교류의 경우\n8. 제15조 각호의 기준에 따른 일시출국 최대허용기간을 초과한 경우. 다만, 교육원장이\n그 행위에 부득이한 사유가 있다고 인정하는 경우는 예외로 한다.\n9. 제18조에 따른 경고를 3회 이상 받은 경우\n10. 성범죄로 벌금 이상의 형 또는 기소유예 처분을 받거나, 그 외 범죄로 300만원을\n초과하는 벌금형 또는 금고 이상의 형이 확정된 경우\n11. 사망, 정신적․신체적 무능력, 연락두절, 체류기간 종료, 출국 명령 등으로 더 이상\n학업을 수행할 수 없다고 교육원장이 인정하는 경우\n12. 장학을 중도 포기한 경우\n13. 이 외에 징계위원회에서 자격상실 처분의 의결을 받은 경우\n제20조(징계) ①징계는 ‘정부초청외국인 장학생 상벌 규정’에 따라 징계위원회 의결을\n거쳐 장학금 일시정지, 자격상실 처분을 말한다.\n②교육원장은 다음 각호의 어느 하나에 해당하는 경우 징계할 수 있다.\n1. 정치활동을 하거나, 대한민국의 명예와 국익을 실추시킨 경우\n2. 절도, 폭력, 성폭행(성희롱, 성추행 포함), 폭언 등 타인에게 해를 가한 경우\n3. 법령을 위반한 경우\n4. 각종 서류가 허위로 작성되었거나 사실과 다른 것으로 드러난 경우\n5. 교육원에 서약한 사항을 위반한 경우\n6. 이 외에 장학생의 본분에 어긋난 행위를 한 경우\n③교육원장은 다음 각호에 해당하는 경우 징계위원회의 의결을 거쳐 경고 등을 조치\n- 7 -\n\n[Tables]', '4. 제24조제2항의 시간제 취업 허용 범위를 위반한 경우\n5. 이외에 정부초청 외국인 장학생 징계위원회(이하 ‘징계위원회’라 한다)에서 경고\n조치가 필요하다고 인정하는 경우\n제19조(장학생 자격상실) 다음 각 호의 어느 하나에 해당하는 경우, 교육원장은 해당 장학\n생을 자격상실 처분한다.\n1. 수학기관으로부터 제적 처분을 받은 경우\n2. 제5조 한국어연수과정 이수 후 수학대학에 진학하지 못한 경우\n- 6 -', '할 수 있다.\n1. 징계 처분을 하기에 사유가 경미하다고 판단하는 경우\n2. 불가피한 사유 등의 정상 참작의 여지가 있는 경우\n제21조(형사사건 기소 사실 신고 등) ①장학생은 형사사건으로 기소된 경우 이를 즉시\n수학기관에 신고하여야 하며, 교육원장은 신고하지 않은 장학생을 제20조에 따라 징\n계할 수 있다.\n②수학기관장은 장학생의 형사사건 기소 사실을 알게 된 경우 즉시 교육원장에게\n보고하여야 한다.\n③교육원장은 장학생이 형사사건으로 기소된 경우 장학금 지급을 유보할 수 있다.\n④교육원장은 장학생이 유죄 판결을 선고받은 경우 장학생에게 제19조제10호에 따라\n자격상실 처분하거나, 제20조에 따라 징계위원회에 의결을 요구할 수 있다.\n⑤교육원장은 장학생이 유죄 판결을 선고받은 경우 장학금 지급을 중단하고 장학금을 환수\n할 수 있다. 이 경우 장학금 환수 대상 기간, 항목, 금액 등은 징계위원회에서 결정한다.\n제22조(장학금 지급 및 수령) ①장학금 지급 및 수령에 관한 사항은 장학금 지침에 따\n른다.\n②교육원장은 학업성적이 우수한 장학생에게 별도로 장학금을 지급할 수 있다.\n③장학생의 월 중 국내체류기간이 15일 이상인 경우 1개월로 하여 학업장려금 전액을\n지급하고, 15일 미만인 경우 국내체류 일수만큼 일할계산하여 지급한다. 다만, 학위과\n정 장학생은 장학금 지침 제22조제6항의 경우를 제외하고 학기당 일시출국 일수 30\n일을 국내에 체류한 날로 간주한다.\n④제12조의 휴학 기간에는 학업장려금을 지급하지 않는다. 다만, 수학기관장이 장학\n생의 부득이한 국내 체류로 학업장려금 지급이 불가피함을 신청하여 교육원장이\n인정하면 지급할 수 있다.\n⑤외국대학과의 공동학위 등을 운영하는 경우, 외국대학에서 수학하는 기간의 장학\n금은 지급하지 아니한다. 다만 국내 대학에 납부하는 등록금은 지급한다.\n⑥제19조에 따라 장학생 자격이 상실되면 해당 장학생에게 장학금을 지급하지 않는다.\n다만, 본인의 의사에 의하지 않은 중도 포기 등의 사유로 교육원장이 인정하는 경우\n- 8 -']","Du học sinh có thể bị kỷ luật trong các trường hợp sau:

1. Tham gia hoạt động chính trị hoặc làm tổn hại danh dự và lợi ích quốc gia của Hàn Quốc.
2. Thực hiện hành vi trộm cắp, bạo lực, xâm hại tình dục (bao gồm quấy rối tình dục), hoặc gây hại cho người khác.
3. Vi phạm pháp luật.
4. Cung cấp tài liệu giả mạo hoặc thông tin sai lệch.
5. Vi phạm các cam kết đã ký với cơ sở giáo dục.
6. Thực hiện các hành vi không phù hợp với tư cách là một sinh viên nhận học bổng.
7. Vi phạm quy định về việc làm bán thời gian theo quy định của cơ sở giáo dục.
8. Nhận được cảnh cáo từ 3 lần trở lên theo quy định của cơ quan kỷ luật.

Ngoài ra, nếu có các hành vi khác mà hội đồng kỷ luật cho là cần thiết phải xử lý kỷ luật, sinh viên cũng có thể bị kỷ luật.","유학생이 징계를 받을 수 있는 경우는 정치활동을 하거나 대한민국의 명예와 국익을 실추시킨 경우, 절도, 폭력, 성폭행(성희롱, 성추행 포함), 폭언 등 타인에게 해를 가한 경우, 법령을 위반한 경우, 각종 서류가 허위로 작성되었거나 사실과 다른 것으로 드러난 경우, 교육원에 서약한 사항을 위반한 경우, 그리고 장학생의 본분에 어긋난 행위를 한 경우입니다.",0.9999999999666667,1.0
Sinh viên quốc tế cần nộp những giấy tờ gì?,"['confirmation letter of tuition fee, etc.\nStudents who are enrolled with an insurance from their own country should provide proof of insurance after entering\n- A graduation certificate of the most recently attended school\nKorea.\n- Proof of Financial Capability (at least USD 8,000 per year): Parents’ proof of income and certificate of employment\n- Certificate of Bank Balance (at least KRW 8,000,000) * E ffective starting from March of 2015, all international students are required to have insurances according to the\n- TB Test Certificate laws of the Korean government.\n* F rom February 2021, foreigners staying in Korea for more than 6 months are obligated to subscribe to public\nFamily Relations Proof Sample health insurance and pay insurance premiums. Please note that the exact premium and subscription details will be\nprovided after entering our university.\nChina : or notorization, Philippines: Family Census, Indonesia : KARTU KELUARGA,', '1\nnot acceptable)\n2\n- The principal’s stamp or signature must be included.\nDocument proving that you are an exchange student. (Submission of the Incomplete document form is not acceptable)\n1) Exchange student agreement between the two universities.\n1\nOR\n3\n2) Letter of Acceptance\n- The exchange program title and name of the home country university and the inviting university in Korea must be included.', '❑ 비자 종류별 정보 / Visa type Information\nD-2-8 Visiting Student\n91일이상, 단수입국\nD-2-8 방문학생 Over 91 days, Single entry\n➢ 비자+ 서비스수수료/ Visa + Service fee\nVisa Fee (Mandatory) Please check your visa fee HEREin EURO\nService Fee (Mandatory) 60.00 EURO\nCourier Return service (Optional) 15.00 EURO\nApplicable only to students from the countries below,\nBangladesh, Cameroon, China, Ethiopia, Egypt, Ghana, Guinea, Iran, India, Indonesia, Kazakhstan, Kyrgyzstan,\nNigeria, Nepal, Mali, Myanmar, Mongolia, Pakistan, Peru, Philippines, Sri Lanka, Thailand, Ukraine,\nUzbekistan, Uganda, and Vietnam.\n➢ 필수제출서류/ Mandatory document to be submitted\nCASE 1: If your university is on the Excellent accredited Universities list\n1 VisaApplicationForm(Formno.17)/ 사증발급신청서(제17호서식)e-signature not permitted/전자서명불가\nPassport with at least 6 months remainder validity\n2\n여권유효기간이최소6개월이상남아있는여권\nOne3.5X4.5cmpicturetakeninthepast6months. Please glue the photo on the Application Form.\n3\n최근6개월이내촬영한3.5X4.5cm사진. 사증발급신청서사진란에풀로부착.']","Sinh viên quốc tế cần nộp các giấy tờ sau:

1. **Thư xác nhận học phí** và các khoản phí liên quan.
2. **Giấy chứng nhận tốt nghiệp** của trường học gần nhất.
3. **Chứng minh khả năng tài chính** (ít nhất 8,000 USD mỗi năm): Bao gồm chứng minh thu nhập của cha mẹ và giấy chứng nhận việc làm.
4. **Giấy chứng nhận số dư ngân hàng** (ít nhất 8,000,000 KRW).
5. **Giấy chứng nhận xét nghiệm lao phổi (TB Test Certificate)**.
6. **Giấy tờ chứng minh quan hệ gia đình** (ví dụ: Giấy chứng nhận gia đình).
7. **Giấy tờ chứng minh bạn là sinh viên trao đổi**: 
   - Thỏa thuận sinh viên trao đổi giữa hai trường đại học, hoặc
   - Thư chấp nhận từ trường đại học tại Hàn Quốc.
8. **Đơn xin visa (Mẫu số 17)**: Không chấp nhận chữ ký điện tử.
9. **Hộ chiếu** còn hiệu lực ít nhất 6 tháng.
10. **Một bức ảnh 3.5x4.5 cm** chụp trong vòng 6 tháng gần đây, dán vào đơn xin visa.

Ngoài ra, sinh viên cũng cần lưu ý về các yêu cầu bảo hiểm y tế theo quy định của chính phủ Hàn Quốc.","유학생이 제출해야 하는 필수 서류는 다음과 같습니다: 1) 온라인 지원서, 2) 교육조회 동의서, 3) 고등학교 졸업증명서(아포스티유 또는 한국 영사관 인증 필요), 4) 고등학교 공식 성적증명서(아포스티유 또는 한국 영사관 인증 필요), 5) 부모와의 관계 증명서, 6) 부모와 지원자의 신분증 사본, 7) 은행 잔고 증명서.",0.9999999999,0.0
Có những loại học bổng nào mà du học sinh có thể nhận được?,"['| 12. 장학금 가. 신입생 장학금 1) 외국인 우수신입생 장학금 구분 수혜금액 수혜조건 장학명 자격요건 종류 A 수업료100% 한국어능력시험(TOPIKPBT, TOPIK iBT) 5급이상소지자 외국인 B 수업료60% 한국어능력시험(TOPIKPBT, TOPIK iBT) 4급소지자 우수신입생 외국인신(편)입학 장학금 C 수업료50% 한국어능력시험(TOPIKPBT, TOPIK iBT) 3급소지자 특별전형합격자 A,B,C,D,E D 수업료40% 동아한국어능력시험(Dong-A TOPIK) 3급이상소지자 본교입학자격요건을갖춘신(편)입생중, E 수업료30% 외국인우수신입생장학금A,B,C,D에해당되지않는자 외국인신(편)입학 A 수업료100% 한국어능력시험(TOPIKPBT, TOPIK iBT) 5급이상소지자 DAU 특별전형합격자중, 외국인 본교한국어학당을 B 수업료70% 한국어능력시험(TOPIKPBT, TOPIK iBT) 4급소지자 우수신입생 2개학기이상수료 장학금 하고최종2개학기 C 수업료60% 한국어능력시험(TOPIKPBT, TOPIK iBT) 3급소지자 A,B,C,D 출석률이80% 이 본교입학자격요건을갖춘신(편)입생중, D 수업료50% 상인자 DAU 외국인우수신입생장학금A,B,C에해당되지않는자 ※위장학금은입학학기에만적용되며2번째학기부터는재학생장학금기준에따라지급 ※장학금지급기준및지급액은본교장학제도에따라변동될수있음 2) 외국인 유학생 국가장학금 구분 수혜기간 수혜금액 수혜조건 아래학과외국인신입학특별전형합격자중학과추천자 - 인문과학대학: 역사문화학부, 한국어문학과 - 자연과학대학: 반도체학과, 바이오메디컬학과 - 사회과학대학: 미디어커뮤니케이션학과 - 경영대학: 경영학과, 관광경영학과, 국제무역학과, 경영정보학과 동아특화분야 - 생명자원과학대학: 식품생명공학과, 스마트그린자원학과 첫학기 우수장학금Ⅰ - 공학: 환경에너지공학과-미래에너지공학전공, 전기공학과, 전자공학과, 기계공학과, 산업경영공학과, 조선해양공학과, 화학공학과, 신소재공학과 수업료전액 - 디자인환경대학:', '12. 장학금\n가. 신입생 장학금\n1) 외국인 우수신입생 장학금\n구분\n수혜금액 수혜조건\n장학명 자격요건 종류\nA 수업료100% 한국어능력시험(TOPIKPBT, TOPIK iBT) 5급이상소지자\n외국인\nB 수업료60% 한국어능력시험(TOPIKPBT, TOPIK iBT) 4급소지자\n우수신입생\n외국인신(편)입학\n장학금 C 수업료50% 한국어능력시험(TOPIKPBT, TOPIK iBT) 3급소지자\n특별전형합격자\nA,B,C,D,E\nD 수업료40% 동아한국어능력시험(Dong-A TOPIK) 3급이상소지자\n본교입학자격요건을갖춘신(편)입생중,\nE 수업료30%\n외국인우수신입생장학금A,B,C,D에해당되지않는자\n외국인신(편)입학 A 수업료100% 한국어능력시험(TOPIKPBT, TOPIK iBT) 5급이상소지자\nDAU 특별전형합격자중,\n외국인 본교한국어학당을 B 수업료70% 한국어능력시험(TOPIKPBT, TOPIK iBT) 4급소지자\n우수신입생 2개학기이상수료\n장학금 하고최종2개학기 C 수업료60% 한국어능력시험(TOPIKPBT, TOPIK iBT) 3급소지자\nA,B,C,D 출석률이80% 이 본교입학자격요건을갖춘신(편)입생중,\nD 수업료50%\n상인자 DAU 외국인우수신입생장학금A,B,C에해당되지않는자\n※위장학금은입학학기에만적용되며2번째학기부터는재학생장학금기준에따라지급\n※장학금지급기준및지급액은본교장학제도에따라변동될수있음\n2) 외국인 유학생 국가장학금\n구분 수혜기간 수혜금액 수혜조건\n아래학과외국인신입학특별전형합격자중학과추천자\n- 인문과학대학: 역사문화학부, 한국어문학과\n- 자연과학대학: 반도체학과, 바이오메디컬학과\n- 사회과학대학: 미디어커뮤니케이션학과\n- 경영대학: 경영학과, 관광경영학과, 국제무역학과, 경영정보학과\n동아특화분야 - 생명자원과학대학: 식품생명공학과, 스마트그린자원학과\n첫학기\n우수장학금Ⅰ - 공학: 환경에너지공학과-미래에너지공학전공, 전기공학과, 전자공학과,\n기계공학과, 산업경영공학과, 조선해양공학과, 화학공학과, 신소재공학과', '| 구분 |  |  | 수혜금액 | 수혜조건 |\n| 장학명 | 자격요건 | 종류 |  |  |\n| 외국인 우수신입생 장학금 A,B,C,D,E | 외국인신(편)입학 특별전형합격자 | A | 수업료100% | 한국어능력시험(TOPIKPBT, TOPIK iBT) 5급이상소지자 |\n|  |  | B | 수업료60% | 한국어능력시험(TOPIKPBT, TOPIK iBT) 4급소지자 |\n|  |  | C | 수업료50% | 한국어능력시험(TOPIKPBT, TOPIK iBT) 3급소지자 |\n|  |  | D | 수업료40% | 동아한국어능력시험(Dong-A TOPIK) 3급이상소지자 |\n|  |  | E | 수업료30% | 본교입학자격요건을갖춘신(편)입생중, 외국인우수신입생장학금A,B,C,D에해당되지않는자 |\n| DAU 외국인 우수신입생 장학금 A,B,C,D | 외국인신(편)입학 특별전형합격자중, 본교한국어학당을 2개학기이상수료 하고최종2개학기 출석률이80% 이 상인자 | A | 수업료100% | 한국어능력시험(TOPIKPBT, TOPIK iBT) 5급이상소지자 |\n|  |  | B | 수업료70% | 한국어능력시험(TOPIKPBT, TOPIK iBT) 4급소지자 |\n|  |  | C | 수업료60% | 한국어능력시험(TOPIKPBT, TOPIK iBT) 3급소지자 |\n|  |  | D | 수업료50% | 본교입학자격요건을갖춘신(편)입생중, DAU 외국인우수신입생장학금A,B,C에해당되지않는자 |\n| 구분 | 수혜기간 | 수혜금액 | 수혜조건 |']","Du học sinh có thể nhận được các loại học bổng sau:

1. **Học bổng cho sinh viên mới (Ngoại quốc)**:
   - **Học bổng A**: Hỗ trợ 100% học phí cho sinh viên có chứng chỉ TOPIK (Kỳ thi năng lực tiếng Hàn) từ cấp 5 trở lên.
   - **Học bổng B**: Hỗ trợ 60% học phí cho sinh viên có chứng chỉ TOPIK từ cấp 4.
   - **Học bổng C**: Hỗ trợ 50% học phí cho sinh viên có chứng chỉ TOPIK từ cấp 3.
   - **Học bổng D**: Hỗ trợ 40% học phí cho sinh viên có chứng chỉ Dong-A TOPIK từ cấp 3 trở lên.
   - **Học bổng E**: Hỗ trợ 30% học phí cho những sinh viên không thuộc các loại học bổng A, B, C, D nhưng đáp ứng đủ điều kiện nhập học.

2. **Học bổng DAU cho sinh viên mới (Ngoại quốc)**:
   - **Học bổng A**: Hỗ trợ 100% học phí cho sinh viên có chứng chỉ TOPIK từ cấp 5 trở lên, đã hoàn thành ít nhất 2 học kỳ tại trường tiếng Hàn.
   - **Học bổng B**: Hỗ trợ 70% học phí cho sinh viên có chứng chỉ TOPIK từ cấp 4, đã hoàn thành ít nhất 2 học kỳ tại trường tiếng Hàn.
   - **Học bổng C**: Hỗ trợ 60% học phí cho sinh viên có chứng chỉ TOPIK từ cấp 3, đã hoàn thành ít nhất 2 học kỳ tại trường tiếng Hàn.
   - **Học bổng D**: Hỗ trợ 50% học phí cho những sinh viên không thuộc các loại học bổng A, B, C nhưng đáp ứng đủ điều kiện nhập học.

3. **Học bổng quốc gia cho sinh viên quốc tế**:
   - Dành cho sinh viên mới nhập học theo diện đặc biệt, được khuyến nghị từ các khoa như Khoa Nhân văn, Khoa Khoa học Tự nhiên, Khoa Khoa học Xã hội, Khoa Quản lý, và Khoa Khoa học Sự sống. Học bổng này hỗ trợ toàn bộ học phí cho học kỳ đầu tiên.

Các học bổng này có thể thay đổi theo chính sách của trường và chỉ áp dụng cho học kỳ nhập học đầu tiên.","유학생이 받을 수 있는 장학금 종류로는 GPA 기반 장학금, On-Campus Work-Study 장학금, TOPIK 장학금 등이 있습니다.",0.3333333333,0.0
Nếu sinh viên quốc tế bị chậm cấp chứng nhận tốt nghiệp thì cần nộp những giấy tờ gì?,"['Other\nproving the academic qualifications.\ncountries\n※However, the applicant must explain the qualification criteria according to the laws or official\ndocuments of the relevant country.\n5) Countries* that official graduation certificates’ issuance is delaying by several months or more can\nsubmit expected graduation certificates or provisional graduation certificates exceptionally.\n(In accordance with the Guidelines from the Ministry of Justice, Applicant who submitted the expected\ngraduation certificate must submit the official graduation certificate proving your final academic\nbackground when he/she extends the visa in Korea)\n-Vietnam, Myanmar, Nepal, India, Malaysia, Sri Lanka, Cambodia, Israel\nCountries* -Other countries where the delayed issuance of high school or college (university) graduation\ncertificates can be confirmed through government documents\n∙ It applies only to those who have graduated within one year from the date of issuance of the Certificate\nof Admission.', 'can be recognized as documents Other proving the academic qualifications. countries ※However, the applicant must explain the qualification criteria according to the laws or official documents of the relevant country. 5) Countries* that official graduation certificates’ issuance is delaying by several months or more can submit expected graduation certificates or provisional graduation certificates exceptionally. (In accordance with the Guidelines from the Ministry of Justice, Applicant who submitted the expected graduation certificate must submit the official graduation certificate proving your final academic background when he/she extends the visa in Korea) -Vietnam, Myanmar, Nepal, India, Malaysia, Sri Lanka, Cambodia, Israel Countries* -Other countries where the delayed issuance of high school or college (university) graduation certificates can be confirmed through government documents ∙ It applies only to those who have graduated within one year from the date of issuance of the', '4) 대학입학을위해국가시험합격등이필요한국가는시험합격증등을학력요건입증서류로예외적인정\n국가명 시험명 비고\nCBSE, ICSE, IB 등중앙및지방교육평가기관\n인도 Migration Certificate\n발행\n(발급기관)\n①2016년(네팔달력2073년) 이전\n네팔 학업성적증명서(Academic Transcript) : HSEB(Higher Secondary Education Board)\n②2016년(네팔달력2073년) 이후\n: NEB(National Examination Board)\n대입시험합격증\n미얀마 (Matriculation Examination Pass\nCertificate)\nSPM : SijilPelajaran Malaysia\n말레이시아 학력평가성적표\n또는STPM : SijilTinggi Persekolahan Malaysia\n국가법률이나공적인문서로대학입학을위한자격요건에준하는시험이나자격이규정된경우\n그외 에는학력요건입증서류로인정가능\n※ 단, 신청인이해당국가의법률이나공적문서등에따른자격기준을소명하여야함\n5)졸업예정증명서또는임시졸업증명서에대한예외적인정\n∙공식적인졸업증명서를수개월이상지원발급하는국가의경우,졸업예정증명서또는임시졸업증명서제출가능\n(단.체류기간연장시반드시최종졸업증명서를추가제출하여야함)\n베트남, 미얀마, 네팔, 인도, 말레이시아, 스리랑카, 캄보디아, 이스라엘,\n대상국가\n그외정부기관문서로서고교·대학(원) 졸업증명서지연발급사실이확인가능한국가\n∙대상자:표준입학허가서발급일기준졸업일로부터1년이내인사람\n∙인정서류:졸업예정증명서또는임시졸업증등\n※인적사항,학교명,시험명,수학기간이나졸업(예정)일등이기재되어졸업요건을갖추었음을확인할수있어야함\n※서류발급국가의아포스티유나주재국대한민국공관의영사확인을받아야함\n바.성적증명서\n∙[한국어또는영어]로된성적표의경우원본첨부\n-[한국어또는영어]이외의언어로된경우,한국어또는영어로번역공증을받아제출(원어성적증명서사본첨부)\n- 12 -']","Nếu sinh viên quốc tế bị chậm cấp chứng nhận tốt nghiệp, họ có thể nộp các giấy tờ sau:

1. **Chứng nhận tốt nghiệp dự kiến** hoặc **chứng nhận tốt nghiệp tạm thời**: Đây là các giấy tờ có thể được chấp nhận trong trường hợp chứng nhận tốt nghiệp chính thức bị chậm trễ nhiều tháng.

2. **Giải thích về tiêu chí trình độ học vấn**: Sinh viên cần phải giải thích các tiêu chí về trình độ học vấn theo luật pháp hoặc tài liệu chính thức của quốc gia liên quan.

3. **Chứng từ xác nhận việc chậm cấp chứng nhận**: Cần có tài liệu từ cơ quan chính phủ xác nhận việc chậm cấp chứng nhận tốt nghiệp.

4. **Thông tin cá nhân và thông tin về trường học**: Các giấy tờ cần phải có thông tin như họ tên, tên trường, tên kỳ thi, thời gian học tập hoặc ngày tốt nghiệp (dự kiến) để xác nhận rằng sinh viên đã hoàn thành các yêu cầu tốt nghiệp.

5. **Xác nhận hợp pháp**: Tài liệu cần phải được xác nhận bằng apostille hoặc xác nhận từ cơ quan lãnh sự của Hàn Quốc.

Lưu ý rằng sinh viên phải nộp chứng nhận tốt nghiệp chính thức khi gia hạn visa tại Hàn Quốc.","졸업 증명서 발급이 지연될 경우, 유학생은 예비 졸업 증명서나 임시 졸업 증명서를 제출할 수 있습니다.",0.9999999999666667,1.0
Dịch vụ hỗ trợ cho sinh viên quốc tế trong khuôn viên trường đại học nằm ở đâu?,"['[Tables]\n|  |\n| 13. 기타 사항 나. 유학생 보험 - 유학기간 중, 예상치 못한 질병, 상해, 사망 등 불의의 사고에 대비하여 유학생 전원 의무가입 - 2021년3월부터 외국인 유학생 국민건강보험 당연 가입(약 월 60,000원) 다. 유학생 지원 프로그램 프로그램명 프로그램내용 외국인학부신/편입생과한국인재학생을多:1로매치하여외국인학부학교생 유학생학습튜터링 활안내및학업지원 학부유학생(2~4학년)들의전공학습지원을위한튜터링프로그램 유학생전공스터디그룹 (한국인튜터, 유학생튜티로스터디진행) 본교한국인재학생과외국인재학생이모여부산지역거주외국인들을 동아동화 대상으로지역사회봉사활동기획/운영 외국인유학생대상문화활동기획및홍보를통한내·외국인재학생간국제교 데일리(Dong-AI Love You) 류활동활성화를위한다양한역할을수행할수있는프로그램 유학생체육대회, International Day,한국문화체험, 글로벌리더스클럽(Global 기타행사 Leaders Club)-취업역량강화프로그램, 한국법령교육등 라. 합격자 표준입학허가서 발급 및 비자 안내: 합격자에 한하여 별도 안내 마. 신입생 오리엔테이션: 일정 추후 안내 예정이며 전원 참석 필수 14. 문의 가. 국제교류과 (입학 문의) -주소:부산광역시서구구덕로225동아대학교부민캠퍼스,B03-0202국제교류과 -전화:+82-51-200-6444 -이메일:contact@donga.ac.kr -홈페이지:(국문)https://global.donga.ac.kr// (영문)https://global.donga.ac.kr/dongaoia/ -문의가능시간:월~금요일,09:00~17:00(12:00~13:00제외) 나. 각 학과 사무실 (학사·전공 문의) -각학과홈페이지참조 -https://about.donga.ac.kr/about/Main.do - 18 - |\n| 프로그램명 | 프로그램내용 |\n| 유학생학습튜터링 | 외국인학부신/편입생과한국인재학생을多:1로매치하여외국인학부학교생 활안내및학업지원 |', '13. 기타 사항\n나. 유학생 보험\n- 유학기간 중, 예상치 못한 질병, 상해, 사망 등 불의의 사고에 대비하여 유학생 전원 의무가입\n- 2021년3월부터 외국인 유학생 국민건강보험 당연 가입(약 월 60,000원)\n다. 유학생 지원 프로그램\n프로그램명 프로그램내용\n외국인학부신/편입생과한국인재학생을多:1로매치하여외국인학부학교생\n유학생학습튜터링\n활안내및학업지원\n학부유학생(2~4학년)들의전공학습지원을위한튜터링프로그램\n유학생전공스터디그룹\n(한국인튜터, 유학생튜티로스터디진행)\n본교한국인재학생과외국인재학생이모여부산지역거주외국인들을\n동아동화\n대상으로지역사회봉사활동기획/운영\n외국인유학생대상문화활동기획및홍보를통한내·외국인재학생간국제교\n데일리(Dong-AI Love You)\n류활동활성화를위한다양한역할을수행할수있는프로그램\n유학생체육대회, International Day,한국문화체험, 글로벌리더스클럽(Global\n기타행사\nLeaders Club)-취업역량강화프로그램, 한국법령교육등\n라. 합격자 표준입학허가서 발급 및 비자 안내: 합격자에 한하여 별도 안내\n마. 신입생 오리엔테이션: 일정 추후 안내 예정이며 전원 참석 필수\n14. 문의\n가. 국제교류과 (입학 문의)\n-주소:부산광역시서구구덕로225동아대학교부민캠퍼스,B03-0202국제교류과\n-전화:+82-51-200-6444\n-이메일:contact@donga.ac.kr\n-홈페이지:(국문)https://global.donga.ac.kr// (영문)https://global.donga.ac.kr/dongaoia/\n-문의가능시간:월~금요일,09:00~17:00(12:00~13:00제외)\n나. 각 학과 사무실 (학사·전공 문의)\n-각학과홈페이지참조\n-https://about.donga.ac.kr/about/Main.do\n- 18 -', 'provided after entering our university.\nChina : or notorization, Philippines: Family Census, Indonesia : KARTU KELUARGA,\n5 Information about Immigration Office - (map included)\n户口本 亲属关系证明 영주터널\nVietnam : So Ho Khau or Giay Khai Sinh, Pakistan : Family Certificate\nA. D uties: Issuing alien registration card, extension of length of stay, change in types of visa,\n중앙동\nchange in address, reports and declarations and etc. 지하철역 중부경찰서\n※ T hese are the basic requirements for applying for the visa. Conditions may vary depending on the country, so please check with the\nB. P hone number: representative number (without area code) 1345 / general civil service center\nKorean embassies in your country before applying for the visa. 남포동\n051-461-3120~6 중부소방서 대한항공빌딩 부산역\n영\nC. Directions 주 고\n부산출입국 가\n- S ubway: line number 1 (Orange line), Busan station exit number 2 or Joongang station exit 종합민원센터 교\nnumber 14, first floor of the Korean Air building (Joongang-dong).\n6 Note\n06\nDormitory']","Dịch vụ hỗ trợ cho sinh viên quốc tế tại trường đại học được cung cấp bởi Phòng Hợp tác Quốc tế (국제교류과). Địa chỉ của phòng này là: 

- **Địa chỉ**: 부산광역시서구구덕로225 동아대학교 부민캠퍼스, B03-0202 국제교류과
- **Số điện thoại**: +82-51-200-6444
- **Email**: contact@donga.ac.kr
- **Website**: [Trang web tiếng Hàn](https://global.donga.ac.kr//) | [Trang web tiếng Anh](https://global.donga.ac.kr/dongaoia/)

Thời gian làm việc: Thứ Hai đến Thứ Sáu, từ 09:00 đến 17:00 (trừ 12:00 đến 13:00).",국제학생을 위한 지원 서비스는 학생회관(S02) 근처에 위치하고 있습니다.,0.49999999995,0.0
Du học sinh cần nộp những loại giấy tờ nào?,"['❑ 비자 종류별 정보 / Visa type Information\nD-2-8 Visiting Student 91일이상, 단수입국(독일인만복수)\nOver 91 days, Single entry\nD-2-8 방문학생\n(Only German national Multiple entry)\n➢ 비자+ 서비스수수료/ Visa + Service fee\nVisa Fee (Mandatory) Please check your visa fee HERE in EURO\nService Fee (Mandatory) 60.00 EURO\nCourier Return service (Optional) 15.00 EURO\nStudent from the countries below, please go to page no.12\nBangladesh, Cameroon, China, Ethiopia, Egypt, Ghana, Guinea, Iran, India, Indonesia, Kazakhstan,\nKyrgyzstan, Nigeria, Nepal, Mali, Myanmar, Mongolia, Pakistan, Peru, Philippines, Sri Lanka, Thailand,\nUkraine, Uzbekistan, Uganda, and Vietnam.\n➢ 필수제출서류/ Mandatory document to be submitted\n1 VisaApplicationForm(Formno.17)/ 사증발급신청서(제17호서식)e-signature not permitted/전자서명불가\nPassport with at least 6 months remainder validity\n2\n여권유효기간이최소6개월이상남아있는여권\nOne3.5X4.5cmpicturetakeninthepast6months. Please glue the photo on the Application Form.\n3\n최근6개월이내촬영한3.5X4.5cm사진. 사증발급신청서사진란에풀로부착.\nCertificate of Admission/표준입학허가서', '1\nnot acceptable)\n2\n- The principal’s stamp or signature must be included.\nDocument proving that you are an exchange student. (Submission of the Incomplete document form is not acceptable)\n1) Exchange student agreement between the two universities.\n1\nOR\n3\n2) Letter of Acceptance\n- The exchange program title and name of the home country university and the inviting university in Korea must be included.', '| 1 1 | Financial proof (670EURO * 00Months) - Your bank statement issued within 1 month (Original needed). - If you submit parents’ bank statement, please submit your birth or family certification. (Please translate the document if it is not written in English or Korean. And submit a translate verification.) |\n| 1 2 | A visa request letter(reference letter) issued by the Principal of home country university. (Submission of the Incomplete document form is not acceptable) - The principal’s stamp or signature must be included. |\n| 1 3 | Document proving that you are an exchange student. (Submission of the Incomplete document form is not acceptable) 1) Exchange student agreement between the two universities. OR 2) Letter of Acceptance - The exchange program title and name of the home country university and the inviting university in Korea must be included. |']","Du học sinh cần nộp những loại giấy tờ sau:

1. **Đơn xin visa (Visa Application Form - Form no. 17)**: Không chấp nhận chữ ký điện tử.
2. **Hộ chiếu**: Hộ chiếu phải còn ít nhất 6 tháng hiệu lực.
3. **Ảnh 3.5x4.5 cm**: Ảnh chụp trong vòng 6 tháng gần đây, dán vào đơn xin visa.
4. **Giấy chứng nhận nhập học (Certificate of Admission)**: Phải có dấu hoặc chữ ký của hiệu trưởng.
5. **Tài liệu chứng minh bạn là sinh viên trao đổi**: 
   - Thỏa thuận sinh viên trao đổi giữa hai trường đại học, hoặc
   - Thư chấp nhận (Letter of Acceptance) có tiêu đề chương trình trao đổi và tên của trường đại học ở nước bạn và trường mời ở Hàn Quốc.
6. **Chứng minh tài chính**: Sao kê ngân hàng trong vòng 1 tháng (bản gốc) với số tiền tối thiểu là 670 EURO cho mỗi tháng. Nếu sử dụng sao kê ngân hàng của cha mẹ, cần nộp giấy chứng nhận quan hệ gia đình (có dịch thuật nếu không bằng tiếng Anh hoặc Hàn Quốc).
7. **Thư xin visa (reference letter)**: Thư do hiệu trưởng trường đại học ở nước bạn cấp, có dấu hoặc chữ ký của hiệu trưởng.

Lưu ý: Tất cả các tài liệu không bằng tiếng Anh hoặc Hàn Quốc cần phải được dịch và nộp kèm theo giấy xác nhận dịch thuật.","유학생이 제출해야 하는 서류에는 교육 과정, 평균 및 분포의 고등학교 표준화 시험 점수, 학교 소개 자료, 학교 활동 증명서, 고등학교 졸업 시험 또는 대학 입학 시험 성적표 등이 포함됩니다.",0.0,0.0
Trường đại học này có những loại học bổng nào dành cho sinh viên quốc tế?,"['| 구분 |  |  | 수혜금액 | 수혜조건 |\n| 장학명 | 자격요건 | 종류 |  |  |\n| 외국인 우수신입생 장학금 A,B,C,D,E | 외국인신(편)입학 특별전형합격자 | A | 수업료100% | 한국어능력시험(TOPIKPBT, TOPIK iBT) 5급이상소지자 |\n|  |  | B | 수업료60% | 한국어능력시험(TOPIKPBT, TOPIK iBT) 4급소지자 |\n|  |  | C | 수업료50% | 한국어능력시험(TOPIKPBT, TOPIK iBT) 3급소지자 |\n|  |  | D | 수업료40% | 동아한국어능력시험(Dong-A TOPIK) 3급이상소지자 |\n|  |  | E | 수업료30% | 본교입학자격요건을갖춘신(편)입생중, 외국인우수신입생장학금A,B,C,D에해당되지않는자 |\n| DAU 외국인 우수신입생 장학금 A,B,C,D | 외국인신(편)입학 특별전형합격자중, 본교한국어학당을 2개학기이상수료 하고최종2개학기 출석률이80% 이 상인자 | A | 수업료100% | 한국어능력시험(TOPIKPBT, TOPIK iBT) 5급이상소지자 |\n|  |  | B | 수업료70% | 한국어능력시험(TOPIKPBT, TOPIK iBT) 4급소지자 |\n|  |  | C | 수업료60% | 한국어능력시험(TOPIKPBT, TOPIK iBT) 3급소지자 |\n|  |  | D | 수업료50% | 본교입학자격요건을갖춘신(편)입생중, DAU 외국인우수신입생장학금A,B,C에해당되지않는자 |\n| 구분 | 수혜기간 | 수혜금액 | 수혜조건 |', '| 12. 장학금 가. 신입생 장학금 1) 외국인 우수신입생 장학금 구분 수혜금액 수혜조건 장학명 자격요건 종류 A 수업료100% 한국어능력시험(TOPIKPBT, TOPIK iBT) 5급이상소지자 외국인 B 수업료60% 한국어능력시험(TOPIKPBT, TOPIK iBT) 4급소지자 우수신입생 외국인신(편)입학 장학금 C 수업료50% 한국어능력시험(TOPIKPBT, TOPIK iBT) 3급소지자 특별전형합격자 A,B,C,D,E D 수업료40% 동아한국어능력시험(Dong-A TOPIK) 3급이상소지자 본교입학자격요건을갖춘신(편)입생중, E 수업료30% 외국인우수신입생장학금A,B,C,D에해당되지않는자 외국인신(편)입학 A 수업료100% 한국어능력시험(TOPIKPBT, TOPIK iBT) 5급이상소지자 DAU 특별전형합격자중, 외국인 본교한국어학당을 B 수업료70% 한국어능력시험(TOPIKPBT, TOPIK iBT) 4급소지자 우수신입생 2개학기이상수료 장학금 하고최종2개학기 C 수업료60% 한국어능력시험(TOPIKPBT, TOPIK iBT) 3급소지자 A,B,C,D 출석률이80% 이 본교입학자격요건을갖춘신(편)입생중, D 수업료50% 상인자 DAU 외국인우수신입생장학금A,B,C에해당되지않는자 ※위장학금은입학학기에만적용되며2번째학기부터는재학생장학금기준에따라지급 ※장학금지급기준및지급액은본교장학제도에따라변동될수있음 2) 외국인 유학생 국가장학금 구분 수혜기간 수혜금액 수혜조건 아래학과외국인신입학특별전형합격자중학과추천자 - 인문과학대학: 역사문화학부, 한국어문학과 - 자연과학대학: 반도체학과, 바이오메디컬학과 - 사회과학대학: 미디어커뮤니케이션학과 - 경영대학: 경영학과, 관광경영학과, 국제무역학과, 경영정보학과 동아특화분야 - 생명자원과학대학: 식품생명공학과, 스마트그린자원학과 첫학기 우수장학금Ⅰ - 공학: 환경에너지공학과-미래에너지공학전공, 전기공학과, 전자공학과, 기계공학과, 산업경영공학과, 조선해양공학과, 화학공학과, 신소재공학과 수업료전액 - 디자인환경대학:', '미디어커뮤니케이션학과 - 경영대학: 경영학과, 관광경영학과, 국제무역학과, 경영정보학과 동아특화분야 - 생명자원과학대학: 식품생명공학과, 스마트그린자원학과 첫학기 우수장학금Ⅰ - 공학: 환경에너지공학과-미래에너지공학전공, 전기공학과, 전자공학과, 기계공학과, 산업경영공학과, 조선해양공학과, 화학공학과, 신소재공학과 수업료전액 - 디자인환경대학: 건축학과, 산업디자인학과, 패션디자인학과, 조경학과 (입학금포함) - 예술체육대학: 미술학과 - 건강과학대학: 식품영양학과, 의약생명공학과, 건강관리학과 - 소프트웨어대학: 컴퓨터공학과, AI학과 아래학과외국인신입학특별전형합격자중학과추천자 - 자연과학대학: 화학과, 바이오메디컬학과 동아특화분야 2개학기 - 공과대학: 환경에너지공학과-미래에너지공학전공, 전기공학과, 전자공학 우수장학금Ⅱ (1년) 과, 기계공학과, 화학공학과, 조선해양공학과 - 예술체육대학: 체육학과 - 건강과학대학: 식품영양학과, 의약생명공학과, 건강관리학과 ※장학금지급대상학과는변동될수있음 ※장학금지급기준및지급액은본교장학제도에따라변동될수있음 ※학과추천외에학업성적,어학성적등추가검토사항이반영될수있음 - 16 - |']","Trường đại học này có các loại học bổng dành cho sinh viên quốc tế như sau:

1. **Học bổng cho sinh viên quốc tế xuất sắc (Ngoại quốc)**:
   - **Học bổng A**: Miễn 100% học phí cho sinh viên có chứng chỉ TOPIK (Kỳ thi năng lực tiếng Hàn) từ cấp 5 trở lên.
   - **Học bổng B**: Miễn 60% học phí cho sinh viên có chứng chỉ TOPIK từ cấp 4.
   - **Học bổng C**: Miễn 50% học phí cho sinh viên có chứng chỉ TOPIK từ cấp 3.
   - **Học bổng D**: Miễn 40% học phí cho sinh viên có chứng chỉ Dong-A TOPIK từ cấp 3 trở lên.
   - **Học bổng E**: Miễn 30% học phí cho sinh viên không thuộc các loại học bổng A, B, C, D nhưng đáp ứng đủ điều kiện nhập học.

2. **Học bổng DAU cho sinh viên quốc tế xuất sắc**:
   - **Học bổng A**: Miễn 100% học phí cho sinh viên có chứng chỉ TOPIK từ cấp 5 trở lên và đã hoàn thành ít nhất 2 học kỳ tại trường tiếng Hàn.
   - **Học bổng B**: Miễn 70% học phí cho sinh viên có chứng chỉ TOPIK từ cấp 4.
   - **Học bổng C**: Miễn 60% học phí cho sinh viên có chứng chỉ TOPIK từ cấp 3.
   - **Học bổng D**: Miễn 50% học phí cho sinh viên không thuộc các loại học bổng A, B, C nhưng đáp ứng đủ điều kiện nhập học.

Ngoài ra, còn có các học bổng khác như học bổng quốc gia dành cho sinh viên quốc tế trong các ngành học cụ thể, với mức hỗ trợ học phí khác nhau tùy thuộc vào ngành học và điều kiện cụ thể.","유학생을 위한 장학금으로는 첫학기 우수장학금Ⅰ, 우수장학금Ⅱ 등이 있으며, 장학금 지급 대상 학과는 변동될 수 있습니다.",0.9999999999666667,1.0
Số điện thoại liên hệ với Khoa Giao lưu Quốc tế của Đại học Dong-A là gì?,"['| Korean | English |\n| 우) 49236 부산광역시서구구덕로225 동아대학교, 부민캠퍼스,B03-0202,국제교류과 전화)051-200-6444 | (49236) Office of International Affairs, B03-0202, BuminCampus, Dong-A University, 225 Gudeok-ro, Seo-gu, Busan, Korea ☎82-51-200-6444 |', '나.제출장소:동아대학교국제교류과(우편또는방문제출)\n국문주소 영문주소\n(49236) Office of International Affairs,\n우) 49236 부산광역시서구구덕로225\nB03-0202, BuminCampus, Dong-A University,\n동아대학교부민캠퍼스B03-0202국제교류과\n225 Gudeok-ro, Seo-gu, Busan, Korea\n전화)051-200-6444\n☎82-51-200-6444\n- 13 -', '※ 기간내원본서류제출이불가할경우, 사전연락필수(사유없이기한내원본서류미제출시합격취소) 나.제출장소:동아대학교국제교류과(우편또는방문제출) 국문주소 영문주소 (49236) Office of International Affairs, 우) 49236 부산광역시서구구덕로225 B03-0202, BuminCampus, Dong-A University, 동아대학교부민캠퍼스B03-0202국제교류과 225 Gudeok-ro, Seo-gu, Busan, Korea 전화)051-200-6444 ☎82-51-200-6444 - 13 - |']",Số điện thoại liên hệ với Khoa Giao lưu Quốc tế của Đại học Dong-A là 051-200-6444.,051-200-6444 또는 82-51-200-6444입니다.,0.9999999999666667,1.0
Sinh viên quốc tế khi đăng ký nhập học cần nộp những giấy tờ gì?,"['confirmation letter of tuition fee, etc.\nStudents who are enrolled with an insurance from their own country should provide proof of insurance after entering\n- A graduation certificate of the most recently attended school\nKorea.\n- Proof of Financial Capability (at least USD 8,000 per year): Parents’ proof of income and certificate of employment\n- Certificate of Bank Balance (at least KRW 8,000,000) * E ffective starting from March of 2015, all international students are required to have insurances according to the\n- TB Test Certificate laws of the Korean government.\n* F rom February 2021, foreigners staying in Korea for more than 6 months are obligated to subscribe to public\nFamily Relations Proof Sample health insurance and pay insurance premiums. Please note that the exact premium and subscription details will be\nprovided after entering our university.\nChina : or notorization, Philippines: Family Census, Indonesia : KARTU KELUARGA,', '1\nnot acceptable)\n2\n- The principal’s stamp or signature must be included.\nDocument proving that you are an exchange student. (Submission of the Incomplete document form is not acceptable)\n1) Exchange student agreement between the two universities.\n1\nOR\n3\n2) Letter of Acceptance\n- The exchange program title and name of the home country university and the inviting university in Korea must be included.', '❑ 비자 종류별 정보 / Visa type Information\nD-2-8 Visiting Student\n91일이상, 단수입국\nD-2-8 방문학생 Over 91 days, Single entry\n➢ 비자+ 서비스수수료/ Visa + Service fee\nVisa Fee (Mandatory) Please check your visa fee HEREin EURO\nService Fee (Mandatory) 60.00 EURO\nCourier Return service (Optional) 15.00 EURO\nApplicable only to students from the countries below,\nBangladesh, Cameroon, China, Ethiopia, Egypt, Ghana, Guinea, Iran, India, Indonesia, Kazakhstan, Kyrgyzstan,\nNigeria, Nepal, Mali, Myanmar, Mongolia, Pakistan, Peru, Philippines, Sri Lanka, Thailand, Ukraine,\nUzbekistan, Uganda, and Vietnam.\n➢ 필수제출서류/ Mandatory document to be submitted\nCASE 1: If your university is on the Excellent accredited Universities list\n1 VisaApplicationForm(Formno.17)/ 사증발급신청서(제17호서식)e-signature not permitted/전자서명불가\nPassport with at least 6 months remainder validity\n2\n여권유효기간이최소6개월이상남아있는여권\nOne3.5X4.5cmpicturetakeninthepast6months. Please glue the photo on the Application Form.\n3\n최근6개월이내촬영한3.5X4.5cm사진. 사증발급신청서사진란에풀로부착.']","Sinh viên quốc tế khi đăng ký nhập học cần nộp những giấy tờ sau:

1. **Giấy chứng nhận tốt nghiệp** của trường học gần nhất đã theo học.
2. **Chứng minh khả năng tài chính** (ít nhất 8,000 USD mỗi năm): Bao gồm chứng minh thu nhập của cha mẹ và giấy chứng nhận việc làm.
3. **Giấy chứng nhận số dư ngân hàng** (ít nhất 8,000,000 KRW).
4. **Giấy chứng nhận xét nghiệm lao phổi (TB Test Certificate)**.
5. **Giấy tờ chứng minh quan hệ gia đình** (ví dụ: Giấy chứng nhận gia đình, tùy thuộc vào quốc gia).
6. **Giấy tờ chứng minh bạn là sinh viên trao đổi**: 
   - Thỏa thuận sinh viên trao đổi giữa hai trường đại học, hoặc
   - Thư chấp nhận từ trường đại học tại Hàn Quốc.
7. **Đơn xin visa (Mẫu số 17)**: Không chấp nhận chữ ký điện tử.
8. **Hộ chiếu** còn hiệu lực ít nhất 6 tháng.
9. **Một bức ảnh 3.5x4.5 cm** chụp trong vòng 6 tháng gần đây, dán vào đơn xin visa.

Ngoài ra, sinh viên cũng cần lưu ý về các yêu cầu bảo hiểm y tế theo quy định của chính phủ Hàn Quốc.","유학생이 입학 지원 시 필수 제출 서류는 입학지원서, 자기소개서, 학력조회동의서, 고등학교 졸업(예정) 증명서, 고등학교 성적증명서, 전적 대학 졸업(예정) 증명서 또는 재학증명서, 전적 대학 성적증명서, 부모·학생 관계증명서, 본인 및 부모의 신분증 사본, 재정능력 입증 서류(은행 잔고 증명서), 재정보증 확인서, 재정보증인 수입증명서, 재직증명서, 어학능력 입증 서류, 여권 사본입니다.",0.9999999999666667,1.0
Khi nào thì cần phải nộp giấy chứng nhận lao phổi khi xin visa du học?,"['choose case 1. Please check carefully on the list.)\n■ Case 2: If your university is NOT on the Excellentaccredited Universities,\nyou must prepare the documents for case 1 and 2. For more\ninformation, please find your documents list per your visa type.\nIf your country is on the high risk of tuberculosis,\nyou must submit the “tuberculosis certificate” extra.\nIf you’ve been staying more than 6 months in Europe, you do not need to submit it.', 'Documents proving you have attended university for more than one semester\n- Original and Apostille document should be submitted\n1 *If your country of origin is not among the Apostille Convention countries, please visit the Embassy of your country of origin located in the\n0 country where you are studying/have studied\n*If you have graduated from a Dutch university, you have the option to have your documents apostilled through the official Dutch Apostille\norganization.\nFinancial proof (670EURO * 00Months)\n1 - Your bank statement issued within 1 month (Original needed).\n1 - If you submit parents’ bank statement, please submit your birth or family certification. (Please translate the document if it is not written\nin English or Korean. And submit a translate verification.)\nA visa request letter(reference letter) issued by the Principal of home country university. (Submission of the Incomplete document form is\n1\nnot acceptable)\n2\n- The principal’s stamp or signature must be included.', '❑ 비자 종류별 정보 / Visa type Information\nD-2-1 ~ D-2-4 University Student Visa\n91일이상, 단수입국\nD-2-1 ~ D-2-4 학생 유학 비자 Over 91 days, Single entry\n➢ 비자+ 서비스수수료/ Visa + Service fee\nVisa Fee (Mandatory) Please check your visa fee HEREin EURO\nService Fee (Mandatory) 60.00 EURO\nCourier Return service (Optional) 15.00 EURO\nApplicable only to students from the countries below,\nBangladesh, Cameroon, China, Ethiopia, Egypt, Ghana, Guinea, Iran, India, Indonesia, Kazakhstan, Kyrgyzstan,\nNigeria, Nepal, Mali, Myanmar, Mongolia, Pakistan, Peru, Philippines, Sri Lanka, Thailand, Ukraine,\nUzbekistan, Uganda, and Vietnam.\n➢ 필수제출서류/ Mandatory document to be submitted\nCASE 1: If your university is on the Excellent accredited Universities list\n1 VisaApplicationForm(Formno.17)/ 사증발급신청서(제17호서식)e-signature not permitted/전자서명불가\nPassport with at least 6 months remainder validity\n2\n여권유효기간이최소6개월이상남아있는여권\nOne3.5X4.5cmpicturetakeninthepast6months. Please glue the photo on the Application Form.\n3']","Bạn cần phải nộp giấy chứng nhận lao phổi khi xin visa du học trong các trường hợp sau:

1. Nếu quốc gia của bạn nằm trong danh sách có nguy cơ cao về bệnh lao (tuberculosis).
2. Nếu bạn đã ở lại châu Âu hơn 6 tháng, bạn không cần phải nộp giấy chứng nhận này. 

Vì vậy, chỉ những người đến từ các quốc gia có nguy cơ cao về bệnh lao và chưa ở châu Âu quá 6 tháng mới cần nộp giấy chứng nhận lao phổi.",자신의 국가가 결핵 고위험 국가에 해당하는 경우에는 결핵 증명서를 추가로 제출해야 합니다.,0.9999999999,1.0
Thời gian đăng ký trực tuyến cho sinh viên quốc tế là khi nào?,"['| 1. Admission Schedule Dates Process Remarks 1stRound 2ndRound Online Online Application 2026.4.1.(Wed) ~ 4.14.(Tue) 2026.6.15.(Mon) ~ 6.21.(Sun) Application (applydonga.accomsystem.co.kr) Interview details will be Document 2026.5.4.(Mon) 2026.7.7.(Tue) announced on the Office of Screening (Scheduled) (Scheduled) International Affairs website on: 2026.5.6.(Wed)~5.8.(Fri) 2026.7.8.(Wed) ~ 7.10.(Fri) Interview -1st: 2026.5.4.(Mon) (Scheduled) (Scheduled) -2nd: 2026.7.7.(Tue) To be announced on the Notificationof 2026.5.15.(Fri) 14:00 2026.7.20.(Wed) 14:00 Office of International Admission (Scheduled) (Scheduled) Affairs website 2026.5.18.(Mon) ~ 5.20.(Wed) 2026.7.21.(Tue) ~ 7.23.(Thu) Tuition Payment 9:00 ~ 16:00 9:00 ~ 16:00 ※The above information is subject to change. ※Any changes will be announced on the Office of International Affairs website. ※Website: http://global.donga.ac.kr/dongaoia 2. Admission Process Register Online Application at (applydonga.accomsystem.co.kr) ↓', '1. Admission Schedule\nDates\nProcess Remarks\n1stRound 2ndRound\nOnline Online Application\n2026.4.1.(Wed) ~ 4.14.(Tue) 2026.6.15.(Mon) ~ 6.21.(Sun)\nApplication (applydonga.accomsystem.co.kr)\nInterview details will be\nDocument 2026.5.4.(Mon) 2026.7.7.(Tue)\nannounced on the Office of\nScreening (Scheduled) (Scheduled)\nInternational Affairs\nwebsite on:\n2026.5.6.(Wed)~5.8.(Fri) 2026.7.8.(Wed) ~ 7.10.(Fri)\nInterview -1st: 2026.5.4.(Mon)\n(Scheduled) (Scheduled)\n-2nd: 2026.7.7.(Tue)\nTo be announced on the\nNotificationof 2026.5.15.(Fri) 14:00 2026.7.20.(Wed) 14:00\nOffice of International\nAdmission (Scheduled) (Scheduled)\nAffairs website\n2026.5.18.(Mon) ~ 5.20.(Wed) 2026.7.21.(Tue) ~ 7.23.(Thu)\nTuition Payment\n9:00 ~ 16:00 9:00 ~ 16:00\n※The above information is subject to change.\n※Any changes will be announced on the Office of International Affairs website.\n※Website: http://global.donga.ac.kr/dongaoia\n2. Admission Process\nRegister Online Application at (applydonga.accomsystem.co.kr)\n↓', '| Process | Dates |  | Remarks |\n|  | 1stRound | 2ndRound |  |\n| Online Application | 2026.4.1.(Wed) ~ 4.14.(Tue) | 2026.6.15.(Mon) ~ 6.21.(Sun) | Online Application (applydonga.accomsystem.co.kr) |\n| Document Screening | 2026.5.4.(Mon) (Scheduled) | 2026.7.7.(Tue) (Scheduled) | Interview details will be announced on the Office of International Affairs website on: -1st: 2026.5.4.(Mon) -2nd: 2026.7.7.(Tue) |\n| Interview | 2026.5.6.(Wed)~5.8.(Fri) (Scheduled) | 2026.7.8.(Wed) ~ 7.10.(Fri) (Scheduled) |  |\n| Notificationof Admission | 2026.5.15.(Fri) 14:00 (Scheduled) | 2026.7.20.(Wed) 14:00 (Scheduled) | To be announced on the Office of International Affairs website |\n| Tuition Payment | 2026.5.18.(Mon) ~ 5.20.(Wed) 9:00 ~ 16:00 | 2026.7.21.(Tue) ~ 7.23.(Thu) 9:00 ~ 16:00 |  |']","Thời gian đăng ký trực tuyến cho sinh viên quốc tế là từ ngày 1 tháng 4 năm 2026 (thứ Tư) đến ngày 14 tháng 4 năm 2026 (thứ Ba) cho đợt 1, và từ ngày 15 tháng 6 năm 2026 (thứ Hai) đến ngày 21 tháng 6 năm 2026 (Chủ nhật) cho đợt 2.",2026년 4월 1일(수)부터 4월 14일(화)까지입니다.,0.9999999999666667,1.0
"Khi xin visa du học, cần chứng minh tài chính gì?","[""❑ 비자 종류별 정보 / Visa type Information\nD-2-5 Research Study 91일이상, 단수입국(인도인만복수)\nOver 91 days, Single entry\nD-2-5 연구유학\n(Only Indian national Multiple entry)\n➢ 비자+ 서비스수수료/ Visa + Service fee\nVisa Fee (Mandatory) Please check your visa fee HERE in EURO\nService Fee (Mandatory) 60.00 EURO\nCourier Return service (Optional) 15.00 EURO\n➢ 필수제출서류/ Mandatory document to be submitted\n1 VisaApplicationForm(Formno.17)/ 사증발급신청서(제17호서식)e-signature not permitted/전자서명불가\nPassport with at least 6 months remainder validity\n2\n여권유효기간이최소6개월이상남아있는여권\nOne3.5X4.5cmpicturetakeninthepast6months. Please glue the photo on the Application Form.\n3\n최근6개월이내촬영한3.5X4.5cm사진. 사증발급신청서사진란에풀로부착.\nCertificate of Master or Doctoral's degree* + Apostilled(original)\n4\n신청인의석/박사졸업증(아포스티유(원본)필요)\nBusiness registration of the university in Korea issued within 3 months\n5\n한국대학교의사업자등록증명원명원(발급3개월이내)\nFinancial proof\n재정증명\n- Applicant’s Bank Statement (650EUR * 00months) issued within 2weeks.\n신청인은행계좌내역"", ""*If you have not resided in the Netherlands for more than 2 years, please submit “incomplete document form”\nCertificate of Master or Doctoral's degree* + Apostilled(original)\n5\n신청인의석/박사졸업증(아포스티유(원본)필요)\nBusiness registration of the university in Korea issued within 3 months\n6\n한국대학교의사업자등록증명원명원(발급3개월이내)\nFinancial proof\n재정증명\n- Applicant’s Bank Statement (650EUR * 00months) issued within 2weeks.\n신청인은행계좌내역\n7 - or Confirmation of research allowance: If your research allowance is above 650 EUR per month, you need to apply\nfor another visa type.\n또는연구수당지급확인서(연구수당이월60-70만원상회시, 다른비자타입을신청하여야함)\n- or Guarantee from a Korean university\n또는신원보증서\nConfirmation of Foreign Research Student stamped by head of university\n8\n외국인연구생확인서(대학총장직인날인반드시필요)\n9 Proof of Payment Receipt / 송금내역서\nKVAC Waiver Courier / 우편접수시책임면책서\n1\nPlease clearly write down the address where you wish to have your passport sent back including C/O.\n0\n반드시여권을돌려받아야하는주소를정확하게기재해주시기바랍니다. (우편함이름까지기재)\nKVAC Consent Form and Terms of Use / KVAC 이용약관동의서"", '| 6 | Business registration of the university in Korea issued within 3 months 한국대학교의사업자등록증명원명원(발급3개월이내) |\n| 7 | Financial proof 재정증명 - Applicant’s Bank Statement (650EUR * 00months) issued within 2weeks. 신청인은행계좌내역 - or Confirmation of research allowance: If your research allowance is above 650 EUR per month, you need to apply for another visa type. 또는연구수당지급확인서(연구수당이월60-70만원상회시, 다른비자타입을신청하여야함) - or Guarantee from a Korean university 또는신원보증서 |\n| 8 | Confirmation of Foreign Research Student stamped by head of university 외국인연구생확인서(대학총장직인날인반드시필요) |\n| 9 | Proof of Payment Receipt / 송금내역서 |\n| 1 0 | KVAC Waiver Courier / 우편접수시책임면책서 Please clearly write down the address where you wish to have your passport sent back including C/O. 반드시여권을돌려받아야하는주소를정확하게기재해주시기바랍니다. (우편함이름까지기재) |\n| 1 1 | KVAC Consent Form and Terms of Use / KVAC 이용약관동의서 On page 2, “I have the right to contact IOM at _____”, please write The Hague 2번째장, “I have the right to contact IOM at _____” 에는The Hague 을기재해주시기바랍니다. |']","Khi xin visa du học D-2-5, bạn cần cung cấp chứng minh tài chính như sau:

1. **Bảng sao kê ngân hàng của người nộp đơn**: Bạn cần có bảng sao kê ngân hàng chứng minh có ít nhất 650 EUR cho mỗi tháng trong thời gian bạn dự định ở lại (số tháng cụ thể sẽ được ghi rõ trong hồ sơ).

2. **Hoặc**: Nếu bạn nhận được trợ cấp nghiên cứu (research allowance) trên 650 EUR mỗi tháng, bạn sẽ cần phải xin một loại visa khác.

3. **Hoặc**: Giấy bảo lãnh từ một trường đại học Hàn Quốc.

Ngoài ra, bạn cũng cần cung cấp các tài liệu khác như chứng nhận tốt nghiệp thạc sĩ hoặc tiến sĩ có dấu apostille, giấy chứng nhận đăng ký kinh doanh của trường đại học tại Hàn Quốc, và các giấy tờ khác theo yêu cầu.","유학 비자를 신청할 때는 670유로 곱하기 00개월에 해당하는 금액이 포함된 은행 명세서를 제출해야 하며, 이 명세서는 1개월 이내에 발급된 원본이어야 합니다. 만약 부모의 은행 명세서를 제출할 경우, 출생증명서나 가족관계증명서를 함께 제출해야 합니다. 문서가 영어 또는 한국어로 작성되지 않은 경우 번역본과 번역 확인서도 제출해야 합니다.",0.9999999999666667,0.3333333333333333
Chuyên ngành chi tiết của ngành Kiến trúc tại trường đại học này là gì?,"['[Tables]\n|  |\n| 모집단위 대학 계열 캠퍼스 학과(부) 전공 건축공학과 도시공학과 건설시스템공학과 미래에너지공학전공 환경·에너지공학부 환경안전전공 전기공학과 공과대학 자연 승학 전자공학과 기계공학과 산업경영공학과 조선해양공학과 화학공학과 신소재공학과 건축학(5년제) 자연 건축학과1) 실내건축디자인(4년제) 디자인 시각미디어디자인 예체능 승학 산업디자인학과 환경대학 제품스페이스디자인 패션디자인학과 자연 조경학과 현대미술전공 영상예술전공2) 미술학과 목조형가구전공 도자예술전공 예술체육대학 예체능 승학 클래식음악(피아노/관현악/성악), 음악학과 실용음악(기악/실용작곡/보컬) 체육학과 태권도학과 식품영양학과 건강과학대학 자연 승학 의약생명공학과 건강관리학과 글로벌비즈니스학과 영미학과 국제대학 인문 부민 중국학과 일본학과 컴퓨터공학과 소프트웨어대학 자연 승학 AI학과 1) 건축학과는2학년부터건축학전공(5년제)과실내건축디자인전공(4년제)으로세부전공을분리함 2) 미술학과의영상예술전공은웹툰&애니메이션에 대한체계적인실무교육을통해웹툰작가및감독, 애니메이터를육성함 - 4 - |\n| 대학 | 계열 | 캠퍼스 | 모집단위 |  |\n|  |  |  | 학과(부) | 전공 |\n| 공과대학 | 자연 | 승학 | 건축공학과 |  |\n|  |  |  | 도시공학과 |  |\n|  |  |  | 건설시스템공학과 |  |\n|  |  |  | 환경·에너지공학부 | 미래에너지공학전공 |\n|  |  |  |  | 환경안전전공 |\n|  |  |  | 전기공학과 |  |\n|  |  |  | 전자공학과 |  |\n|  |  |  | 기계공학과 |  |\n|  |  |  | 산업경영공학과 |  |\n|  |  |  | 조선해양공학과 |  |\n|  |  |  | 화학공학과 |  |\n|  |  |  | 신소재공학과 |  |\n| 디자인 환경대학 | 자연 | 승학 | 건축학과1) | 건축학(5년제) |\n|  |  |  |  | 실내건축디자인(4년제) |', '[Tables]\n|  |\n| 모집단위 대학 계열 캠퍼스 학과(부) 전공 건축공학과 도시공학과 건설시스템공학과 미래에너지공학전공 환경·에너지공학부 환경안전전공 전기공학과 공과대학 자연 승학 전자공학과 기계공학과 산업경영공학과 조선해양공학과 화학공학과 신소재공학과 건축학(5년제) 자연 건축학과1) 실내건축디자인(4년제) 디자인 시각미디어디자인 예체능 승학 산업디자인학과 환경대학 제품스페이스디자인 패션디자인학과 자연 조경학과 현대미술전공 영상예술전공2) 미술학과 목조형가구전공 도자예술전공 예술체육대학 예체능 승학 -클래식음악(피아노/관현악/성악) 음악학과 -실용음악(연주/보컬/실용작곡) 체육학과 태권도학과 식품영양학과 건강과학대학 자연 승학 의약생명공학과 건강관리학과 글로벌비즈니스학과 영미학과 국제대학 인문 부민 중국학과 일본학과 컴퓨터공학과 소프트웨어대학 자연 승학 AI학과 1) 건축학과는2학년부터건축학전공(5년제)과실내건축디자인전공(4년제)으로세부전공을분리함 2) 미술학과의영상예술전공은웹툰&애니메이션에대한체계적인실무교육을통해웹툰작가및감독, 애니메이터를육성함 - 8 - |\n| 대학 | 계열 | 캠퍼스 | 모집단위 |  |\n|  |  |  | 학과(부) | 전공 |\n| 공과대학 | 자연 | 승학 | 건축공학과 |  |\n|  |  |  | 도시공학과 |  |\n|  |  |  | 건설시스템공학과 |  |\n|  |  |  | 환경·에너지공학부 | 미래에너지공학전공 |\n|  |  |  |  | 환경안전전공 |\n|  |  |  | 전기공학과 |  |\n|  |  |  | 전자공학과 |  |\n|  |  |  | 기계공학과 |  |\n|  |  |  | 산업경영공학과 |  |\n|  |  |  | 조선해양공학과 |  |\n|  |  |  | 화학공학과 |  |\n|  |  |  | 신소재공학과 |  |\n| 디자인 환경대학 | 자연 | 승학 | 건축학과1) | 건축학(5년제) |\n|  |  |  |  | 실내건축디자인(4년제) |', '[Tables]\n|  |\n| 모집단위 대학 계열 캠퍼스 학과(부) 전공 건축공학과 도시공학과 건설시스템공학과 미래에너지공학전공 환경·에너지공학부 환경안전전공 전기공학과 공과대학 자연 승학 전자공학과 기계공학과 산업경영공학과 조선해양공학과 화학공학과 신소재공학과 건축학(5년제) 자연 건축학과1) 실내건축디자인(4년제) 디자인 시각미디어디자인 예체능 승학 산업디자인학과 환경대학 제품스페이스디자인 패션디자인학과 자연 조경학과 현대미술전공 영상예술전공2) 미술학과 목조형가구전공 도자예술전공 예술체육대학 예체능 승학 -클래식음악(피아노/관현악/성악) 음악학과 -실용음악(연주/보컬/실용작곡) 체육학과 태권도학과 식품영양학과 건강과학대학 자연 승학 의약생명공학과 건강관리학과 글로벌비즈니스학과 영미학과 국제대학 인문 부민 중국학과 일본학과 컴퓨터공학과 소프트웨어대학 자연 승학 AI학과 1) 건축학과는2학년부터건축학전공(5년제)과실내건축디자인전공(4년제)으로세부전공을분리함 2) 미술학과의영상예술전공은웹툰&애니메이션에 대한체계적인실무교육을통해웹툰작가및감독, 애니메이터를육성함 - 6 - |\n| 대학 | 계열 | 캠퍼스 | 모집단위 |  |\n|  |  |  | 학과(부) | 전공 |\n| 공과대학 | 자연 | 승학 | 건축공학과 |  |\n|  |  |  | 도시공학과 |  |\n|  |  |  | 건설시스템공학과 |  |\n|  |  |  | 환경·에너지공학부 | 미래에너지공학전공 |\n|  |  |  |  | 환경안전전공 |\n|  |  |  | 전기공학과 |  |\n|  |  |  | 전자공학과 |  |\n|  |  |  | 기계공학과 |  |\n|  |  |  | 산업경영공학과 |  |\n|  |  |  | 조선해양공학과 |  |\n|  |  |  | 화학공학과 |  |\n|  |  |  | 신소재공학과 |  |\n| 디자인 환경대학 | 자연 | 승학 | 건축학과1) | 건축학(5년제) |\n|  |  |  |  | 실내건축디자인(4년제) |']","Chuyên ngành chi tiết của ngành Kiến trúc tại trường đại học này bao gồm:

1. **Kiến trúc (5 năm)** - Chuyên ngành chính.
2. **Thiết kế nội thất (4 năm)** - Một chuyên ngành phụ được tách ra từ ngành Kiến trúc.

Sinh viên sẽ được phân chia thành các chuyên ngành này từ năm thứ hai.",건축학과는 2학년부터 건축학전공(5년제)과 실내건축디자인전공(4년제)으로 세부 전공을 분리합니다.,0.9999999999666667,1.0
"Trong quá trình nhập học cho du học sinh tại Đại học Đông Á, cần những giấy tờ gì?","['[Tables]\n|  |\n| 6. 제출 서류 가. 필수 제출 서류 구분 순번 제출서류 비고 신입 편입 - 온라인접수후출력 1 입학지원서 ● ● (applydonga.accomsystem.co.kr) ● ● 2 자기소개서 (양식1) 3 학력조회동의서 ● ● (양식2) - ‘유의사항마.’ 참조 4 고등학교졸업(예정)증명서 ● ● - 아포스티유혹은한국영사확인 - 유의사항바.’ 참조 5 고등학교성적증명서 ● ● - 고등학교전학년성적기재 - 아포스티유혹은한국영사확인 - ‘유의사항마.’ 참조 전적대학졸업(예정)증명서 또는 - 아포스티유혹은한국영사확인 6 ● 재학증명서 - 편입지원자중학사과정재학생은재학증명서, 전문학사졸업(예정)생은졸업(예정)증명서제출 - 유의사항바.’ 참조 7 전적대학성적증명서 ● - 대학교전과정성적기재 - 아포스티유혹은한국영사확인 8 부모·학생관계증명서 ● ● - 유의사항사.’ 참조 - 국적확인가능한신분증제출 9 본인및부모의신분증사본 ● ● (여권혹은본국신분증) 10 재정능력입증서류(은행잔고증명서) ● ● - ‘유의사항아.’ 참조 재정보증확인서 ● ● (양식3) 재정능력입증서류의 11 재정보증인수입증명서 ● ● 주체가본인이아닐시 재직증명서 ● ● - 유효기간내성적만접수가능 12 어학능력입증서류 ● ● (접수마감일기준2년이내취득) 13 여권사본 ● ● ※ 양식별첨 ※ 원서접수기간내필수제출서류를전체스캔하여원서접수사이트에업로드 ※ 업로드시, 항목당파일한개로통합하여제출(PDF, JPG, PNG파일형식) ※제출서류중[한국어또는영어]외의다른언어로된서류는한국어또는영어로번역공증을받아제출 - 9 - |\n| 순번 | 제출서류 |  | 구분 |  | 비고 |\n|  |  |  | 신입 | 편입 |  |\n| 1 | 입학지원서 |  | ● | ● | - 온라인접수후출력 (applydonga.accomsystem.co.kr) |\n| 2 | 자기소개서 |  | ● | ● | (양식1) |\n| 3 | 학력조회동의서 |  | ● | ● | (양식2) |', ""5. Required Documents\nA. Required documents of submission\nNo. Documents Note\n1 Application Form -Onlineapplication at (applydonga.accomsystem.co.kr)\n2 Letter of EducationInquiryConsent *Form1\nCertificate of (Expected) High school -Refer to ‘E’ of 7. Notes for Documents Submission\n3\ngraduation -Verification(Apostille or Korea Consul)isrequired\n-Refer to ‘F’ of 7. Notes for Documents Submission\n4 High school official academic transcript\n-Verification(Apostille or Korea Consul)isrequired\nCertificate of verification\n5 of the relationship between the parents and -Refer to ‘G’ of 7. Notes for Documents Submission\napplicant\n-Submitapplicant and both parents identification documents\nCopy of identification card\n6 -Passportor home country identification card which can\nfor both parents and applicant\nconfirm the foreign nationality\n7 Bank Statement - Refer to ‘H’ of 7. Notes for Documents Submission\nFinancial guarantee\n* Form 2 (Written by a guarantor)\nsupport\nWhen the financial\nGuarantor's income"", '| No. | Documents |  | Note |\n| 1 | Application Form |  | -Onlineapplication at (applydonga.accomsystem.co.kr) |\n| 2 | Letter of EducationInquiryConsent |  | *Form1 |\n| 3 | Certificate of (Expected) High school graduation |  | -Refer to ‘E’ of 7. Notes for Documents Submission -Verification(Apostille or Korea Consul)isrequired |\n| 4 | High school official academic transcript |  | -Refer to ‘F’ of 7. Notes for Documents Submission -Verification(Apostille or Korea Consul)isrequired |\n| 5 | Certificate of verification of the relationship between the parents and applicant |  | -Refer to ‘G’ of 7. Notes for Documents Submission |\n| 6 | Copy of identification card for both parents and applicant |  | -Submitapplicant and both parents identification documents -Passportor home country identification card which can confirm the foreign nationality |\n| 7 | Bank Statement |  | - Refer to ‘H’ of 7. Notes for Documents Submission |']","Trong quá trình nhập học cho du học sinh tại Đại học Đông Á, cần chuẩn bị các giấy tờ sau:

1. **Đơn đăng ký nhập học** - Nộp trực tuyến tại (applydonga.accomsystem.co.kr).
2. **Thư đồng ý kiểm tra học lực** - Sử dụng mẫu 1.
3. **Chứng nhận tốt nghiệp (dự kiến) trung học phổ thông** - Cần có xác minh (Apostille hoặc xác nhận từ lãnh sự quán Hàn Quốc).
4. **Bảng điểm chính thức của trung học phổ thông** - Cần có xác minh (Apostille hoặc xác nhận từ lãnh sự quán Hàn Quốc).
5. **Giấy chứng nhận mối quan hệ giữa phụ huynh và thí sinh**.
6. **Bản sao giấy tờ tùy thân của cả phụ huynh và thí sinh** - Có thể là hộ chiếu hoặc giấy tờ tùy thân của quốc gia gốc xác nhận quốc tịch nước ngoài.
7. **Sao kê ngân hàng** - Cần chứng minh khả năng tài chính.
8. **Giấy chứng nhận bảo lãnh tài chính** - Sử dụng mẫu 2 (nếu người bảo lãnh không phải là thí sinh).
9. **Giấy chứng nhận thu nhập của người bảo lãnh** - Nếu có.
10. **Giấy chứng nhận năng lực ngôn ngữ** - Cần có trong vòng 2 năm tính đến thời điểm nộp hồ sơ.
11. **Bản sao hộ chiếu**.

Lưu ý rằng tất cả các tài liệu cần được nộp dưới dạng file PDF, JPG hoặc PNG và phải được dịch công chứng sang tiếng Hàn hoặc tiếng Anh nếu không phải bằng những ngôn ngữ này.",유학생 입학 과정에서 필요한 서류는 온라인 지원서와 함께 제출해야 하는 모든 필수 문서입니다. 구체적인 서류 목록은 대학의 공식 웹사이트에서 확인할 수 있습니다.,0.9999999999666667,0.5
