user_input,retrieved_contexts,response,reference,faithfulness,answer_relevancy,context_precision,context_recall
GKS 장학금을 받는 유학생이 학과를 변경하려면 어떤 절차를 따라야 하나요?,"['suitability, or to redesign career path, etc., The recipient must change their\ndepartment based on the regulations of the university and obtain approval from\nthe president of the university. However, A GKS recipient selected for a specialized\nprogram(R&D, UIC, etc.) may only change majors within the department that aligns\nwith the purpose of the program.\n② A GKS recipient in a degree program may transfer to an integrated program\naccording to the university’s regulations, as outlined in the following provisions.\nHowever, the scholarship period will not be extended. If the recipient transfers to\nan integrated program, Articles 17 and 22(7) shall apply to the new period of the\nintegrated program, as approved by the university president.\n1. From Undergraduate degree program to Combined Undergraduate degree', 'recipient must submit an absence report with supporting documents such as a medical\ncertificate and may provide them afterward only in unavoidable circumstances.\nArticle 6 (Degree Program Admission) ① A GKS recipient must gain admission to a\ndegree program in accordance with the regulations established by the NIIED president.\n② The president of the institution must report the results of the GKS recipients\nadmission to the NIIED president.\nArticle 7 (Change of the university) A GKS recipient is prohibited from transferring to\nanother university after final approval has been granted by the NIIED president.\nArticle 8 (Change of Department, etc.) ① A GKS recipient may change their\ndepartment in cases such as the abolition of a department, to match major\nsuitability, or to redesign career path, etc., The recipient must change their\ndepartment based on the regulations of the university and obtain approval from', ""program and Master’s degree program\n2. From a Master’s degree program to a Combined Master’s and Doctoral Degree\nProgram\n② The president of the university must notify the NIIED president of any changes in\nthe GKS recipient's degree program, or department (field of study) within one (1)\nmonth of the change.\n③ GKS recipient in the Korean language program may undergo the procedures for\nchanging their department (or major) as specified in Paragraphs 1 and 2 after\nproceeding to a degree program.\nArticle 9 (Enrollment) A GKS recipient is required to complete enrollment procedures\nwithin the registration period set by the University.\nArticle 10 (Study obligation) A GKS recipient must diligently attend classes according\nto the policies and regulations established by the Institution.\nArticle 11 (Scholastic Performance Report) ①The president of the institution is\nresponsible for reporting updates on the academic status of GKS recipients to the"", ""④ Leave of absence must be applied for on a semester basis, and the total period of\nleave of absence shall not exceed one (1) year. However, the president of the institution\nmay grant an additional extension of up to one (1) year if special circumstances are\nrecognized.\n⑤ The president of the institution must report GKS recipient’s leave of absence to\nthe NIIED president.\nArticle 13 (Re-enrollment) ① A GKS recipient must submit an application for\nre-enrollment according to the university’s regulations at least one (1) month\nbefore the end of the leave of absence.\n② The president of the Institution must report the GKS recipient's re-enrollment to\nthe NIIED president no later than two (2) weeks before the start date of each\nsemester."", '학과(부) 변경 등의 절차를 거칠 수 있다.\n제9조(등록) ①장학생은 수학기관이 정한 등록기간 내에 등록하여야 한다.\n②수학기관장은 장학생이 매학기 등록 기한까지 등록을 아니한 경우 교육원장에게\n보고하여야 한다.\n제10조(수학 의무) 장학생은 수학기관의 학칙, 규정 등에 따라 성실히 수강하여야 한다.\n제11조(수학 상황 보고) ①수학기관장은 장학생의 수학 상황을 매학기 종료 후에 다음\n각호와 같이 교육원장에게 보고하여야 한다.\n1. 한국어연수과정 : 성적 및 수료 상황\n2. 학위과정 : 성적, 수료 및 학위 취득 상황\n②특화과정으로 교육원장이 인정하는 외국대학과의 공동학위 및 복수학위(이하 “공동\n학위 등”이라 한다)를 운영하는 수학대학장은 다음 각 호의 사항을 교육원장에게 보고\n하여야 한다.\n1. 매학기 종료 후에 성적, 수료 및 학위 취득 상황. 다만 외국대학에서 공동학위 등\n을 수학하는 기간의 성적은 제외\n2. 학기 개시 1개월 전에 공동학위 등을 운영하는 외국대학의 명칭, 외국대학 체류 학기\n및 체류 기간\n3. 공동학위 등 이수를 위한 출입국일. 출국일은 7일 전까지, 입국일은 7일 이내 보고\n③학위과정 장학생은 최종 수학 완료 시 수학종료보고서 등의 서류를 교육원장에게\n제출하여야 한다.\n제12조(휴학 등) ①한국어연수과정 장학생은 휴학할 수 없으며, 다만 본국의 긴급 소환,\n긴급한 가정 사정, 본인의 중대한 질병 등 부득이한 경우에 한하여 한국어 연수기관의\n규정에 따라 휴학 등을 신청하고 교육원장의 승인을 받아야 한다.\n②학기 시작 전 휴학하고자 하는 학위과정 장학생은 수학대학의 규정에 따라 휴학을\n신청하고 수학대학장의 승인을 받아야 한다.\n③학기 중간에 휴학하고자 하는 학위과정 장학생은 본국의 긴급 소환, 긴급한 가정\n- 4 -\n\n[Tables]', 'Article 14 (Maintenance of Emergency Contact Network) A GKS recipient is required\nto promptly report any changes in their residence, contact information, etc., to the\nInstitution. The president of the Institution must establish and maintain an\nemergency contact system with GKS recipients and NIIED at all times.\nArticle 15 (Temporary Departure) ① A GKS recipient in the Korean language program\nmay apply for temporary departure only under the following circumstances:\n1. During academic semesters, for reasons such as urgent summons from their\nhome country, family matters involving immediate family members, or serious\npersonal illness, for up to two (2) weeks.\n2. Within Korean language institution-designated vacation periods., for up to four\n(4) weeks.\nA GKS recipient may apply for temporary departure by submitting an application\nform and supporting documents at least seven (7) days before the planned\ndeparture date. The applicant must receive approval from the president of Korean', 'institution. In urgent cases, such as the death of an immediate family member,\nthe recipient may apply until the date of departure.\nArticle 16 (Declaration of Re-entry) ① Upon returning from temporary departure, the\nGKS recipient must report re-entry to the president of the institution within seven\n(7) days by submitting a certificate of Entry & Departure.\n② The president of the institution is responsible for collecting and approving\napplications for temporary departure before each semester ends. Any\ndiscrepancies or violations related to GKS regulations, such as those who left\nKorea without permission or exceeded the allowed period of temporary departure\nmust be monitored and reported to the NIIED president.']","GKS 장학금을 받는 유학생이 학과를 변경하려면 다음 절차를 따라야 합니다. 첫째, 유학생은 대학의 규정에 따라 학과를 변경해야 하며, 둘째, 대학 총장의 승인을 받아야 합니다. 학과 변경 사유로는 학과 폐지, 전공 적합성, 진로 재설계 등이 있을 수 있습니다. 

후속 질문: GKS 장학생이 휴학을 신청하려면 어떤 조건이 필요한가요?",GKS 장학금을 받는 유학생은 학과를 변경하려면 해당 대학의 규정에 따라 절차를 진행하고 승인을 받아야 합니다.,1.0,0.9999993773411576,0.99999999998,1.0
GKS 수혜자가 경고를 받을 수 있는 경우는 어떤 것들이 있나요?,"['Article 18 (Warnings) The NIIED president will issue a warning to the GKS recipient\nfor the following violations:\n1. Unexcused absence for three (3) consecutive days or a total of five (5) days in a\nmonth during the Korean language program. In such cases, detailed attendance\ncriteria (including standards for lateness, early departure, and conversion of\nattendance records into absences) may be applied in accordance with the\ninternal regulations of the Korean language institution.\n2. Failure to achieve the required grades by semester, (70/100) for associate and\nundergraduate programs, (80/100) for master’s and doctoral programs;\n3. Temporary departure without permission or failure to re-enter Korea within the\npermitted period; However, the GKS recipient may be excused for exceeding the\ntemporary departure length due to unavoidable circumstances;\n4. Violation of the permitted scope of part-time employment as stipulated in Article\n24, Paragraph 2;', 'temporary departure length due to unavoidable circumstances;\n4. Violation of the permitted scope of part-time employment as stipulated in Article\n24, Paragraph 2;\n5. A warning issued by the GKS Award Recipient Disciplinary Committee\n(“Disciplinary Committee”) for other violations;\nArticle 19 (Disqualification) The NIIED president may disqualify the GKS recipient\nbased on the following grounds:\n1. Expulsion from the Institution;\n2. Failure to advance to the Institution after completing the Korean language\nprogram as outlined in Article 5.\n3. Failure to register within the Institution’s designated registration period;\n4. Failure to re-enter the country without valid reasons after the Institution’s\nspecified semester start date;', '5. The exception under Subparagraph 4 shall not apply to GKS recipients who have\nreceived two (2) academic warnings.\n③ A GKS recipient in a degree program may engage in full-time employment if the\nrecipient has satisfied the graduation requirements established by the university or\nif the recipient may maintain student status at the university after commencing\nemployment.\n④ A GKS recipient who engages in employment pursuant to Paragraph 3 and\ncontinues academic studies while maintaining student status at the university may\nretain GKS recipient status. The payment of scholarships shall be determined upon\ncomprehensive consideration of academic fulfillment, academic performance, and\nthe opinion of the university.', ""② The NIIED president may impose disciplinary action on a GKS recipient in any of\nthe following cases;\n1. Engagement in political activities or conduct that may bring the national\ninterests or the honor of the Republic of Korea into disrepute;\n2. Committing harmful acts such as theft, assault, verbal abuse, and sexual assault\n(including sexual harassment and misconduct);\n3. Violation of any laws of the Republic of Korea or the recipient's home country.\n4. Submission of false documents or providing incorrect information;\n5. Breach of the pledge made to the NIIED;\n6. Engaging in wrongful acts as a GKS recipient;\n③ The NIIED president may take actions such as issuing a warning after a"", 'NIIED president may acknowledge reasons beyond the control of the GKS recipient\nand support their return to their home country.\n⑦ Return airfare will not be provided if:\n1. A GKS recipient fails to submit a study completion report;\n2. A GKS recipient does not obtain a degree during the scholarship period;\n3. A GKS recipient remains in Korea after the scholarship period ends;\n⑧ If a GKS recipient who starts with the degree program withdraws within three(3)\nmonths after the initial start, a full or partial refund of the scholarship will be\nrequired. For those who start with Korean language program, the refund will be\nrequired in case of withdrawal within three (3) months after admission. However,\nthe NIIED president retains the authority to recognize unavoidable circumstances\nsuch as natural disasters, summons from their home country, or serious personal\nillness and may grant exceptions regarding the scholarship refund.', ""Article 17 (Termination Report) ① A GKS recipient must report their departure to\nthe institution for departure upon completing the scholarship period or withdrawing\ndue to unavoidable reasons. The president of the institution must then report it to\nthe NIIED president within thirty (30) days of the scholarship period's end or before\nthe GKS recipient's departure date.\n② A GKS recipient who pursues to obtain a degree beyond the scholarship period\nmay postpone their departure date up to twelve (12) months for an associate,\nundergraduate, or master’s degree program, or up to twenty-four (24) months for\na doctoral degree program. The president of the institution must report this to the\nNIIED president at least thirty (30) days before the end of the scholarship period.\nArticle 18 (Warnings) The NIIED president will issue a warning to the GKS recipient\nfor the following violations:\n1. Unexcused absence for three (3) consecutive days or a total of five (5) days in a"", 'may be granted\n9. Accumulation of three (3) or more warnings related to Article 18;\n10. Sexual offense resulting in a fine or suspension of the indictment, or any other\ncrime resulting in a fine exceeding 3 million won or imprisonment without labor;\n11. Death, physical or mental incapacitation, loss of contact, completion of stay,\nissuance of departure orders, or any other circumstances that renders a GKS\nrecipient unable to continue their studies.\n12. Withdrawal from the GKS Program;\n13. Disciplinary action ordered by the Disciplinary Committee leading to\ndisqualification;\nArticle 20 (Discipline) ① Disciplinary action refers to the suspension or\ndisqualification of scholarship as determined by the Disciplinary Committee in\naccordance with the GKS Recipient Reward and Punishment Regulations.\n② The NIIED president may impose disciplinary action on a GKS recipient in any of\nthe following cases;\n1. Engagement in political activities or conduct that may bring the national']","GKS 수혜자가 경고를 받을 수 있는 경우는 다음과 같습니다:

1. 한국어 프로그램 중 무단 결석이 3일 연속이거나 한 달 동안 총 5일 이상인 경우.
2. 학기별 요구 성적을 달성하지 못한 경우 (준학사 및 학부 프로그램은 70/100, 석사 및 박사 프로그램은 80/100).
3. 허가 없이 임시 출국하거나 허용된 기간 내에 한국에 재입국하지 못한 경우. 단, 불가피한 사유로 임시 출국 기간을 초과한 경우는 면제될 수 있음.
4. 제24조 제2항에 명시된 파트타임 근무의 허용 범위를 위반한 경우.
5. 기타 위반 사항으로 인해 GKS 수혜자 징계위원회에서 경고를 받은 경우. 

후속 질문: GKS 수혜자가 경고를 받은 후 어떤 조치가 취해질 수 있나요?","GKS 수혜자는 다음과 같은 경우에 경고를 받을 수 있습니다: 1) 한국어 프로그램 중 무단 결석이 3일 연속이거나 한 달 동안 총 5일 이상인 경우, 2) 학기별 요구 학점을 달성하지 못한 경우 (전문대 및 학부 프로그램은 70/100, 석사 및 박사 프로그램은 80/100), 3) 허가 없이 임시 출국하거나 허용된 기간 내에 한국에 재입국하지 않은 경우, 4) 제24조 제2항에 명시된 파트타임 근무의 허용 범위를 위반한 경우.",1.0,1.0,0.9150793650641138,1.0
휴학 기간이 끝난 후 재등록을 하지 않으면 어떤 결과가 발생하나요?,"['3. 수학기관이 정한 등록 기간 내에 등록하지 않는 경우\n4. 수학기관이 정한 학기 시작일 이후 정당한 사유 없이 입국하지 않는 경우\n5. 휴학 기간 종료 후 정당한 사유 없이 복학원서를 제출하지 않은 경우\n6. 제12조제3항에 명시된 휴학 기간을 초과한 경우\n7. 외국대학과의 학점 교류 등의 목적으로 출신국 또는 제3국으로 출국한 경우\n다만, 다음 각 목의 어느 하나에 해당하는 경우는 제외한다.\n가. 외국대학과의 공동학위 등을 운영하는 경우\n나. 수학대학의 교육과정에 근거하여 방학 기간 중 운영되는 외국대학 학점 교류의 경우\n8. 제15조 각호의 기준에 따른 일시출국 최대허용기간을 초과한 경우. 다만, 교육원장이\n그 행위에 부득이한 사유가 있다고 인정하는 경우는 예외로 한다.\n9. 제18조에 따른 경고를 3회 이상 받은 경우\n10. 성범죄로 벌금 이상의 형 또는 기소유예 처분을 받거나, 그 외 범죄로 300만원을\n초과하는 벌금형 또는 금고 이상의 형이 확정된 경우\n11. 사망, 정신적․신체적 무능력, 연락두절, 체류기간 종료, 출국 명령 등으로 더 이상\n학업을 수행할 수 없다고 교육원장이 인정하는 경우\n12. 장학을 중도 포기한 경우\n13. 이 외에 징계위원회에서 자격상실 처분의 의결을 받은 경우\n제20조(징계) ①징계는 ‘정부초청외국인 장학생 상벌 규정’에 따라 징계위원회 의결을\n거쳐 장학금 일시정지, 자격상실 처분을 말한다.\n②교육원장은 다음 각호의 어느 하나에 해당하는 경우 징계할 수 있다.\n1. 정치활동을 하거나, 대한민국의 명예와 국익을 실추시킨 경우\n2. 절도, 폭력, 성폭행(성희롱, 성추행 포함), 폭언 등 타인에게 해를 가한 경우\n3. 법령을 위반한 경우\n4. 각종 서류가 허위로 작성되었거나 사실과 다른 것으로 드러난 경우\n5. 교육원에 서약한 사항을 위반한 경우\n6. 이 외에 장학생의 본분에 어긋난 행위를 한 경우\n③교육원장은 다음 각호에 해당하는 경우 징계위원회의 의결을 거쳐 경고 등을 조치\n- 7 -\n\n[Tables]', '사정, 본인의 중대한 질병 등 부득이한 사유가 있는 경우에 한하여 허용한다. 이 경\n우 장학생은 휴학 신청서와 함께 해당 사유를 증빙하는 자료를 제출하여야 한다.\n④휴학은 학기 단위로 신청하여야 하며, 총 휴학 기간은 1년을 초과할 수 없다.\n다만, 수학기관장이 특별한 사유로 인정하는 경우에는 최대 1년의 범위에서 휴학 기\n간을 추가로 연장할 수 있다.\n⑤수학대학장은 장학생의 휴학 처리 결과를 교육원장에게 보고하여야 한다.\n제13조(복학) ①복학하고자 하는 장학생은 휴학 기간 종료 1개월 전까지 수학기관의\n학칙에 따라 복학 신고를 하여야 한다.\n②수학기관장은 장학생의 복학 처리 결과를 매학기 개시일 2주 전까지 교육원장에게\n보고하여야 한다.\n제14조(비상연락망 유지) 장학생은 체류지, 연락처 등 정보가 변경된 즉시 수학기관에\n신고하여야 하며, 수학기관장은 수학대학의 장학생 및 교육원과의 비상 연락 체계를\n상시 유지하여야 한다.\n제15조(일시출국) ①한국어연수과정 장학생의 일시출국은 다음 각호에 한하여 일시출국\n7일 전까지 일시출국신청서 및 증빙서류를 제출하여 한국어 연수기관장의 승인을\n받아야 한다. 다만 가족사망 등의 이유로 출국이 긴급한 경우에는 일시출국일까지\n신청할 수 있다.\n1. 학기 중에는 본국의 긴급 소환, 직계 가족의 긴급한 가정 사정, 본인의 중대한 질병\n등 특별한 사안이 발생한 경우에 한하여 최대 2주까지 일시출국 허용\n2. 한국어 연수기관장이 정한 방학 기간 범위 내에서 최대 4주까지 일시출국 허용\n②학위과정 장학생의 일시출국은 다음 각호에 한하여 일시출국 7일 전까지 일시출국\n신청서를 제출하여 수학대학장의 승인을 받아야 한다. 다만 가족사망 등의 이유로\n출국이 긴급한 경우에는 일시출국일까지 신청할 수 있다.\n1. 학기 중에는 학업에 지장이 없는 범위 내에서 최대 2주까지 일시출국 허용\n2. 수학대학장이 정한 방학 기간 내에서 일시출국 허용\n제16조(재입국 신고) ①일시출국 기간이 종료되어 재입국한 장학생은 7일 이내에 출입국\n- 5 -', '학과(부) 변경 등의 절차를 거칠 수 있다.\n제9조(등록) ①장학생은 수학기관이 정한 등록기간 내에 등록하여야 한다.\n②수학기관장은 장학생이 매학기 등록 기한까지 등록을 아니한 경우 교육원장에게\n보고하여야 한다.\n제10조(수학 의무) 장학생은 수학기관의 학칙, 규정 등에 따라 성실히 수강하여야 한다.\n제11조(수학 상황 보고) ①수학기관장은 장학생의 수학 상황을 매학기 종료 후에 다음\n각호와 같이 교육원장에게 보고하여야 한다.\n1. 한국어연수과정 : 성적 및 수료 상황\n2. 학위과정 : 성적, 수료 및 학위 취득 상황\n②특화과정으로 교육원장이 인정하는 외국대학과의 공동학위 및 복수학위(이하 “공동\n학위 등”이라 한다)를 운영하는 수학대학장은 다음 각 호의 사항을 교육원장에게 보고\n하여야 한다.\n1. 매학기 종료 후에 성적, 수료 및 학위 취득 상황. 다만 외국대학에서 공동학위 등\n을 수학하는 기간의 성적은 제외\n2. 학기 개시 1개월 전에 공동학위 등을 운영하는 외국대학의 명칭, 외국대학 체류 학기\n및 체류 기간\n3. 공동학위 등 이수를 위한 출입국일. 출국일은 7일 전까지, 입국일은 7일 이내 보고\n③학위과정 장학생은 최종 수학 완료 시 수학종료보고서 등의 서류를 교육원장에게\n제출하여야 한다.\n제12조(휴학 등) ①한국어연수과정 장학생은 휴학할 수 없으며, 다만 본국의 긴급 소환,\n긴급한 가정 사정, 본인의 중대한 질병 등 부득이한 경우에 한하여 한국어 연수기관의\n규정에 따라 휴학 등을 신청하고 교육원장의 승인을 받아야 한다.\n②학기 시작 전 휴학하고자 하는 학위과정 장학생은 수학대학의 규정에 따라 휴학을\n신청하고 수학대학장의 승인을 받아야 한다.\n③학기 중간에 휴학하고자 하는 학위과정 장학생은 본국의 긴급 소환, 긴급한 가정\n- 4 -\n\n[Tables]', '할 수 있다.\n1. 징계 처분을 하기에 사유가 경미하다고 판단하는 경우\n2. 불가피한 사유 등의 정상 참작의 여지가 있는 경우\n제21조(형사사건 기소 사실 신고 등) ①장학생은 형사사건으로 기소된 경우 이를 즉시\n수학기관에 신고하여야 하며, 교육원장은 신고하지 않은 장학생을 제20조에 따라 징\n계할 수 있다.\n②수학기관장은 장학생의 형사사건 기소 사실을 알게 된 경우 즉시 교육원장에게\n보고하여야 한다.\n③교육원장은 장학생이 형사사건으로 기소된 경우 장학금 지급을 유보할 수 있다.\n④교육원장은 장학생이 유죄 판결을 선고받은 경우 장학생에게 제19조제10호에 따라\n자격상실 처분하거나, 제20조에 따라 징계위원회에 의결을 요구할 수 있다.\n⑤교육원장은 장학생이 유죄 판결을 선고받은 경우 장학금 지급을 중단하고 장학금을 환수\n할 수 있다. 이 경우 장학금 환수 대상 기간, 항목, 금액 등은 징계위원회에서 결정한다.\n제22조(장학금 지급 및 수령) ①장학금 지급 및 수령에 관한 사항은 장학금 지침에 따\n른다.\n②교육원장은 학업성적이 우수한 장학생에게 별도로 장학금을 지급할 수 있다.\n③장학생의 월 중 국내체류기간이 15일 이상인 경우 1개월로 하여 학업장려금 전액을\n지급하고, 15일 미만인 경우 국내체류 일수만큼 일할계산하여 지급한다. 다만, 학위과\n정 장학생은 장학금 지침 제22조제6항의 경우를 제외하고 학기당 일시출국 일수 30\n일을 국내에 체류한 날로 간주한다.\n④제12조의 휴학 기간에는 학업장려금을 지급하지 않는다. 다만, 수학기관장이 장학\n생의 부득이한 국내 체류로 학업장려금 지급이 불가피함을 신청하여 교육원장이\n인정하면 지급할 수 있다.\n⑤외국대학과의 공동학위 등을 운영하는 경우, 외국대학에서 수학하는 기간의 장학\n금은 지급하지 아니한다. 다만 국내 대학에 납부하는 등록금은 지급한다.\n⑥제19조에 따라 장학생 자격이 상실되면 해당 장학생에게 장학금을 지급하지 않는다.\n다만, 본인의 의사에 의하지 않은 중도 포기 등의 사유로 교육원장이 인정하는 경우\n- 8 -', '9. 지원자 유의사항\n가.지원자는반드시본모집요강의내용을철저히숙지하여원서접수및전형에착오가없도록해야하며,또한본\n대학교가정한소정의전형절차에따라야합니다.지원자의착오및전형절차에따르지않음으로인해발생되는\n불이익(원서접수취소,전공구술고사응시불허,불합격및합격취소등)에 대하여본교에서책임을지지않으며\n전형성적및평가내용은공개하지않습니다.\n나.원서접수기간마감이후지원과정및지원학과는수정이불가하며접수완료후에는지원을취소할수없습니다,\n다.인터넷접수및전형료를 납부하였더라도서류제출마감일까지구비서류 전체혹은일부미제출자는 학과평가를\n거치지않고불합격으로처리합니다.\n라. 합격자는 등록기간 내에 반드시 지정된 장소에 등록금을 납부하여야 하며, 기간 내 등록금을 납부하지 않은 자는\n불합격처리합니다.\n마.본전형에합격하여등록한자는타대학에이중등록할수없습니다.이를위반하면관계법에따라합격및입학이\n취소됩니다.\n바.지원자격에적합한지원자라도수학능력이부족하다고판단될경우,선발하지않을수있습니다.\n사.전형에관한모든공지 사항은본교국제교류과 홈페이지를통해공지합니다.인터넷원서접수 시연락가능한연\n락처와 E-mail주소를정확하게입력하지않거나지원자와연락이되지않아불이익이발생한경우본교는책임을\n지지않습니다.\n아. 다음 사항에 해당하는 경우에는 입학 이후라도 합격 또는 입학을 취소하고 학적을 말소하며 민‧형사상의 책임을\n물을수있습니다.입학이 취소되는경우해당자가 납부한 등록금은반환하지않습니다.또한본교 및타 대학교에\n서아래의사유로합격또는입학이취소된경우,취소된날로부터3년간본대학교에지원할수없습니다.\n∙대리면접등부정한방법으로지원하거나이에협조하여공정한학생선발업무를방해한경우\n∙입학사정에사용된전형자료에주요사항이누락되거나서류허위작성,위·변조등부정이있다고판단되는경우\n자.기타전형에관한모든심의및평가에따른사항은본대학교에서결정합니다.\n차.본전형에합격한후비자취득및변경에문제가없어야합니다.학업을위한비자취득및변경을하지못할경우,\n본교에서입학허가를취소할수있습니다.\n카.입학후첫학기에는휴학불가합니다.', 'E. If a applicant is accepted to two or more universities, he or she must select one university for\nregistration. Simultaneous registration at more than one university may result in revocation of\nadmissiontoDong-Auniversity.\nF. Even ifa applicant is eligible for application, there is apossibility forDong-A university not to select\nhim/her to be asuccessfulcandidate incase Dong-Auniversity decides s/he is not enoughto study\nintheuniversity.\nG. All announcement will be updated on the website of International Affairs. But, emergency\ncontactscanbemademostlybyMobileandE-mail.Pleasewritedownyourpersonalinformation\ncorrectlysothatuniversitycancontacttheapplicantduringtheadmissionsperiod.Theapplicant\nisresponsiblefordisadvantagesasaresultofincorrectcontactsorbeingoutofcontact.\nH. In the following cases, we can cancel your acceptance or admission even after enrollment. If this\ncasesisapplicable,youracademicrecordswillberemovedandthepaidtuitionwillnotberefunded.', '| E. If a applicant is accepted to two or more universities, he or she must select one university for registration. Simultaneous registration at more than one university may result in revocation of admissiontoDong-Auniversity. F. Even ifa applicant is eligible for application, there is apossibility forDong-A university not to select him/her to be asuccessfulcandidate incase Dong-Auniversity decides s/he is not enoughto study intheuniversity. G. All announcement will be updated on the website of International Affairs. But, emergency contactscanbemademostlybyMobileandE-mail.Pleasewritedownyourpersonalinformation correctlysothatuniversitycancontacttheapplicantduringtheadmissionsperiod.Theapplicant isresponsiblefordisadvantagesasaresultofincorrectcontactsorbeingoutofcontact. H. In the following cases, we can cancel your acceptance or admission even after enrollment. If this casesisapplicable,youracademicrecordswillberemovedandthepaidtuitionwillnotberefunded. Also, if our university or']","휴학 기간이 끝난 후 정당한 사유 없이 재등록을 하지 않으면, 장학생 자격이 상실될 수 있습니다.

후속 질문: 재등록을 하지 않은 경우, 자격 상실에 대한 구체적인 절차는 어떻게 되나요?",유효한 사유 없이 재등록을 하지 않으면 위반으로 간주됩니다.,0.5,0.6946967550307869,0.99999999998,1.0
글로벌 코리아 장학금은 어떤 학위 프로그램에 적용되나요?,"['universities under their respective names upon a person who has completed\nacademic programs operated separately or jointly and satisfied the degree\nrequirements of each university.\nArticle 3 (Subject of Application) Award recipients selected under the following\nScholarship Programs conducted by the National Institute for International\nEducation (""NIIED"") shall be subject to the regulations:\n1. Global Korea Scholarship (Graduate and Undergraduate degree program)', '2 Korean-Japan Government Scholarship (Graduate degree program)\nArticle 4 (The scholarship period) ①The scholarship period, excluding the Korean\nlanguage program period, shall be within the duration of the academic program as\nspecified by the department by the following:\n1. Associate degree program: 2-3 years\n2. Undergraduate degree program: 4-6 years\n3. Master’s degree program: 2 years\n4. Doctoral degree program: 3 years\n5. Combined Master’s and Doctoral degree program: 4 years\n② In the case of transfer admissions in programs operated for specific purposes\n(hereinafter referred to as ""specialized programs"") recognized by the president of\nthe National Institute for International Education (hereinafter referred to as ""the\nNIIED president""), the scholarship period specified in Paragraph 1 shall exclude the\nperiod before the academic year of transfer.\n③ The scholarship period specified in Paragraph 1 shall not be extended, and any', ""period before the academic year of transfer.\n③ The scholarship period specified in Paragraph 1 shall not be extended, and any\nleave of absence shall not be counted as part of the scholarship period.\nArticle 5 (Korean Language Program) ① A GKS recipient must complete a one-year\nKorean language program and attain a level of three (3) or higher on the Test of\nProficiency in Korean (“TOPIK”) before commencing a degree program. However, a\nrecipient who has obtained a TOPIK level of five (5) or higher, or has been\nrecognized by the NIIED president at the time of selection as eligible to complete\nthe degree program in a foreign language, may be exempted from the mandatory\nKorean language program. In such cases, the recipient may proceed directly to the\ndegree program according to the university's academic schedule.\n② If a GKS recipient has not fulfilled the requirement stated in Paragraph 1 but\nhas achieved a score of 70% or higher of the passing score of the TOPIK level"", 'KRW Human Resources in Outstanding students recommended by the supervisor Silver 1,000,000 KRW Science and Technology (Global Advanced Integrated Engineering Only) (GPA Base) Bronze 500,000 KRW ※TermsofscholarshipissubjecttochangeaccordingtothescholarshipstandardofDong-AUniversity ※Enrolledstudentscholarship:Ifthereisatie,itwillbedecidedbyschoolpolicy ※ForGlobalAdvancedIntegratedEngineeringstudents: -FullsupportfordomesticandforeigntourprogramsandextracurricularKoreanlanguagecourses -SupportemploymentandInternshipforbusinessesinBusanandGyeongnamregion -TOPIKScholarshipA/B,ScholarshipforOutstandingHumanResourcesinScienceandTechnologyare applicableonlyuntilyear2029 - 11 - |', '| 10. Notification of Admission A. Notification of Admission: at https://global.donga.ac.kr/dongaoia/ • 1stround: 2026.5.15.(Fri) 14:00 • 2ndround: 2026.7.20.(Mon) 14:00 ※Original Documents (hardcopy) Submission • 1stround: By 2026.5.22.(Fri) • 2ndround: By 2026.7.27.(Fri) ※If you cannot submit the hard copies within the deadline, please contact in advance. ※If you don’t submit the hard copies without notice, your admission will be revoked. 11. Application Fee & Tuition A.Applicationfee -Amount:60,000KRW -Howtopay:Paymentwillbemadeatapplydonga.accomsystem.co.kr–MYPAGE ※Applicationwillbeacceptedafterapplicationfeepaymentandpaidfeeisnon-refundable B.Registration(TuitionPayment) • 1stRound:2026.5.18.(Mon)~5.20.(Wed),09:00~16:00 • 2ndRound:2026.7.21.(Tue)~7.23.(Thu),09:00~16:00 ※Thetotaltuitionfeecanbedifferentdependsonyourscholarshiptype. ※Tuitionfeefor2027canbeupdated. 12. Scholarships A.FreshmanScholarship Type Eligibility Benefits A IELTS 7.0,TOEFL iBT5, New TEPS 380 equivalent or', '|  |  | C | 수업료60% | 한국어능력시험(TOPIKPBT, TOPIK iBT) 3급소지자 |\n|  |  | D | 수업료50% | 본교입학자격요건을갖춘신(편)입생중, DAU 외국인우수신입생장학금A,B,C에해당되지않는자 |\n| 구분 | 수혜기간 | 수혜금액 | 수혜조건 |\n| 동아특화분야 우수장학금Ⅰ | 첫학기 | 수업료전액 (입학금포함) | 아래학과외국인신입학특별전형합격자중학과추천자 - 인문과학대학: 역사문화학부, 한국어문학과 - 자연과학대학: 반도체학과, 바이오메디컬학과 - 사회과학대학: 미디어커뮤니케이션학과 - 경영대학: 경영학과, 관광경영학과, 국제무역학과, 경영정보학과 - 생명자원과학대학: 식품생명공학과, 스마트그린자원학과 - 공학: 환경에너지공학과-미래에너지공학전공, 전기공학과, 전자공학과, 기계공학과, 산업경영공학과, 조선해양공학과, 화학공학과, 신소재공학과 - 디자인환경대학: 건축학과, 산업디자인학과, 패션디자인학과, 조경학과 - 예술체육대학: 미술학과 - 건강과학대학: 식품영양학과, 의약생명공학과, 건강관리학과 - 소프트웨어대학: 컴퓨터공학과, AI학과 |\n| 동아특화분야 우수장학금Ⅱ | 2개학기 (1년) |  | 아래학과외국인신입학특별전형합격자중학과추천자 - 자연과학대학: 화학과, 바이오메디컬학과 - 공과대학: 환경에너지공학과-미래에너지공학전공, 전기공학과, 전자공학 과, 기계공학과, 화학공학과, 조선해양공학과 - 예술체육대학: 체육학과 - 건강과학대학: 식품영양학과, 의약생명공학과, 건강관리학과 |', '※Website: http://global.donga.ac.kr/dongaoia\n2. Admission Process\nRegister Online Application at (applydonga.accomsystem.co.kr)\n↓\nLog-in(signup)and Choose your Undergraduate course ‘New’\n↓\nFill out the online application form andattachall required documents online\n↓\nApplication Submission and Application fee payment\n* Application is complete after thepayment\n↓\nDocument Screening (Based on submitted document at online)\n↓\nInterview by the department\n↓\nAdmission Result Notification\n↓\nTuition fee payment\n↓\nIssuance of Certificate of Admission(University) and Visa Application(Applicants)\n*Universityonly issue visa documents for whom submitted required documents in original and paid tuition fee\n↓\nCourse Registration and Preparation for Entering Korea\n- 1 -']","글로벌 코리아 장학금은 대학원 및 학부 학위 프로그램에 적용됩니다.

[후속 질문]
글로벌 코리아 장학금 수혜자는 한국어 프로그램을 얼마나 이수해야 하나요?",대학원 및 학부 학위 프로그램에 적용됩니다.,1.0,1.0,0.9666666666473333,1.0
GKS 장학금을 받는 유학생이 아르바이트를 할 때 지켜야 할 기준은 무엇인가요?,"['5. The exception under Subparagraph 4 shall not apply to GKS recipients who have\nreceived two (2) academic warnings.\n③ A GKS recipient in a degree program may engage in full-time employment if the\nrecipient has satisfied the graduation requirements established by the university or\nif the recipient may maintain student status at the university after commencing\nemployment.\n④ A GKS recipient who engages in employment pursuant to Paragraph 3 and\ncontinues academic studies while maintaining student status at the university may\nretain GKS recipient status. The payment of scholarships shall be determined upon\ncomprehensive consideration of academic fulfillment, academic performance, and\nthe opinion of the university.', 'such as natural disasters, summons from their home country, or serious personal\nillness and may grant exceptions regarding the scholarship refund.\nArticle 23 (Mutatis Mutandis) The regulations of the institution shall apply to all other\nmatters related to academic affairs not specified in these regulations.\nArticle 24 (Management and Inspection of GKS recipient) ① The NIIED president may\nconduct frequent or periodic inspections of the management status of GKS\nrecipients at the Institution, and the Institution must actively cooperate by\nsubmitting relevant management documents and related materials.\n② The president of the institution must manage part-time employment of GKS\nrecipients to ensure sound academic progress and meaningful study in Korea. A\nGKS recipient must meet the part-time employment requirements set by the\nMinistry of Justice and other relevant authorities and comply with the following\ncriteria:\n1. A GKS recipient must prioritize studying their major program.', 'D. Internship activities;\nE. Other activities permitted within the scope of employment authorization for\ninternational students as determined by the Ministry of Justice and other\nrelevant authorities.\n4. Activities under Subparagraph 3(E) shall, in principle, not be permitted for GKS\nrecipients who have received an academic warning under Article 18(2).\nHowever, an exception may be granted if all of the following conditions are met:\nA. The recipient has received only one (1) academic warning;\nB. The recipient’s grades for the immediately preceding semester shall be at\nleast 80/100 for associate and undergraduate programs, or at least 85/100\nfor master’s and doctoral programs;\nC. The president of the university recognizes the recipient’s ability to continue\nacademic studies.\n5. The exception under Subparagraph 4 shall not apply to GKS recipients who have\nreceived two (2) academic warnings.\n③ A GKS recipient in a degree program may engage in full-time employment if the', 'provision applies only to the GKS recipient who has achieved 70% or higher of the\npassing score for the TOPIK level three (3).\n⑤ A GKS recipient undergoing additional Korean language program as outlined in\nParagraph 4 must bear fifty percent (50%) of the language training tuition as\nspecified in the ""Scholarship Payment Guideline"" for GKS recipients by the National\nInstitute for International Education.\n⑥ A GKS recipient who has been granted an extension of Korean language program\nperiod under Paragraph 4 must obtain at least TOPIK Level 3 and meet the\nadmission requirements of the university within the extended Korean language\nprogram period.\n⑦ A GKS recipient must obtain prior approval from the president of Korean language\ninstitution in case of an unavoidable absence from the Korean language program. The\nrecipient must submit an absence report with supporting documents such as a medical\ncertificate and may provide them afterward only in unavoidable circumstances.', 'temporary departure length due to unavoidable circumstances;\n4. Violation of the permitted scope of part-time employment as stipulated in Article\n24, Paragraph 2;\n5. A warning issued by the GKS Award Recipient Disciplinary Committee\n(“Disciplinary Committee”) for other violations;\nArticle 19 (Disqualification) The NIIED president may disqualify the GKS recipient\nbased on the following grounds:\n1. Expulsion from the Institution;\n2. Failure to advance to the Institution after completing the Korean language\nprogram as outlined in Article 5.\n3. Failure to register within the Institution’s designated registration period;\n4. Failure to re-enter the country without valid reasons after the Institution’s\nspecified semester start date;', 'Regulations for Global Korea Scholarship Recipients\nAmended on March 1, 2026\nArticle 1 (Purpose) The purpose of these regulations is to establish the necessary\nprovisions to ensure a sound academic environment and promote faithful diligent\nstudy among award recipients of the Global Korea Scholarship(“GKS”) Program\n(hereinafter referred to as “GKS recipient”).\nArticle 2 (Definitions of Terms) The definitions of terms used in these regulations are as follows:\n1. GKS recipient: An international student selected for the Global Korea Scholarship\n(GKS) Program or other equivalent scholarship programs conducted by the\nNational Institute for International Education (“NIIED”).\n2. Institution: The university or Korean language institution where the GKS\nrecipient is enrolled for the purpose of pursuing academic studies or training.\n3. University: The university where the GKS recipient is enrolled in a degree\nprogram or relevant.\n4. President of the Institution: The president of the Institution.', 'evaluate the performance of the institution in managing GKS recipients and may\nconsider the results for selecting universities and assigning scholar quotas, etc.\nAddenda\nThese regulations apply to all GKS recipients during the scholarship period as\nof March 1, 2026.\n※ These regulations for GKS recipients were originally written in Korean and\ntranslated into English. In the event of any conflict in interpretation, the\nKorean version of these regulations shall prevail.']","GKS 장학금을 받는 유학생이 아르바이트를 할 때 지켜야 할 기준은 다음과 같습니다:

1. GKS 수혜자는 전공 공부를 우선시해야 합니다.
2. 아르바이트는 법무부 및 관련 기관에서 정한 파트타임 고용 요건을 충족해야 합니다.
3. 아르바이트를 하려는 GKS 수혜자는 학업 진행 상황과 의미 있는 학습을 보장하기 위해 대학의 관리 하에 있어야 합니다.

후속 질문: GKS 수혜자가 아르바이트를 할 수 있는 경우는 어떤 경우인가요?","GKS 장학금을 받는 유학생은 전공 공부를 우선시해야 하며, 법무부 및 관련 당국이 정한 아르바이트 요건을 충족해야 합니다.",1.0,1.0,0.91666666664375,1.0
입학허가서(Certificate of Admission)에서 확인해야 할 주요 사항은 무엇인가요?,"['| 5 | Certificate of Admission/표준입학허가서 ❖Please make sure the following points are valid: 1) Stamp of the University is clearly visible 2) Your name, passport number, and date of birth, Nationality are correctly written on your CoA document 3) Document is issued within 3 months 4) “Signature of Student” (Only hand signature will be accepted/e-signature not permitted) *If there are inaccuracies on your CoA, kindly reach out to your university directly. Incorrect information cannot be accepted. |\n| 6 | Business registration of the university in Korea issued within 3 months 한국대학교의사업자등록증명원(발급3개월이내) |\n| 7 | Proof of Payment Receipt / 송금내역서 |\n| 8 | KVAC Waiver Courier / 우편접수시책임면책서 Please clearly write down the address where you wish to have your passport sent back including C/O. 반드시여권을돌려받아야하는주소를정확하게기재해주시기바랍니다. (우편함이름까지기재) |', '2\n여권유효기간이최소6개월이상남아있는여권\nOne3.5X4.5cmpicturetakeninthepast6months. Please glue the photo on the Application Form.\n3\n최근6개월이내촬영한3.5X4.5cm사진. 사증발급신청서사진란에풀로부착.\nCertificate of Admission/표준입학허가서\n❖Please make sure the following points are valid:\n1) Stamp of the University is clearly visible\n2) Your name, passport number, and date of birth, Nationality are correctly written on your CoA document\n3) Document is issued within 3 months\n4) “Signature of Student” (Only hand signature will be accepted/e-signature not permitted)\n4\n*If there are inaccuracies on your CoA, kindly reach out to your university directly. Incorrect information cannot be accepted.\nBusiness registration of the university in Korea issued within 3 months\n5\n한국대학교의사업자등록증명원(발급3개월이내)\n6 Proof of Payment Receipt / 송금내역서\nKVAC Waiver Courier / 우편접수시책임면책서\n7 Please clearly write down the address where you wish to have your passport sent back including C/O.\n반드시여권을돌려받아야하는주소를정확하게기재해주시기바랍니다. (우편함이름까지기재)', 'Passport with at least 6 months remainder validity\n2\n여권유효기간이최소6개월이상남아있는여권\nOne3.5X4.5cmpicturetakeninthepast6months. Please glue the photo on the Application Form.\n3\n최근6개월이내촬영한3.5X4.5cm사진. 사증발급신청서사진란에풀로부착.\nCertificate of Admission/표준입학허가서\n❖Please make sure the following points are valid:\n1) Stamp of the University is clearly visible\n2) Your name, passport number, and date of birth, Nationality are correctly written on your CoA document\n3) Document is issued within 3 months\n4) “Signature of Student” (Only hand signature will be accepted/e-signature not permitted)\n4\n*If there are inaccuracies on your CoA, kindly reach out to your university directly. Incorrect information cannot be accepted.\nBusiness registration of the university in Korea issued within 3 months\n5\n한국대학교의사업자등록증명원(발급3개월이내)\n6 Proof of Payment Receipt / 송금내역서\nKVAC Waiver Courier / 우편접수시책임면책서\n7 Please clearly write down the address where you wish to have your passport sent back including C/O.', '[Tables]\n| Visa Fee (Mandatory) | Please check your visa fee HERE in EURO |\n| Service Fee (Mandatory) | 60.00 EURO |\n| Courier Return service (Optional) | 15.00 EURO |\n| 1 | VisaApplicationForm(Formno.17)/ 사증발급신청서(제17호서식)e-signature not permitted/전자서명불가 |\n| 2 | Passport with at least 6 months remainder validity 여권유효기간이최소6개월이상남아있는여권 |\n| 3 | One3.5X4.5cmpicturetakeninthepast6months. Please glue the photo on the Application Form. 최근6개월이내촬영한3.5X4.5cm사진. 사증발급신청서사진란에풀로부착. |\n| 4 | Certificate of Admission/표준입학허가서 ❖Please make sure the following points are valid: 1) Stamp of the University is clearly visible 2) Your name, passport number, and date of birth, Nationality are correctly written on your CoA document 3) Document is issued within 3 months 4) “Signature of Student” (Only hand signature will be accepted/e-signature not permitted) *If there are inaccuracies on your CoA, kindly reach out to your university directly. Incorrect information cannot be accepted. |', '| [Must Read] Important Notes 1. The applicant’s English name, date of birth in the application form should match with what is written on the applicant’s passport. Example: Hong Gilsoon 2. It is not allowed to change department or major after admission application. 3. All submitted documents can not be returned. So if it is hard to re-issue the original document, do not submit the original copy, but submit a notarization or verification of the original. 4. You have to prepare the visa issuance’ documents for Korea embassy apart from the admission documents in advance. 5. If all application documents won’t be attached within the deadline or the documents are insufficient online, the applicants will be disqualified without notice. Accidents or unexpected events occurring throughout the delivery process do not constitute reasons for deadline extension. 6. Applicant should write their personal information accurately and all notifications will be updated on the website of International', '4) 대학입학을위해국가시험합격등이필요한국가는시험합격증등을학력요건입증서류로예외적인정\n국가명 시험명 비고\nCBSE, ICSE, IB 등중앙및지방교육평가기관\n인도 Migration Certificate\n발행\n(발급기관)\n①2016년(네팔달력2073년) 이전\n네팔 학업성적증명서(Academic Transcript) : HSEB(Higher Secondary Education Board)\n②2016년(네팔달력2073년) 이후\n: NEB(National Examination Board)\n대입시험합격증\n미얀마 (Matriculation Examination Pass\nCertificate)\nSPM : SijilPelajaran Malaysia\n말레이시아 학력평가성적표\n또는STPM : SijilTinggi Persekolahan Malaysia\n국가법률이나공적인문서로대학입학을위한자격요건에준하는시험이나자격이규정된경우\n그외 에는학력요건입증서류로인정가능\n※ 단, 신청인이해당국가의법률이나공적문서등에따른자격기준을소명하여야함\n5)졸업예정증명서또는임시졸업증명서에대한예외적인정\n∙공식적인졸업증명서를수개월이상지원발급하는국가의경우,졸업예정증명서또는임시졸업증명서제출가능\n(단.체류기간연장시반드시최종졸업증명서를추가제출하여야함)\n베트남, 미얀마, 네팔, 인도, 말레이시아, 스리랑카, 캄보디아, 이스라엘,\n대상국가\n그외정부기관문서로서고교·대학(원) 졸업증명서지연발급사실이확인가능한국가\n∙대상자:표준입학허가서발급일기준졸업일로부터1년이내인사람\n∙인정서류:졸업예정증명서또는임시졸업증등\n※인적사항,학교명,시험명,수학기간이나졸업(예정)일등이기재되어졸업요건을갖추었음을확인할수있어야함\n※서류발급국가의아포스티유나주재국대한민국공관의영사확인을받아야함\n바.성적증명서\n∙[한국어또는영어]로된성적표의경우원본첨부\n-[한국어또는영어]이외의언어로된경우,한국어또는영어로번역공증을받아제출(원어성적증명서사본첨부)\n- 12 -', '[Must Read] Important Notes\n1. The applicant’s English name, date of birth in the application form\nshould match with what is written on the applicant’s passport.\nExample: Hong Gilsoon\n2. It is not allowed to change department or major after admission\napplication.\n3. All submitted documents can not be returned. So if it is hard to re-issue\nthe original document, do not submit the original copy, but submit a\nnotarization or verification of the original.\n4. You have to prepare the visa issuance’ documents for Korea embassy\napart from the admission documents in advance.\n5. If all application documents won’t be attached within the deadline or\nthe documents are insufficient online, the applicants will be\ndisqualified without notice. Accidents or unexpected events occurring\nthroughout the delivery process do not constitute reasons for deadline\nextension.\n6. Applicant should write their personal information accurately and all']","입학허가서(Certificate of Admission)에서 확인해야 할 주요 사항은 다음과 같습니다:

1) 대학의 도장이 명확하게 보이는지 여부
2) 신청자의 이름, 여권 번호, 생년월일, 국적이 정확하게 기재되어 있는지 여부
3) 문서가 발급된 지 3개월 이내인지 여부
4) ""학생 서명""이 손으로 작성된 서명인지 여부 (전자 서명은 허용되지 않음)

부정확한 정보가 있을 경우, 반드시 해당 대학에 직접 문의해야 하며, 잘못된 정보는 수용되지 않습니다.

후속 질문: 입학허가서의 정보가 부정확할 경우 어떻게 해야 하나요?","입학허가서에서 확인해야 할 주요 사항은 다음과 같습니다: 1) 대학의 도장이 명확하게 보이는지, 2) 본인의 이름, 여권 번호, 생년월일, 국적이 정확하게 기재되어 있는지, 3) 문서가 3개월 이내에 발급되었는지, 4) 학생의 서명이 손으로 작성되었는지(전자 서명은 허용되지 않음)입니다.",1.0,0.8664608416980334,0.9999999999857143,1.0
여권을 돌려받기 위해 주소를 어떻게 기재해야 하나요?,"['| 9 | KVAC Waiver Courier / 우편접수시책임면책서 Please clearly write down the address where you wish to have your passport sent back including C/O. 반드시여권을돌려받아야하는주소를정확하게기재해주시기바랍니다. (우편함이름까지기재) |\n| 1 0 | KVAC Consent Form and Terms of Use / KVAC 이용약관동의서 On page 2, “I have the right to contact IOM at _____”, please write The Hague 2번째장, “I have the right to contact IOM at _____” 에는The Hague 을기재해주시기바랍니다. |', '| 6 | KVAC Waiver Courier / 우편접수시책임면책서 Please clearly write down the address where you wish to have your passport sent back including C/O. 반드시여권을돌려받아야하는주소를정확하게기재해주시기바랍니다. (우편함이름까지기재) |\n| 7 | KVAC Consent Form and Terms of Use / KVAC 이용약관동의서 On page 2, “I have the right to contact IOM at _____”, please write The Hague 2번째장, “I have the right to contact IOM at _____” 에는The Hague 을기재해주시기바랍니다. |', '5\n한국대학교의사업자등록증명원(발급3개월이내)\n6 Proof of Payment Receipt / 송금내역서\nKVAC Waiver Courier / 우편접수시책임면책서\n7 Please clearly write down the address where you wish to have your passport sent back including C/O.\n반드시여권을돌려받아야하는주소를정확하게기재해주시기바랍니다. (우편함이름까지기재)\nKVAC Consent Form and Terms of Use / KVAC 이용약관동의서\n8 On page 2, “I have the right to contact IOM at _____”, please write The Hague\n2번째장, “I have the right to contact IOM at _____” 에는The Hague 을기재해주시기바랍니다.', 'KVAC Waiver Courier / 우편접수시책임면책서\n7 Please clearly write down the address where you wish to have your passport sent back including C/O.\n반드시여권을돌려받아야하는주소를정확하게기재해주시기바랍니다. (우편함이름까지기재)\nKVAC Consent Form and Terms of Use / KVAC 이용약관동의서\n8 On page 2, “I have the right to contact IOM at _____”, please write The Hague\n2번째장, “I have the right to contact IOM at _____” 에는The Hague 을기재해주시기바랍니다.', '| 5 | Certificate of Admission/표준입학허가서 ❖Please make sure the following points are valid: 1) Stamp of the University is clearly visible 2) Your name, passport number, and date of birth, Nationality are correctly written on your CoA document 3) Document is issued within 3 months 4) “Signature of Student” (Only hand signature will be accepted/e-signature not permitted) *If there are inaccuracies on your CoA, kindly reach out to your university directly. Incorrect information cannot be accepted. |\n| 6 | Business registration of the university in Korea issued within 3 months 한국대학교의사업자등록증명원(발급3개월이내) |\n| 7 | Proof of Payment Receipt / 송금내역서 |\n| 8 | KVAC Waiver Courier / 우편접수시책임면책서 Please clearly write down the address where you wish to have your passport sent back including C/O. 반드시여권을돌려받아야하는주소를정확하게기재해주시기바랍니다. (우편함이름까지기재) |', '| 5 | Business registration of the university in Korea issued within 3 months 한국대학교의사업자등록증명원(발급3개월이내) |\n| 6 | Proof of Payment Receipt / 송금내역서 |\n| 7 | KVAC Waiver Courier / 우편접수시책임면책서 Please clearly write down the address where you wish to have your passport sent back including C/O. 반드시여권을돌려받아야하는주소를정확하게기재해주시기바랍니다. (우편함이름까지기재) |\n| 8 | KVAC Consent Form and Terms of Use / KVAC 이용약관동의서 On page 2, “I have the right to contact IOM at _____”, please write The Hague 2번째장, “I have the right to contact IOM at _____” 에는The Hague 을기재해주시기바랍니다. |', '2\n여권유효기간이최소6개월이상남아있는여권\nOne3.5X4.5cmpicturetakeninthepast6months. Please glue the photo on the Application Form.\n3\n최근6개월이내촬영한3.5X4.5cm사진. 사증발급신청서사진란에풀로부착.\nCertificate of Admission/표준입학허가서\n❖Please make sure the following points are valid:\n1) Stamp of the University is clearly visible\n2) Your name, passport number, and date of birth, Nationality are correctly written on your CoA document\n3) Document is issued within 3 months\n4) “Signature of Student” (Only hand signature will be accepted/e-signature not permitted)\n4\n*If there are inaccuracies on your CoA, kindly reach out to your university directly. Incorrect information cannot be accepted.\nBusiness registration of the university in Korea issued within 3 months\n5\n한국대학교의사업자등록증명원(발급3개월이내)\n6 Proof of Payment Receipt / 송금내역서\nKVAC Waiver Courier / 우편접수시책임면책서\n7 Please clearly write down the address where you wish to have your passport sent back including C/O.\n반드시여권을돌려받아야하는주소를정확하게기재해주시기바랍니다. (우편함이름까지기재)']","여권을 돌려받기 위해서는 반드시 여권을 돌려받아야 하는 주소를 정확하게 기재해야 합니다. 이때 C/O(주)와 같은 추가 정보를 포함하여 우편함 이름까지 기재해야 합니다. 

후속 질문: 여권을 돌려받기 위한 주소 기재 외에 어떤 서류가 필요한가요?","여권을 돌려받아야 하는 주소를 정확하게 기재해야 하며, 우편함 이름까지 포함해야 합니다.",1.0,0.8113791690560007,0.9999999999857143,1.0
유학을 위해 필요한 재정 증명은 어떻게 제출해야 하나요?,"['| 1 1 | Financial proof (670EURO * 00Months) - Your bank statement issued within 1 month (Original needed). - If you submit parents’ bank statement, please submit your birth or family certification. (Please translate the document if it is not written in English or Korean. And submit a translate verification.) |\n| 1 2 | A visa request letter(reference letter) issued by the Principal of home country university. (Submission of the Incomplete document form is not acceptable) - The principal’s stamp or signature must be included. |\n| 1 3 | Document proving that you are an exchange student. (Submission of the Incomplete document form is not acceptable) 1) Exchange student agreement between the two universities. OR 2) Letter of Acceptance - The exchange program title and name of the home country university and the inviting university in Korea must be included. |', ""❑ 비자 종류별 정보 / Visa type Information\nD-2-5 Research Study 91일이상, 단수입국(인도인만복수)\nOver 91 days, Single entry\nD-2-5 연구유학\n(Only Indian national Multiple entry)\n➢ 비자+ 서비스수수료/ Visa + Service fee\nVisa Fee (Mandatory) Please check your visa fee HERE in EURO\nService Fee (Mandatory) 60.00 EURO\nCourier Return service (Optional) 15.00 EURO\n➢ 필수제출서류/ Mandatory document to be submitted\n1 VisaApplicationForm(Formno.17)/ 사증발급신청서(제17호서식)e-signature not permitted/전자서명불가\nPassport with at least 6 months remainder validity\n2\n여권유효기간이최소6개월이상남아있는여권\nOne3.5X4.5cmpicturetakeninthepast6months. Please glue the photo on the Application Form.\n3\n최근6개월이내촬영한3.5X4.5cm사진. 사증발급신청서사진란에풀로부착.\nCertificate of Master or Doctoral's degree* + Apostilled(original)\n4\n신청인의석/박사졸업증(아포스티유(원본)필요)\nBusiness registration of the university in Korea issued within 3 months\n5\n한국대학교의사업자등록증명원명원(발급3개월이내)\nFinancial proof\n재정증명\n- Applicant’s Bank Statement (650EUR * 00months) issued within 2weeks.\n신청인은행계좌내역"", 'confirmation letter of tuition fee, etc.\nStudents who are enrolled with an insurance from their own country should provide proof of insurance after entering\n- A graduation certificate of the most recently attended school\nKorea.\n- Proof of Financial Capability (at least USD 8,000 per year): Parents’ proof of income and certificate of employment\n- Certificate of Bank Balance (at least KRW 8,000,000) * E ffective starting from March of 2015, all international students are required to have insurances according to the\n- TB Test Certificate laws of the Korean government.\n* F rom February 2021, foreigners staying in Korea for more than 6 months are obligated to subscribe to public\nFamily Relations Proof Sample health insurance and pay insurance premiums. Please note that the exact premium and subscription details will be\nprovided after entering our university.\nChina : or notorization, Philippines: Family Census, Indonesia : KARTU KELUARGA,', ""*If you have not resided in the Netherlands for more than 2 years, please submit “incomplete document form”\nCertificate of Master or Doctoral's degree* + Apostilled(original)\n5\n신청인의석/박사졸업증(아포스티유(원본)필요)\nBusiness registration of the university in Korea issued within 3 months\n6\n한국대학교의사업자등록증명원명원(발급3개월이내)\nFinancial proof\n재정증명\n- Applicant’s Bank Statement (650EUR * 00months) issued within 2weeks.\n신청인은행계좌내역\n7 - or Confirmation of research allowance: If your research allowance is above 650 EUR per month, you need to apply\nfor another visa type.\n또는연구수당지급확인서(연구수당이월60-70만원상회시, 다른비자타입을신청하여야함)\n- or Guarantee from a Korean university\n또는신원보증서\nConfirmation of Foreign Research Student stamped by head of university\n8\n외국인연구생확인서(대학총장직인날인반드시필요)\n9 Proof of Payment Receipt / 송금내역서\nKVAC Waiver Courier / 우편접수시책임면책서\n1\nPlease clearly write down the address where you wish to have your passport sent back including C/O.\n0\n반드시여권을돌려받아야하는주소를정확하게기재해주시기바랍니다. (우편함이름까지기재)\nKVAC Consent Form and Terms of Use / KVAC 이용약관동의서"", '| 5 | Business registration of the university in Korea issued within 3 months 한국대학교의사업자등록증명원명원(발급3개월이내) |\n| 6 | Financial proof 재정증명 - Applicant’s Bank Statement (650EUR * 00months) issued within 2weeks. 신청인은행계좌내역 - or Confirmation of research allowance: If your research allowance is above 650 EUR per month, you need to apply for another visa type. 또는연구수당지급확인서(연구수당이월60-70만원상회시, 다른비자타입을신청하여야함) - or Guarantee from a Korean university 또는신원보증서 |\n| 7 | Confirmation of Foreign Research Student stamped by head of university *STAMP IS NEEDED 외국인연구생확인서(대학총장직인날인반드시필요) |\n| 8 | Proof of Payment Receipt / 송금내역서 |\n| 9 | KVAC Waiver Courier / 우편접수시책임면책서 Please clearly write down the address where you wish to have your passport sent back including C/O. 반드시여권을돌려받아야하는주소를정확하게기재해주시기바랍니다. (우편함이름까지기재) |', '| 6 | Business registration of the university in Korea issued within 3 months 한국대학교의사업자등록증명원명원(발급3개월이내) |\n| 7 | Financial proof 재정증명 - Applicant’s Bank Statement (650EUR * 00months) issued within 2weeks. 신청인은행계좌내역 - or Confirmation of research allowance: If your research allowance is above 650 EUR per month, you need to apply for another visa type. 또는연구수당지급확인서(연구수당이월60-70만원상회시, 다른비자타입을신청하여야함) - or Guarantee from a Korean university 또는신원보증서 |\n| 8 | Confirmation of Foreign Research Student stamped by head of university 외국인연구생확인서(대학총장직인날인반드시필요) |\n| 9 | Proof of Payment Receipt / 송금내역서 |\n| 1 0 | KVAC Waiver Courier / 우편접수시책임면책서 Please clearly write down the address where you wish to have your passport sent back including C/O. 반드시여권을돌려받아야하는주소를정확하게기재해주시기바랍니다. (우편함이름까지기재) |\n| 1 1 | KVAC Consent Form and Terms of Use / KVAC 이용약관동의서 On page 2, “I have the right to contact IOM at _____”, please write The Hague 2번째장, “I have the right to contact IOM at _____” 에는The Hague 을기재해주시기바랍니다. |', '| 순번 | 제출서류 |  | 구분 |  | 비고 |\n|  |  |  | 신입 | 편입 |  |\n| 1 | 입학지원서 |  | ● | ● | - 온라인접수후출력 (applydonga.accomsystem.co.kr) |\n| 2 | 자기소개서 |  | ● | ● | (양식1) |\n| 3 | 학력조회동의서 |  | ● | ● | (양식2) |\n| 4 | 고등학교졸업(예정)증명서 |  | ● | ● | - ‘유의사항마.’ 참조 - 아포스티유혹은한국영사확인 |\n| 5 | 고등학교성적증명서 |  | ● | ● | - 유의사항바.’ 참조 - 고등학교전학년성적기재 - 아포스티유혹은한국영사확인 |\n| 6 | 전적대학졸업(예정)증명서 또는 재학증명서 |  |  | ● | - ‘유의사항마.’ 참조 - 아포스티유혹은한국영사확인 - 편입지원자중학사과정재학생은재학증명서, 전문학사졸업(예정)생은졸업(예정)증명서제출 |\n| 7 | 전적대학성적증명서 |  |  | ● | - 유의사항바.’ 참조 - 대학교전과정성적기재 - 아포스티유혹은한국영사확인 |\n| 8 | 부모·학생관계증명서 |  | ● | ● | - 유의사항사.’ 참조 |\n| 9 | 본인및부모의신분증사본 |  | ● | ● | - 국적확인가능한신분증제출 (여권혹은본국신분증) |\n| 10 | 재정능력입증서류(은행잔고증명서) |  | ● | ● | - ‘유의사항아.’ 참조 |\n| 11 | 재정능력입증서류의 주체가본인이아닐시 | 재정보증확인서 | ● | ● | (양식3) |\n|  |  | 재정보증인수입증명서 | ● | ● |  |\n|  |  | 재직증명서 | ● | ● |  |\n| 12 | 어학능력입증서류 |  | ● | ● | - 유효기간내성적만접수가능 (접수마감일기준2년이내취득) |\n| 13 | 여권사본 |  | ● | ● |  |']","유학을 위해 필요한 재정 증명은 다음과 같이 제출해야 합니다:

1. 신청인의 은행 계좌 내역서(650유로 * 00개월)로, 발급일자는 2주 이내여야 합니다.
2. 또는 연구 수당 지급 확인서를 제출할 수 있으며, 연구 수당이 월 650유로를 초과할 경우 다른 비자 유형을 신청해야 합니다.
3. 또는 한국 대학의 신원 보증서를 제출할 수 있습니다.

이 외에도 부모의 소득 증명서와 재직 증명서를 제출하여 재정 능력을 입증해야 할 수 있습니다.

후속 질문: 재정 증명서류를 제출할 때 어떤 추가 서류가 필요한가요?","재정 증명으로는 670유로에 해당하는 금액이 포함된 은행 명세서를 제출해야 하며, 이 명세서는 1개월 이내에 발급된 원본이어야 합니다. 만약 부모의 은행 명세서를 제출할 경우, 출생증명서나 가족관계증명서를 함께 제출해야 하며, 해당 문서가 영어 또는 한국어로 작성되지 않은 경우 번역본과 번역 확인서를 제출해야 합니다.",1.0,0.9505867288618738,0.9999999999857143,1.0
유학생 비자 신청 시 필요한 서류는 무엇인가요?,"['❑ 비자 종류별 정보 / Visa type Information\nD-2-1 ~ D-2-4 University Student Visa\n91일이상, 단수입국\nD-2-1 ~ D-2-4 학생 유학 비자 Over 91 days, Single entry\n➢ 비자+ 서비스수수료/ Visa + Service fee\nVisa Fee (Mandatory) Please check your visa fee HEREin EURO\nService Fee (Mandatory) 60.00 EURO\nCourier Return service (Optional) 15.00 EURO\nApplicable only to students from the countries below,\nBangladesh, Cameroon, China, Ethiopia, Egypt, Ghana, Guinea, Iran, India, Indonesia, Kazakhstan, Kyrgyzstan,\nNigeria, Nepal, Mali, Myanmar, Mongolia, Pakistan, Peru, Philippines, Sri Lanka, Thailand, Ukraine,\nUzbekistan, Uganda, and Vietnam.\n➢ 필수제출서류/ Mandatory document to be submitted\nCASE 1: If your university is on the Excellent accredited Universities list\n1 VisaApplicationForm(Formno.17)/ 사증발급신청서(제17호서식)e-signature not permitted/전자서명불가\nPassport with at least 6 months remainder validity\n2\n여권유효기간이최소6개월이상남아있는여권\nOne3.5X4.5cmpicturetakeninthepast6months. Please glue the photo on the Application Form.\n3', '❑ 비자 종류별 정보 / Visa type Information\nD-2-1 ~ D-2-4 University Student Visa 91일이상, 단수입국(독일인, 일본인만복수)\nOver 91 days, Single entry\nD-2-1 ~ D-2-4 학생 유학 비자\n(Only German, Japanese nationals Multiple entry)\n➢ 비자+ 서비스수수료/ Visa + Service fee\nVisa Fee (Mandatory) Please check your visa fee HERE in EURO\nService Fee (Mandatory) 60.00 EURO\nCourier Return service (Optional) 15.00 EURO\nStudent from the countries below, please go to page no.10\nBangladesh, Cameroon, China, Ethiopia, Egypt, Ghana, Guinea, Iran, India, Indonesia, Kazakhstan,\nKyrgyzstan, Nigeria, Nepal, Mali, Myanmar, Mongolia, Pakistan, Peru, Philippines, Sri Lanka, Thailand,\nUkraine, Uzbekistan, Uganda, and Vietnam.\n➢ 필수제출서류/ Mandatory document to be submitted\n1 VisaApplicationForm(Formno.17)/ 사증발급신청서(제17호서식)e-signature not permitted/전자서명불가\nPassport with at least 6 months remainder validity\n2\n여권유효기간이최소6개월이상남아있는여권\nOne3.5X4.5cmpicturetakeninthepast6months. Please glue the photo on the Application Form.\n3', '❑ 비자 종류별 정보 / Visa type Information\nD-2-8 Visiting Student\n91일이상, 단수입국\nD-2-8 방문학생 Over 91 days, Single entry\n➢ 비자+ 서비스수수료/ Visa + Service fee\nVisa Fee (Mandatory) Please check your visa fee HEREin EURO\nService Fee (Mandatory) 60.00 EURO\nCourier Return service (Optional) 15.00 EURO\nApplicable only to students from the countries below,\nBangladesh, Cameroon, China, Ethiopia, Egypt, Ghana, Guinea, Iran, India, Indonesia, Kazakhstan, Kyrgyzstan,\nNigeria, Nepal, Mali, Myanmar, Mongolia, Pakistan, Peru, Philippines, Sri Lanka, Thailand, Ukraine,\nUzbekistan, Uganda, and Vietnam.\n➢ 필수제출서류/ Mandatory document to be submitted\nCASE 1: If your university is on the Excellent accredited Universities list\n1 VisaApplicationForm(Formno.17)/ 사증발급신청서(제17호서식)e-signature not permitted/전자서명불가\nPassport with at least 6 months remainder validity\n2\n여권유효기간이최소6개월이상남아있는여권\nOne3.5X4.5cmpicturetakeninthepast6months. Please glue the photo on the Application Form.\n3\n최근6개월이내촬영한3.5X4.5cm사진. 사증발급신청서사진란에풀로부착.', '❑ 비자 종류별 정보 / Visa type Information\nD-2-8 Visiting Student 91일이상, 단수입국(독일인만복수)\nOver 91 days, Single entry\nD-2-8 방문학생\n(Only German national Multiple entry)\n➢ 비자+ 서비스수수료/ Visa + Service fee\nVisa Fee (Mandatory) Please check your visa fee HERE in EURO\nService Fee (Mandatory) 60.00 EURO\nCourier Return service (Optional) 15.00 EURO\nStudent from the countries below, please go to page no.12\nBangladesh, Cameroon, China, Ethiopia, Egypt, Ghana, Guinea, Iran, India, Indonesia, Kazakhstan,\nKyrgyzstan, Nigeria, Nepal, Mali, Myanmar, Mongolia, Pakistan, Peru, Philippines, Sri Lanka, Thailand,\nUkraine, Uzbekistan, Uganda, and Vietnam.\n➢ 필수제출서류/ Mandatory document to be submitted\n1 VisaApplicationForm(Formno.17)/ 사증발급신청서(제17호서식)e-signature not permitted/전자서명불가\nPassport with at least 6 months remainder validity\n2\n여권유효기간이최소6개월이상남아있는여권\nOne3.5X4.5cmpicturetakeninthepast6months. Please glue the photo on the Application Form.\n3\n최근6개월이내촬영한3.5X4.5cm사진. 사증발급신청서사진란에풀로부착.\nCertificate of Admission/표준입학허가서', '❑ 비자 종류별 정보 / Visa type Information\nD-2-6 Exchange Student Visa\n91일이상, 단수입국\nD-2-6 교환학생비자 Over 91 days, Single entry\n➢ 비자+ 서비스수수료/ Visa + Service fee\nVisa Fee (Mandatory) Please check your visa fee HEREin EURO\nService Fee (Mandatory) 60.00 EURO\nCourier Return service (Optional) 15.00 EURO\nApplicable only to students from the countries below,\nBangladesh, Cameroon, China, Ethiopia, Egypt, Ghana, Guinea, Iran, India, Indonesia, Kazakhstan, Kyrgyzstan,\nNigeria, Nepal, Mali, Myanmar, Mongolia, Pakistan, Peru, Philippines, Sri Lanka, Thailand, Ukraine,\nUzbekistan, Uganda, and Vietnam.\n➢ 필수제출서류/ Mandatory document to be submitted\nCASE 1: If your university is on the Excellent accredited Universities list\n1 VisaApplicationForm(Formno.17)/ 사증발급신청서(제17호서식)e-signature not permitted/전자서명불가\nPassport with at least 6 months remainder validity\n2\n여권유효기간이최소6개월이상남아있는여권\nOne3.5X4.5cmpicturetakeninthepast6months. Please glue the photo on the Application Form.\n3\n최근6개월이내촬영한3.5X4.5cm사진. 사증발급신청서사진란에풀로부착.', '❑ 비자 종류별 정보 / Visa type Information\nD-2-6 Exchange Student Visa 91일이상, 단수입국(독일인만복수)\nOver 91 days, Single entry\nD-2-6 교환학생 비자\n(Only German national Multiple entry)\n➢ 비자+ 서비스수수료/ Visa + Service fee\nVisa Fee (Mandatory) Please check your visa fee HERE in EURO\nService Fee (Mandatory) 60.00 EURO\nCourier Return service (Optional) 15.00 EURO\nStudent from the countries below, please go to page no.12\nBangladesh, Cameroon, China, Ethiopia, Egypt, Ghana, Guinea, Iran, India, Indonesia, Kazakhstan,\nKyrgyzstan, Nigeria, Nepal, Mali, Myanmar, Mongolia, Pakistan, Peru, Philippines, Sri Lanka, Thailand,\nUkraine, Uzbekistan, Uganda, and Vietnam.\n➢ 필수제출서류/ Mandatory document to be submitted\n1 VisaApplicationForm(Formno.17)/ 사증발급신청서(제17호서식)e-signature not permitted/전자서명불가\nPassport with at least 6 months remainder validity\n2\n여권유효기간이최소6개월이상남아있는여권\nOne3.5X4.5cmpicturetakeninthepast6months. Please glue the photo on the Application Form.\n3\n최근6개월이내촬영한3.5X4.5cm사진. 사증발급신청서사진란에풀로부착.', '❑ 비자 종류별 정보 / Visa type Information\nD-4-1 KoreanLanguageTrainee\n91일이상, 단수입국\nD-4-1 한국어연수비자 Over 91 days, Single entry\n➢ 비자+ 서비스수수료/ Visa + Service fee\nVisa Fee (Mandatory) Please check your visa fee HEREin EURO\nService Fee (Mandatory) 60.00 EURO\nCourier Return service (Optional) 15.00 EURO\nApplicable only to students from the countries below,\nBangladesh, Cameroon, China, Ethiopia, Egypt, Ghana, Guinea, Iran, India, Indonesia, Kazakhstan, Kyrgyzstan,\nNigeria, Nepal, Mali, Myanmar, Mongolia, Pakistan, Peru, Philippines, Sri Lanka, Thailand, Ukraine,\nUzbekistan, Uganda, and Vietnam.\n➢ 필수제출서류/ Mandatory document to be submitted\nCASE 1: If your university is on the Excellent accredited Universities list\n1 VisaApplicationForm(Formno.17)/ 사증발급신청서(제17호서식)e-signature not permitted/전자서명불가\nPassport with at least 6 months remainder validity\n2\n여권유효기간이최소6개월이상남아있는여권\nOne3.5X4.5cmpicturetakeninthepast6months. Please glue the photo on the Application Form.\n3\n최근6개월이내촬영한3.5X4.5cm사진. 사증발급신청서사진란에풀로부착.']","유학생 비자(D-2-1 ~ D-2-4) 신청 시 필요한 서류는 다음과 같습니다:

1. 사증발급신청서(제17호서식) - 전자서명 불가
2. 여권 - 유효기간이 최소 6개월 이상 남아 있어야 함
3. 최근 6개월 이내 촬영한 3.5X4.5cm 사진 - 신청서 사진란에 풀로 부착

추가 질문: 유학생 비자의 종류는 어떤 것들이 있나요?","유학생 비자 신청 시 필요한 서류는 다음과 같습니다: 1) 사증발급신청서(제17호서식), 2) 여권(유효기간이 최소 6개월 이상 남아 있어야 함), 3) 최근 6개월 이내 촬영한 3.5X4.5cm 사진, 4) 석사 또는 박사 졸업증명서(아포스티유 원본 필요), 5) 한국대학교의 사업자등록증명원(발급 3개월 이내)입니다.",1.0,0.9999992148304679,0.9999999999857143,0.6
"유학생이 비자가 거부되었을 경우, 수업료 환불은 어떻게 되나요?","['* F ees will be refunded under the conditions listed below. The dormitory fee will be prorated according to admissions date, and other\n6) School transcript (Written in Korean or English, Apostille or Korean Embassy certified)\nmiscellaneous charges will not be refunded\n* T he Immigration Center will be notified about applicants who cancel admissions after obtaining their visa, and their visa will be * All documents must be written in Korean or English. Documents in any other languages must have a notarized translation attached.\nautomatically canceled.\n* Additional documents may be requested.\n* Conditions for refund\n* As required documents may vary depending on the country of origin and visa type, prior inquiry is required\nPeriod Amount\nWhen Visa has been denied/none of the appropriate classes are available Full refund\nBefore the beginning of the class Full refund\n3 Procdeures\nBefore 1/3 of the total class hours have been taken 2/3 of total tuition\nOther', 'Before the beginning of the class Full refund\n3 Procdeures\nBefore 1/3 of the total class hours have been taken 2/3 of total tuition\nOther\nAfter 1/3 of the total class hours have been taken 1/2 of total tution Application Procedure\nAfter 1/2 of the total class hours have been taken No refund\nScreening, Issuing of\nSubmit the Visa application\nInterview, notice admission Opening of\n* Required Documents: Refund request form, a copy of bankbook, a certificate of admission (if visa has not yet been obtained) required Payment (Korean Entry\nof admissions, letter and other classes\ndocument embassy)\n* Further process will be under the rules and regulations of Language Education Center. issuing of invoice documents\nStudent → University →\nStudent University Student Student Student\nUniversity Student\n2026-2027 Korean Language Course Dong-A University', 'Remit the tuition fee with the applicant’s name or passport number (Invoice and information package will be delivered after the screening) Screening fee 50,000KRW Non-refundable\n* Applicants will be responsible for exchange rate fee charges. (Applicants will pay the difference after admissions).\nB. A dditional Documents (required for those who live overseas)\n1) Study plan\n2) Bank statement (verifying a balance of over 8,000,000 KRW)\n3 Refunds\n3) A certificate of parent’s employment and income(at least USD 8,000 per year)\n4) Certificate of family relationship\n* An applicant who wants to withdraw the enrollment must submit the refund request form to Language Education Center.\n5) A copy of citizenship certificates of parents and applicants (verifying foreign nationality)\n* F ees will be refunded under the conditions listed below. The dormitory fee will be prorated according to admissions date, and other', '| 9. 지원자 유의사항 가.지원자는반드시본모집요강의내용을철저히숙지하여원서접수및전형에착오가없도록해야하며,또한본 대학교가정한소정의전형절차에따라야합니다.지원자의착오및전형절차에따르지않음으로인해발생되는 불이익(원서접수취소,전공구술고사응시불허,불합격및합격취소등)에 대하여본교에서책임을지지않으며 전형성적및평가내용은공개하지않습니다. 나.원서접수기간마감이후지원과정및지원학과는수정이불가하며접수완료후에는지원을취소할수없습니다, 다.인터넷접수및전형료를 납부하였더라도서류제출마감일까지구비서류 전체혹은일부미제출자는 학과평가를 거치지않고불합격으로처리합니다. 라. 합격자는 등록기간 내에 반드시 지정된 장소에 등록금을 납부하여야 하며, 기간 내 등록금을 납부하지 않은 자는 불합격처리합니다. 마.본전형에합격하여등록한자는타대학에이중등록할수없습니다.이를위반하면관계법에따라합격및입학이 취소됩니다. 바.지원자격에적합한지원자라도수학능력이부족하다고판단될경우,선발하지않을수있습니다. 사.전형에관한모든공지 사항은본교국제교류과 홈페이지를통해공지합니다.인터넷원서접수 시연락가능한연 락처와 E-mail주소를정확하게입력하지않거나지원자와연락이되지않아불이익이발생한경우본교는책임을 지지않습니다. 아. 다음 사항에 해당하는 경우에는 입학 이후라도 합격 또는 입학을 취소하고 학적을 말소하며 민‧형사상의 책임을 물을수있습니다.입학이 취소되는경우해당자가 납부한 등록금은반환하지않습니다.또한본교 및타 대학교에 서아래의사유로합격또는입학이취소된경우,취소된날로부터3년간본대학교에지원할수없습니다. ∙대리면접등부정한방법으로지원하거나이에협조하여공정한학생선발업무를방해한경우 ∙입학사정에사용된전형자료에주요사항이누락되거나서류허위작성,위·변조등부정이있다고판단되는경우 자.기타전형에관한모든심의및평가에따른사항은본대학교에서결정합니다. 차.본전형에합격한후비자취득및변경에문제가없어야합니다.학업을위한비자취득및변경을하지못할경우, 본교에서입학허가를취소할수있습니다. 카.입학후첫학기에는휴학불가합니다. ※ 동아대학교 학부 외국인 특별전형 모집에 관한 권한과 책임은 본 대학교', '❑ 비자 종류별 정보 / Visa type Information\nD-2-1 ~ D-2-4 University Student Visa\n91일이상, 단수입국\nD-2-1 ~ D-2-4 학생 유학 비자 Over 91 days, Single entry\n➢ 비자+ 서비스수수료/ Visa + Service fee\nVisa Fee (Mandatory) Please check your visa fee HEREin EURO\nService Fee (Mandatory) 60.00 EURO\nCourier Return service (Optional) 15.00 EURO\nApplicable only to students from the countries below,\nBangladesh, Cameroon, China, Ethiopia, Egypt, Ghana, Guinea, Iran, India, Indonesia, Kazakhstan, Kyrgyzstan,\nNigeria, Nepal, Mali, Myanmar, Mongolia, Pakistan, Peru, Philippines, Sri Lanka, Thailand, Ukraine,\nUzbekistan, Uganda, and Vietnam.\n➢ 필수제출서류/ Mandatory document to be submitted\nCASE 1: If your university is on the Excellent accredited Universities list\n1 VisaApplicationForm(Formno.17)/ 사증발급신청서(제17호서식)e-signature not permitted/전자서명불가\nPassport with at least 6 months remainder validity\n2\n여권유효기간이최소6개월이상남아있는여권\nOne3.5X4.5cmpicturetakeninthepast6months. Please glue the photo on the Application Form.\n3', '에는 귀국 지원을 할 수 있다.\n⑦다음 각호의 어느 하나에 해당하는 경우에는 귀국 항공료를 지급하지 않는다.\n1. 수학종료보고서를 제출하지 않는 경우\n2. 장학 기간 내 학위취득을 하지 못한 경우\n3. 장학 기간 이후에도 한국에 체류하는 경우\n⑧학위과정 장학생이 최초 수학 시작 후 3개월 이내에 수학을 포기하면 기존에 받은\n장학금의 전부 또는 일부를 반납하여야 한다. 한국어연수과정을 거치는 경우에는\n한국어연수과정 입학 후 3개월 이내로 한다. 다만, 천재지변, 본국의 소환, 중대한 질병\n등 교육원장이 인정하는 부득이한 사유에는 예외로 한다.\n제23조(준용규정) 본 지침에 규정된 이외의 학사에 관한 사항은 장학생의 소속 수학기\n관의 학칙을 준용한다.\n제24조(장학생 관리·점검) ①교육원장은 수시 또는 정기적으로 수학기관의 장학생 관리\n실태를 점검할 수 있으며 수학기관은 관리 서류 제출 등에 적극적으로 협조하여야 한다.\n②수학기관장은 장학생이 건전한 면학과 내실있는 유학생활을 할 수 있도록 시간제 취\n업을 관리하여야 한다. 장학생은 법무부 등이 정하는 시간제 취업 허가 요건을 충족하고,\n다음 각 호의 기준을 준수하여야 한다.\n1. 장학생은 전공과목 수학에 정진하는 것을 최우선으로 한다.\n2. 한국어연수과정 장학생은 한국어연수과정 6개월 경과 후, 한국어연수기관장 확인 및\n법무부의 시간제 취업 사전 허가를 받은 경우에 방학 기간에 한하여 시간제 취업이 가\n능하다. 다만, 수학기관장이 학위과정 진학에 필요하다고 인정한 TOPIK 등급 이상을 충\n족한 장학생은 학기중에도 주당 20시간 이내에서 시간제 취업을 할 수 있다.\n3. 학위과정 장학생의 시간제 취업은 학업 성취도, 출결, 지도교수 의견 등을 종합적으로 고\n려하여, 학업에 중대한 지장이 없는 범위에서 수학대학장이 인정하는 경우 가능하다. 이\n경우 시간제 취업의 범위 및 기준은 법무부 등 관계 기관이 정한 외국인 유학생 시간\n제 취업 허가 기준을 따른다.\n가. 수학대학 내 근로장학생의 경우', '12. 장학금\n가. 신입생 장학금\n1) 외국인 우수신입생 장학금\n구분\n수혜금액 수혜조건\n장학명 자격요건 종류\nA 수업료100% 한국어능력시험(TOPIKPBT, TOPIK iBT) 5급이상소지자\n외국인\nB 수업료60% 한국어능력시험(TOPIKPBT, TOPIK iBT) 4급소지자\n우수신입생\n외국인신(편)입학\n장학금 C 수업료50% 한국어능력시험(TOPIKPBT, TOPIK iBT) 3급소지자\n특별전형합격자\nA,B,C,D,E\nD 수업료40% 동아한국어능력시험(Dong-A TOPIK) 3급이상소지자\n본교입학자격요건을갖춘신(편)입생중,\nE 수업료30%\n외국인우수신입생장학금A,B,C,D에해당되지않는자\n외국인신(편)입학 A 수업료100% 한국어능력시험(TOPIKPBT, TOPIK iBT) 5급이상소지자\nDAU 특별전형합격자중,\n외국인 본교한국어학당을 B 수업료70% 한국어능력시험(TOPIKPBT, TOPIK iBT) 4급소지자\n우수신입생 2개학기이상수료\n장학금 하고최종2개학기 C 수업료60% 한국어능력시험(TOPIKPBT, TOPIK iBT) 3급소지자\nA,B,C,D 출석률이80% 이 본교입학자격요건을갖춘신(편)입생중,\nD 수업료50%\n상인자 DAU 외국인우수신입생장학금A,B,C에해당되지않는자\n※위장학금은입학학기에만적용되며2번째학기부터는재학생장학금기준에따라지급\n※장학금지급기준및지급액은본교장학제도에따라변동될수있음\n2) 외국인 유학생 국가장학금\n구분 수혜기간 수혜금액 수혜조건\n아래학과외국인신입학특별전형합격자중학과추천자\n- 인문과학대학: 역사문화학부, 한국어문학과\n- 자연과학대학: 반도체학과, 바이오메디컬학과\n- 사회과학대학: 미디어커뮤니케이션학과\n- 경영대학: 경영학과, 관광경영학과, 국제무역학과, 경영정보학과\n동아특화분야 - 생명자원과학대학: 식품생명공학과, 스마트그린자원학과\n첫학기\n우수장학금Ⅰ - 공학: 환경에너지공학과-미래에너지공학전공, 전기공학과, 전자공학과,\n기계공학과, 산업경영공학과, 조선해양공학과, 화학공학과, 신소재공학과']","유학생이 비자가 거부되었을 경우, 수업료는 전액 환불됩니다.

후속 질문: 비자 신청 후 수업 시작 전에 등록금을 환불받으려면 어떤 절차를 따라야 하나요?","비자가 거부된 경우, 전액 환불됩니다.",0.5,0.9584462169300961,0.9999999999666667,1.0
2026년 봄학기(3월~5월)의 지원 마감일은 언제인가요?,"['[Tables]\n|  |\n| 1. 전형 일정 일정 구분 3차 1차 2차 비고 2026.4.1.(수) ~ 2026.6.15.(월) ~ 2026.7.23(목)~ 온라인지원 모집기간 4.14.(화), 6.21.(일), 7.29.(수), (applydonga.accomsystem.co.kr) 24:00까지 24:00까지 24:00까지 동아 2026.04.14(화) 예정 추후공지예정 국제교류과홈페이지공지 한국어능력평가 2026.5.15.(금) 2026.7.20.(월) 2026.8.14(금) 합격자발표 국제교류과홈페이지공지 14:00예정 14:00 예정 14:00 예정 2026.5.18.(월) 2026.7.21.(화) 2026.8.19.(화) 등록금납부 ~ 5.20.(수) ~ 7.23.(목) ~ 8.20.(수) 합격자별도안내 09:00 ~ 16:00 09:00 ~ 16:00 09:00 ~ 16:00 ※ 3차지원은국내체류자만가능함 ※ 전형일정은사정에따라변동될수있음 ※ 변동사항발생시국제교류과홈페이지공지예정(https://global.donga.ac.kr) 2. 지원 절차 온라인지원: applydonga.accomsystem.co.kr 접속 ↓ 회원가입후동아대학교‘신입학’, ‘편입학’중해당되는과정을클릭 ↓ 유의사항숙지후입학원서작성(필수제출서류전체온라인첨부) ↓ 입학원서최종제출및전형료결제* 전형료결제완료되어야접수완료 ↓ 제출서류적격여부심사 ↓ 서류심사 ↓ 합격자발표 ↓ 등록금납부 ↓ 표준입학허가서발급(학교) 및비자신청(지원자) *등록금납부자및원본서류제출자에한해비자서류를발급함 ↓ 입국및오리엔테이션 - 1 - |\n| 구분 | 일정 |  | 3차 비고 |  |  |\n|  | 1차 | 2차 |  |  |  |', '01 02\nCourse Information Course Schedule\n1 Program outline 1 2026\nSemester Four quarters(10 weeks per quarter) Hours 20 hours × 10 weeks = 200 hours Semester Date (10 weeks) Application Deadline The first day of the semester\nDays Mon – Fri (4 hrs per day) Lessons Korean language and cultural activities\nClass size Approximately 15 students (Class may be cancelled if the number of the students is less than 10) 1st 2026.03.03.(Tue) ~ 2026.05.08.(Fri) 2025.12.01.(Mon)~2026.01.02.(Fri) 2026.03.03(Tue)\n1,300,000 KRW per semester\nTuition Fee\n※ Screening fee (50,000KRW) is a non-refundable initial payment due at the time of admission.\nSummer 2026.06.01.(Mon) ~ 2026.08.07.(Fri) 2026.02.16.(Mon)~2026.04.03.(Fri) 2026.06.01.(Mon)\nBeginner 1 & 2 Afternoon class(13:20~17:20)\nLevel and\nIntermediate 1 & 2 Advanced 1 & 2 Morning class (09:00 ~ 13:00)\nclass hours 2nd 2026.08.31.(Mon) ~ 2026.11.06.(Fri) 2026.05.18.(Mon)~2026.07.03.(Fri) 2026.08.31.(Mon)\n※ Class hours can be adjusted', '| 구분 | 일정 |  | 3차 비고 |  |  |\n|  | 1차 | 2차 |  |  |  |\n| 모집기간 | 2026.4.1.(수) ~ 4.14.(화), 24:00까지 | 2026.6.15.(월) ~ 6.21.(일), 24:00까지 | 2026.7.23(목)~ 7.29.(수), 24:00까지 | (app | 온라인지원 lydonga.accomsystem.co.kr) |\n| 동아 한국어능력평가 | 2026.04.14(화) 예정 | 추후공지예정 |  |  | 국제교류과홈페이지공지 |\n| 합격자발표 | 2026.5.15.(금) 14:00예정 | 2026.7.20.(월) 14:00 예정 | 2026.8.14(금) 14:00 예정 |  | 국제교류과홈페이지공지 |\n| 등록금납부 | 2026.5.18.(월) ~ 5.20.(수) 09:00 ~ 16:00 | 2026.7.21.(화) ~ 7.23.(목) 09:00 ~ 16:00 | 2026.8.19.(화) ~ 8.20.(수) 09:00 ~ 16:00 |  | 합격자별도안내 |', '[Tables]\n|  |\n| 10. 합격자 발표 가. 합격자 발표 나. 합격자 원본서류 제출 ※ 기간 내 원본서류 제출이 불가할 경우, 사전 연락 필수(사유없이 기한 내 원본서류 미제출시 합격 취소) 11. 전형료 및 등록금 가. 전형료 1)전형료금액:40,000원 2)납부방법:applydonga.accomsystem.co.kr사이트에서지원서최종제출후[MYPAGE]에서납부 ※반드시지원마감일까지납부해야원서접수가완료되며납부된전형료는반환되지않음 나. 등록기간 다. 등록금액 수업료 (단위: 원) 계열 최초1학기대상자를제외한 최초1학기 전체납부대상자 인문·사회 3,476,700 3,318,500 미디어커뮤니케이션학과 3,653,500 3,495,300 이학·체육 4,085,200 3,927,000 수학과(정보수학과) 3,780,900 3,622,700 공학 4,608,800 4,450,600 예능 4,690,300 4,532,100 ※ 상기등록금은2026학년도기준이며2027학년도등록금은인상될수있음 라. 등록금 납부방법: 합격자에게 별도 공지 예정 - 가상계좌는 국내 송금만 가능하며 등록금 납부는 은행 영업시간에만 가능함 - 해외에서 직접 가상계좌 납부가 불가능하므로 해외 송금자는 국제교류로 인보이스 요청 (해외송금용 등록금 인보이스 별도 발행 및 국제교류과에서 등록금 입금액 대납 처리) - 15 - |\n| 계열 | 수업료 (단위: 원) |  |\n|  | 최초1학기 | 최초1학기대상자를제외한 전체납부대상자 |\n| 인문·사회 | 3,476,700 | 3,318,500 |\n| 미디어커뮤니케이션학과 | 3,653,500 | 3,495,300 |\n| 이학·체육 | 4,085,200 | 3,927,000 |\n| 수학과(정보수학과) | 3,780,900 | 3,622,700 |\n| 공학 | 4,608,800 | 4,450,600 |\n| 예능 | 4,690,300 | 4,532,100 |', '| 10. Notification of Admission A. Notification of Admission: at https://global.donga.ac.kr/dongaoia/ • 1stround: 2026.5.15.(Fri) 14:00 • 2ndround: 2026.7.20.(Mon) 14:00 ※Original Documents (hardcopy) Submission • 1stround: By 2026.5.22.(Fri) • 2ndround: By 2026.7.27.(Fri) ※If you cannot submit the hard copies within the deadline, please contact in advance. ※If you don’t submit the hard copies without notice, your admission will be revoked. 11. Application Fee & Tuition A.Applicationfee -Amount:60,000KRW -Howtopay:Paymentwillbemadeatapplydonga.accomsystem.co.kr–MYPAGE ※Applicationwillbeacceptedafterapplicationfeepaymentandpaidfeeisnon-refundable B.Registration(TuitionPayment) • 1stRound:2026.5.18.(Mon)~5.20.(Wed),09:00~16:00 • 2ndRound:2026.7.21.(Tue)~7.23.(Thu),09:00~16:00 ※Thetotaltuitionfeecanbedifferentdependsonyourscholarshiptype. ※Tuitionfeefor2027canbeupdated. 12. Scholarships A.FreshmanScholarship Type Eligibility Benefits A IELTS 7.0,TOEFL iBT5, New TEPS 380 equivalent or', '1. 전형 일정\n일정\n구분\n3차\n1차 2차 비고\n2026.4.1.(수) ~ 2026.6.15.(월) ~ 2026.7.23(목)~ 온라인지원\n모집기간 4.14.(화), 6.21.(일), 7.29.(수),\n(applydonga.accomsystem.co.kr)\n24:00까지 24:00까지 24:00까지\n동아\n2026.04.14(화) 예정 추후공지예정 국제교류과홈페이지공지\n한국어능력평가\n2026.5.15.(금) 2026.7.20.(월) 2026.8.14(금)\n합격자발표 국제교류과홈페이지공지\n14:00예정 14:00 예정 14:00 예정\n2026.5.18.(월) 2026.7.21.(화) 2026.8.19.(화)\n등록금납부 ~ 5.20.(수) ~ 7.23.(목) ~ 8.20.(수) 합격자별도안내\n09:00 ~ 16:00 09:00 ~ 16:00 09:00 ~ 16:00\n※ 3차지원은국내체류자만가능함\n※ 전형일정은사정에따라변동될수있음\n※ 변동사항발생시국제교류과홈페이지공지예정(https://global.donga.ac.kr)\n2. 지원 절차\n온라인지원: applydonga.accomsystem.co.kr 접속\n↓\n회원가입후동아대학교‘신입학’, ‘편입학’중해당되는과정을클릭\n↓\n유의사항숙지후입학원서작성(필수제출서류전체온라인첨부)\n↓\n입학원서최종제출및전형료결제* 전형료결제완료되어야접수완료\n↓\n제출서류적격여부심사\n↓\n서류심사\n↓\n합격자발표\n↓\n등록금납부\n↓\n표준입학허가서발급(학교) 및비자신청(지원자)\n*등록금납부자및원본서류제출자에한해비자서류를발급함\n↓\n입국및오리엔테이션\n- 1 -', '10. 합격자 발표\n가. 합격자 발표\n나. 합격자 원본서류 제출\n※ 기간 내 원본서류 제출이 불가할 경우, 사전 연락 필수(사유없이 기한 내 원본서류 미제출시 합격 취소)\n11. 전형료 및 등록금\n가. 전형료\n1)전형료금액:40,000원\n2)납부방법:applydonga.accomsystem.co.kr사이트에서지원서최종제출후[MYPAGE]에서납부\n※반드시지원마감일까지납부해야원서접수가완료되며납부된전형료는반환되지않음\n나. 등록기간\n다. 등록금액\n수업료 (단위: 원)\n계열 최초1학기대상자를제외한\n최초1학기\n전체납부대상자\n인문·사회 3,476,700 3,318,500\n미디어커뮤니케이션학과 3,653,500 3,495,300\n이학·체육 4,085,200 3,927,000\n수학과(정보수학과) 3,780,900 3,622,700\n공학 4,608,800 4,450,600\n예능 4,690,300 4,532,100\n※ 상기등록금은2026학년도기준이며2027학년도등록금은인상될수있음\n라. 등록금 납부방법: 합격자에게 별도 공지 예정\n- 가상계좌는 국내 송금만 가능하며 등록금 납부는 은행 영업시간에만 가능함\n- 해외에서 직접 가상계좌 납부가 불가능하므로 해외 송금자는 국제교류로 인보이스 요청\n(해외송금용 등록금 인보이스 별도 발행 및 국제교류과에서 등록금 입금액 대납 처리)\n- 15 -']","2026년 봄학기(3월~5월)의 지원 마감일은 2026년 4월 14일(화) 24:00까지입니다.

후속 질문: 2026년 여름학기의 수업 기간은 언제인가요?",2025년 12월 1일(월)부터 2026년 1월 2일(금)까지입니다.,0.5,0.9126138985284435,0.49999999995,0.0
유학생이 기숙사에서 제공되는 시설은 무엇인가요?,"['[Tables]\n|  |\n| 나. 재학생 장학금 구분 수혜금액 수혜조건 장학명 자격요건 종류 A 수업료100% 직전학기성적순위가10% 미만 외국인유학생 외국인 특별전형으로 B 수업료70% 직전학기성적순위가40% 미만 성적우수 입학한자 장학금 (융합경영학과 C 수업료40% 직전학기성적순위가60% 미만 A,B,C,D 학생제외) D 수업료20% 직전학기성적순위가80% 미만 근로장학금 교내행정업무지원 월평균500,000원 국제교류과선발기준에따름 TOPIKⅡ(중급) 응시표제출자(응시료의경우횟수제한없음) - TOPIK PBT 응시료55,000원중35,000원 지원 시험응시료의일부 - TOPIKiBT응시료95,000원중45,000원 지원 - TOPIK말하기평가응시료80,000원 중40,000원 지원 TOPIK TOPIK 성적표제출자 500,000원 TOPIK(PBT, iBT) 3급제출자 장학금 700,000원 TOPIK(PBT, iBT) 4급제출자 500,000원 TOPIK(PBT, iBT) 5급제출자 500,000원 TOPIK(PBT, iBT) 6급제출자 ※장학금지급기준및지급액은본교장학제도에따라변동될수있음 ※성적우수장학금의경우동점자발생시학과기준에따라장학이결정됨 13. 기타 사항 가. 기숙사 구분 시설 가격 위치 가. 기본시설 한학기(방학제외) : 침대, 책상, 옷장, 신발장, 수납장등 한림생활관 승학1관(여자기숙사): 939,000원 승학 나. 그외시설 승학2관(남자기숙사): 1,070,000원 : 카페테리아, 휴게실, 세탁실등 ※ 상기금액은2026년기숙사비기준이며, 2027년기숙사비책정시변동될수있음 ※ 기숙사홈페이지: http://hanlim.donga.ac.kr ※ 기숙사신청방법: 합격자대상으로추후공지 - 17 - |\n| 구분 |  |  | 수혜금액 | 수혜조건 |\n| 장학명 | 자격요건 | 종류 |  |  |', '| 구분 |  |  | 수혜금액 | 수혜조건 |\n| 장학명 | 자격요건 | 종류 |  |  |\n| 외국인 성적우수 장학금 A,B,C,D | 외국인유학생 특별전형으로 입학한자 (융합경영학과 학생제외) | A | 수업료100% | 직전학기성적순위가10% 미만 |\n|  |  | B | 수업료70% | 직전학기성적순위가40% 미만 |\n|  |  | C | 수업료40% | 직전학기성적순위가60% 미만 |\n|  |  | D | 수업료20% | 직전학기성적순위가80% 미만 |\n| 근로장학금 | 교내행정업무지원 |  | 월평균500,000원 | 국제교류과선발기준에따름 |\n| TOPIK 장학금 | TOPIK 성적표제출자 |  | 시험응시료의일부 | TOPIKⅡ(중급) 응시표제출자(응시료의경우횟수제한없음) - TOPIK PBT 응시료55,000원중35,000원 지원 - TOPIKiBT응시료95,000원중45,000원 지원 - TOPIK말하기평가응시료80,000원 중40,000원 지원 |\n|  |  |  | 500,000원 | TOPIK(PBT, iBT) 3급제출자 |\n|  |  |  | 700,000원 | TOPIK(PBT, iBT) 4급제출자 |\n|  |  |  | 500,000원 | TOPIK(PBT, iBT) 5급제출자 |\n|  |  |  | 500,000원 | TOPIK(PBT, iBT) 6급제출자 |\n| 구분 | 시설 | 가격 | 위치 |\n| 한림생활관 | 가. 기본시설 : 침대, 책상, 옷장, 신발장, 수납장등 나. 그외시설 : 카페테리아, 휴게실, 세탁실등 | 한학기(방학제외) 승학1관(여자기숙사): 939,000원 승학2관(남자기숙사): 1,070,000원 | 승학 |', '| 13. Additional Information A. Dormitory Classification Facilities Fee Location - Room Facilities: bed, desk, closet, etc. Dorm1(Female): 939,000KRW Hanlim - Common Facilities : cafeteria, laundry Dorm2(Male):1,070,000KRW Seunghak Dormitory room, rooftop etc. (1semester/About 4 months) ※Fees are for 2026 intake and may be able to change for 2027 intake. ※Website: HanlimDormitroy(http://hanlim.donga.ac.kr) ※ Dormitory application after admission result announcement. HanlimDormitory B. Insurance -It is compulsory for all the international students to subscribe to insurance in preparation of unexpected diseases, injuries and death during staying in Korea. -From 2021, all foreign residents(including degree students) who are staying six months or longer in Korea are required to enroll in National Health Insurance. (Approx. 60,000 KRW/per month) C. On-campus Programs for Int’l Student D. Information on Issuance of Certificate of Admission and Visa application:To be announced. E.', '13. Additional Information\nA. Dormitory\nClassification Facilities Fee Location\n- Room Facilities: bed, desk, closet, etc. Dorm1(Female): 939,000KRW\nHanlim\n- Common Facilities : cafeteria, laundry Dorm2(Male):1,070,000KRW Seunghak\nDormitory\nroom, rooftop etc. (1semester/About 4 months)\n※Fees are for 2026 intake and may be able to change for 2027 intake.\n※Website: HanlimDormitroy(http://hanlim.donga.ac.kr)\n※ Dormitory application after admission result announcement.\nHanlimDormitory\nB. Insurance\n-It is compulsory for all the international students to subscribe to insurance in preparation of\nunexpected diseases, injuries and death during staying in Korea.\n-From 2021, all foreign residents(including degree students) who are staying six months or longer in\nKorea are required to enroll in National Health Insurance. (Approx. 60,000 KRW/per month)\nC. On-campus Programs for Int’l Student\nD. Information on Issuance of Certificate of Admission and Visa application:To be announced.', '나. 재학생 장학금\n구분\n수혜금액 수혜조건\n장학명 자격요건 종류\nA 수업료100% 직전학기성적순위가10% 미만\n외국인유학생\n외국인\n특별전형으로 B 수업료70% 직전학기성적순위가40% 미만\n성적우수\n입학한자\n장학금\n(융합경영학과 C 수업료40% 직전학기성적순위가60% 미만\nA,B,C,D\n학생제외)\nD 수업료20% 직전학기성적순위가80% 미만\n근로장학금 교내행정업무지원 월평균500,000원 국제교류과선발기준에따름\nTOPIKⅡ(중급) 응시표제출자(응시료의경우횟수제한없음)\n- TOPIK PBT 응시료55,000원중35,000원 지원\n시험응시료의일부\n- TOPIKiBT응시료95,000원중45,000원 지원\n- TOPIK말하기평가응시료80,000원 중40,000원 지원\nTOPIK\nTOPIK 성적표제출자 500,000원 TOPIK(PBT, iBT) 3급제출자\n장학금\n700,000원 TOPIK(PBT, iBT) 4급제출자\n500,000원 TOPIK(PBT, iBT) 5급제출자\n500,000원 TOPIK(PBT, iBT) 6급제출자\n※장학금지급기준및지급액은본교장학제도에따라변동될수있음\n※성적우수장학금의경우동점자발생시학과기준에따라장학이결정됨\n13. 기타 사항\n가. 기숙사\n구분 시설 가격 위치\n가. 기본시설\n한학기(방학제외)\n: 침대, 책상, 옷장, 신발장, 수납장등\n한림생활관 승학1관(여자기숙사): 939,000원 승학\n나. 그외시설\n승학2관(남자기숙사): 1,070,000원\n: 카페테리아, 휴게실, 세탁실등\n※ 상기금액은2026년기숙사비기준이며, 2027년기숙사비책정시변동될수있음\n※ 기숙사홈페이지: http://hanlim.donga.ac.kr\n※ 기숙사신청방법: 합격자대상으로추후공지\n- 17 -', 'not accepted.) ○ Kakaotalk: dongakorean\n* Meals are excluded. ○ Address: ( 49236) Seokdang Global House, Dong-A University, 30-1 Daecheong-ro, Jung-gu, Busan, South Korea\n* Students shall prepare their own beddings in advance since it will not be provided by the dormitory (rentals for beddings are available). (49236) Dong-A University International Affairs Office, B03-0202, 225 Gudeok-ro, Seo-gu, Busan, South Korea\n* N o Wi-Fi connection will be available in the dormitory. Students shall either use the LAN cable provided by the dormitory or prepare their\n○ Web site: h ttp://www.donga.ac.kr (Dong-A University)\nown Wi-Fi router.\nhttp://global.donga.ac.kr (Dong-A University Office of International Affairs)\n* Newcomers must stay in the dormitory at least 3 months. The course will be terminated if you leave the dormitory within 3 months.\n* Refrigerated/frozen foods cannot be stored(Please do not bring) ○ E-mail: koreanedu@donga.ac.kr', 'provided after entering our university.\nChina : or notorization, Philippines: Family Census, Indonesia : KARTU KELUARGA,\n5 Information about Immigration Office - (map included)\n户口本 亲属关系证明 영주터널\nVietnam : So Ho Khau or Giay Khai Sinh, Pakistan : Family Certificate\nA. D uties: Issuing alien registration card, extension of length of stay, change in types of visa,\n중앙동\nchange in address, reports and declarations and etc. 지하철역 중부경찰서\n※ T hese are the basic requirements for applying for the visa. Conditions may vary depending on the country, so please check with the\nB. P hone number: representative number (without area code) 1345 / general civil service center\nKorean embassies in your country before applying for the visa. 남포동\n051-461-3120~6 중부소방서 대한항공빌딩 부산역\n영\nC. Directions 주 고\n부산출입국 가\n- S ubway: line number 1 (Orange line), Busan station exit number 2 or Joongang station exit 종합민원센터 교\nnumber 14, first floor of the Korean Air building (Joongang-dong).\n6 Note\n06\nDormitory']","기숙사에서 제공되는 시설은 침대, 책상, 옷장, 신발장, 수납장 등 기본시설과 카페테리아, 휴게실, 세탁실 등의 그외시설이 있습니다.

[후속 질문]
기숙사 비용은 얼마인가요?","기숙사에서는 세탁실, 휴게실, 욕실, 침대, 책상, 의자, 책장, 옷장, 에어컨, 난방 시스템이 제공됩니다.",1.0,0.7196664393228301,0.99999999998,0.0
부산의 기숙사 비용은 얼마인가요?,"['부산출입국 가\n- S ubway: line number 1 (Orange line), Busan station exit number 2 or Joongang station exit 종합민원센터 교\nnumber 14, first floor of the Korean Air building (Joongang-dong).\n6 Note\n06\nDormitory\nLanguage school students who want to apply for the undergraduate or graduate school may use the original documents they submitted when\nthey apply for the language course. If there are no changes on the original documents, required documents can be simplified.\n1 Facility and rate\n08\nContact\nType Rate(app.) Facilities Meal\nAround 756,000 Public sector: Laundry room, resting area Not\nTwin room\nKRW (for 3 months) Room: Bathroom, bed, desk, chair, bookcase, closet, air-conditioning, heating system, LAN Included\n* T he dormitory fee must be paid to the dormitory account at the time of receiving the invoice after entering Korea (Monthly payments are ○ Phone number : +82-51-200-6446\nnot accepted.) ○ Kakaotalk: dongakorean', '| 구분 |  |  | 수혜금액 | 수혜조건 |\n| 장학명 | 자격요건 | 종류 |  |  |\n| 외국인 성적우수 장학금 A,B,C,D | 외국인유학생 특별전형으로 입학한자 (융합경영학과 학생제외) | A | 수업료100% | 직전학기성적순위가10% 미만 |\n|  |  | B | 수업료70% | 직전학기성적순위가40% 미만 |\n|  |  | C | 수업료40% | 직전학기성적순위가60% 미만 |\n|  |  | D | 수업료20% | 직전학기성적순위가80% 미만 |\n| 근로장학금 | 교내행정업무지원 |  | 월평균500,000원 | 국제교류과선발기준에따름 |\n| TOPIK 장학금 | TOPIK 성적표제출자 |  | 시험응시료의일부 | TOPIKⅡ(중급) 응시표제출자(응시료의경우횟수제한없음) - TOPIK PBT 응시료55,000원중35,000원 지원 - TOPIKiBT응시료95,000원중45,000원 지원 - TOPIK말하기평가응시료80,000원 중40,000원 지원 |\n|  |  |  | 500,000원 | TOPIK(PBT, iBT) 3급제출자 |\n|  |  |  | 700,000원 | TOPIK(PBT, iBT) 4급제출자 |\n|  |  |  | 500,000원 | TOPIK(PBT, iBT) 5급제출자 |\n|  |  |  | 500,000원 | TOPIK(PBT, iBT) 6급제출자 |\n| 구분 | 시설 | 가격 | 위치 |\n| 한림생활관 | 가. 기본시설 : 침대, 책상, 옷장, 신발장, 수납장등 나. 그외시설 : 카페테리아, 휴게실, 세탁실등 | 한학기(방학제외) 승학1관(여자기숙사): 939,000원 승학2관(남자기숙사): 1,070,000원 | 승학 |', '[Tables]\n|  |\n| 나. 재학생 장학금 구분 수혜금액 수혜조건 장학명 자격요건 종류 A 수업료100% 직전학기성적순위가10% 미만 외국인유학생 외국인 특별전형으로 B 수업료70% 직전학기성적순위가40% 미만 성적우수 입학한자 장학금 (융합경영학과 C 수업료40% 직전학기성적순위가60% 미만 A,B,C,D 학생제외) D 수업료20% 직전학기성적순위가80% 미만 근로장학금 교내행정업무지원 월평균500,000원 국제교류과선발기준에따름 TOPIKⅡ(중급) 응시표제출자(응시료의경우횟수제한없음) - TOPIK PBT 응시료55,000원중35,000원 지원 시험응시료의일부 - TOPIKiBT응시료95,000원중45,000원 지원 - TOPIK말하기평가응시료80,000원 중40,000원 지원 TOPIK TOPIK 성적표제출자 500,000원 TOPIK(PBT, iBT) 3급제출자 장학금 700,000원 TOPIK(PBT, iBT) 4급제출자 500,000원 TOPIK(PBT, iBT) 5급제출자 500,000원 TOPIK(PBT, iBT) 6급제출자 ※장학금지급기준및지급액은본교장학제도에따라변동될수있음 ※성적우수장학금의경우동점자발생시학과기준에따라장학이결정됨 13. 기타 사항 가. 기숙사 구분 시설 가격 위치 가. 기본시설 한학기(방학제외) : 침대, 책상, 옷장, 신발장, 수납장등 한림생활관 승학1관(여자기숙사): 939,000원 승학 나. 그외시설 승학2관(남자기숙사): 1,070,000원 : 카페테리아, 휴게실, 세탁실등 ※ 상기금액은2026년기숙사비기준이며, 2027년기숙사비책정시변동될수있음 ※ 기숙사홈페이지: http://hanlim.donga.ac.kr ※ 기숙사신청방법: 합격자대상으로추후공지 - 17 - |\n| 구분 |  |  | 수혜금액 | 수혜조건 |\n| 장학명 | 자격요건 | 종류 |  |  |', '나. 재학생 장학금\n구분\n수혜금액 수혜조건\n장학명 자격요건 종류\nA 수업료100% 직전학기성적순위가10% 미만\n외국인유학생\n외국인\n특별전형으로 B 수업료70% 직전학기성적순위가40% 미만\n성적우수\n입학한자\n장학금\n(융합경영학과 C 수업료40% 직전학기성적순위가60% 미만\nA,B,C,D\n학생제외)\nD 수업료20% 직전학기성적순위가80% 미만\n근로장학금 교내행정업무지원 월평균500,000원 국제교류과선발기준에따름\nTOPIKⅡ(중급) 응시표제출자(응시료의경우횟수제한없음)\n- TOPIK PBT 응시료55,000원중35,000원 지원\n시험응시료의일부\n- TOPIKiBT응시료95,000원중45,000원 지원\n- TOPIK말하기평가응시료80,000원 중40,000원 지원\nTOPIK\nTOPIK 성적표제출자 500,000원 TOPIK(PBT, iBT) 3급제출자\n장학금\n700,000원 TOPIK(PBT, iBT) 4급제출자\n500,000원 TOPIK(PBT, iBT) 5급제출자\n500,000원 TOPIK(PBT, iBT) 6급제출자\n※장학금지급기준및지급액은본교장학제도에따라변동될수있음\n※성적우수장학금의경우동점자발생시학과기준에따라장학이결정됨\n13. 기타 사항\n가. 기숙사\n구분 시설 가격 위치\n가. 기본시설\n한학기(방학제외)\n: 침대, 책상, 옷장, 신발장, 수납장등\n한림생활관 승학1관(여자기숙사): 939,000원 승학\n나. 그외시설\n승학2관(남자기숙사): 1,070,000원\n: 카페테리아, 휴게실, 세탁실등\n※ 상기금액은2026년기숙사비기준이며, 2027년기숙사비책정시변동될수있음\n※ 기숙사홈페이지: http://hanlim.donga.ac.kr\n※ 기숙사신청방법: 합격자대상으로추후공지\n- 17 -', 'in National Health Insurance. (Approx. 60,000 KRW/per month) C. On-campus Programs for Int’l Student D. Information on Issuance of Certificate of Admission and Visa application:To be announced. E. Orientation(Mandatory) -Orientation schedule will be announced individually. -Contents: Course Registration, Introduction of Academic affairs, Busan tour and so on. -All freshmen must participate in the orientation. - 12 - |', '[Tables]\n| Type | Rate(app.) | Facilities | Meal |\n|  | Around 756,000 KRW (for 3 months) | Public sector: Laundry room, resting area Room: Bathroom, bed, desk, chair, bookcase, closet, air-conditioning, heating system, LAN |  |', 'provided after entering our university.\nChina : or notorization, Philippines: Family Census, Indonesia : KARTU KELUARGA,\n5 Information about Immigration Office - (map included)\n户口本 亲属关系证明 영주터널\nVietnam : So Ho Khau or Giay Khai Sinh, Pakistan : Family Certificate\nA. D uties: Issuing alien registration card, extension of length of stay, change in types of visa,\n중앙동\nchange in address, reports and declarations and etc. 지하철역 중부경찰서\n※ T hese are the basic requirements for applying for the visa. Conditions may vary depending on the country, so please check with the\nB. P hone number: representative number (without area code) 1345 / general civil service center\nKorean embassies in your country before applying for the visa. 남포동\n051-461-3120~6 중부소방서 대한항공빌딩 부산역\n영\nC. Directions 주 고\n부산출입국 가\n- S ubway: line number 1 (Orange line), Busan station exit number 2 or Joongang station exit 종합민원센터 교\nnumber 14, first floor of the Korean Air building (Joongang-dong).\n6 Note\n06\nDormitory']","부산의 기숙사 비용은 한 학기(방학 제외) 기준으로 승학1관(여자기숙사)은 939,000원, 승학2관(남자기숙사)은 1,070,000원입니다.

후속 질문: 기숙사에는 어떤 시설이 포함되어 있나요?","부산의 기숙사 비용은 3개월 기준으로 약 756,000원입니다.",1.0,0.9999999999999997,0.7708333333140625,1.0
장학생이 한국어 연수 과정을 이수해야 하는 기간은 얼마인가요?,"[""제3조(적용 대상) 이 지침의 적용 대상은 국립국제교육원(이하 “교육원”이라 한다)이\n관리하는 장학사업으로 다음 각 호에 해당하는 사업에 선발된 장학생을 대상으로 한다.\n1. 정부초청외국인장학생 교류지원 사업\n2. 한일 공동 고등교육 유학생 교류사업(석박사 학위과정)\n제4조(장학 기간) ①장학 기간은 한국어 연수 기간 외에 다음 각호에 따라 학과의 수업\n연한 이내로 한다.\n1. 전문학사과정 : 2-3년\n2. 학사과정 : 4-6년\n3. 석사과정 : 2년\n4. 박사과정 : 3년\n5. 석·박사 통합과정 4년\n②특수한 목적에 의해 운영되는 과정(이하 “특화과정”이라 한다) 중 교육원장이 인\n정하는 편입학의 경우에는 제1항의 장학 기간에서 편입학한 학년 이전 기간은 제외한다.\n③제1항과 제2항의 장학 기간은 연장되지 않으며, 장학 기간에 휴학 기간은 포함하지\n않는다.\n제5조(한국어연수과정) ①장학생은 입학 전에 1년의 한국어연수과정을 이수하고, 한국\n어능력시험(이하 'TOPIK’이라 한다) 3급 이상을 취득하여야 한다. 다만, TOPIK 5급\n이상을 취득한 경우 또는 교육원장이 장학생 선발 시 외국어로 학위과정의 이수가\n가능하다고 인정한 경우에는 한국어연수과정 이수 의무가 면제되며, 수학대학의 학\n사일정에 맞추어 진학할 수 있다.\n②제1항을 충족하지 못한 장학생 중 TOPIK 3급 합격점의 70% 이상을 받은 경우,\n수학대학장이 승인하고 국립국제교육원장(이하 “교육원장”이라 한다)이 인정하면\n수학대학의 학사일정에 맞추어 진학할 수 있다.\n③교육원장은 교육부장관이 국제협력선도대학 육성지원사업에 필요하다고 인정하여\n요청하는 경우 TOPIK 등급 요건을 완화하여 진학을 인정할 수 있다.\n④제1항을 충족하지 못한 장학생 중 한국어 연수기관장의 허가를 받고 교육원장의\n승인을 얻은 경우에는 한국어연수과정 이수 기간을 1회에 한해 6개월 연장할 수 있다.\n- 2 -\n\n[Tables]"", '에는 귀국 지원을 할 수 있다.\n⑦다음 각호의 어느 하나에 해당하는 경우에는 귀국 항공료를 지급하지 않는다.\n1. 수학종료보고서를 제출하지 않는 경우\n2. 장학 기간 내 학위취득을 하지 못한 경우\n3. 장학 기간 이후에도 한국에 체류하는 경우\n⑧학위과정 장학생이 최초 수학 시작 후 3개월 이내에 수학을 포기하면 기존에 받은\n장학금의 전부 또는 일부를 반납하여야 한다. 한국어연수과정을 거치는 경우에는\n한국어연수과정 입학 후 3개월 이내로 한다. 다만, 천재지변, 본국의 소환, 중대한 질병\n등 교육원장이 인정하는 부득이한 사유에는 예외로 한다.\n제23조(준용규정) 본 지침에 규정된 이외의 학사에 관한 사항은 장학생의 소속 수학기\n관의 학칙을 준용한다.\n제24조(장학생 관리·점검) ①교육원장은 수시 또는 정기적으로 수학기관의 장학생 관리\n실태를 점검할 수 있으며 수학기관은 관리 서류 제출 등에 적극적으로 협조하여야 한다.\n②수학기관장은 장학생이 건전한 면학과 내실있는 유학생활을 할 수 있도록 시간제 취\n업을 관리하여야 한다. 장학생은 법무부 등이 정하는 시간제 취업 허가 요건을 충족하고,\n다음 각 호의 기준을 준수하여야 한다.\n1. 장학생은 전공과목 수학에 정진하는 것을 최우선으로 한다.\n2. 한국어연수과정 장학생은 한국어연수과정 6개월 경과 후, 한국어연수기관장 확인 및\n법무부의 시간제 취업 사전 허가를 받은 경우에 방학 기간에 한하여 시간제 취업이 가\n능하다. 다만, 수학기관장이 학위과정 진학에 필요하다고 인정한 TOPIK 등급 이상을 충\n족한 장학생은 학기중에도 주당 20시간 이내에서 시간제 취업을 할 수 있다.\n3. 학위과정 장학생의 시간제 취업은 학업 성취도, 출결, 지도교수 의견 등을 종합적으로 고\n려하여, 학업에 중대한 지장이 없는 범위에서 수학대학장이 인정하는 경우 가능하다. 이\n경우 시간제 취업의 범위 및 기준은 법무부 등 관계 기관이 정한 외국인 유학생 시간\n제 취업 허가 기준을 따른다.\n가. 수학대학 내 근로장학생의 경우', '이 경우 TOPIK 3급 합격점의 70% 이상을 취득한 장학생이어야 한다.\n⑤제4항에 따라 한국어연수과정 이수 기간을 연장한 장학생은 교육원 정부초청 외국인\n장학생 장학금 지급 세부 지침(이하 ‘장학금 지침’이라 한다)에 따른 한국어 연수\n비의 50%를 본인이 부담하여야 한다.\n⑥제4항에 따라 한국어연수과정 기간을 연장받은 장학생은 한국어연수과정 이수 기간\n이내에 TOPIK 3급 이상을 취득하고, 수학대학의 진학 조건을 충족하여야 한다.\n⑦장학생이 한국어연수과정 중에 부득이한 사유가 있으면 미리 한국어연수기관장의\n허가를 받아 결석할 수 있다. 다만, 불가피한 경우에는 사후에 의사진단서 등의 증빙\n서류를 첨부한 결석확인서를 제출할 수 있다.\n제6조(학위과정 입학) ①장학생은 교육원장이 정한 지침에 따라 학위과정에 입학하여야\n한다.\n②수학기관장은 장학생의 학위과정 입학 결과를 교육원장에게 보고하여야 한다.\n제7조(수학대학 변경) 장학생은 교육원장으로부터 입학 대학을 승인받은 이후 수학대학을\n변경할 수 없다.\n제8조(학과 등 변경) ①학위과정으로 입학한 장학생은 승인받은 최종입학학과(부)가 폐\n과되거나 또는 전공 적합성이나 진로 재설계 등의 사유로 학과(부) 변경을 원할 경\n우 수학대학의 학칙에 따라 학과(부)를 변경할 수 있다. 다만, 특화과정에 선발된 장\n학생은 해당 과정의 목적을 달성하는 학과(부) 범위 내에서 변경이 가능하다.\n②학위과정 장학생은 수학대학의 학칙에 따라 다음 각 호와 같이 통합과정으로 변경\n할 수 있으나 장학기간은 연장되지 아니한다. 다만 제17조 및 제22조제7항 적용 시\n에는 수학대학장이 인정한 통합과정의 수업연한을 기준으로 한다.\n1. 학사과정에서 학·석사통합과정\n2. 석사과정에서 석·박사통합과정\n③수학대학장은 장학생의 학위과정, 학과(계열) 변경 처리 결과를 1개월 이내에 교육\n원장에게 보고하여야 한다.\n④한국어연수과정 중인 장학생은 학위과정으로 진학한 후에 제1항 및 제2항에 따른\n- 3 -\n\n[Tables]', '학과(부) 변경 등의 절차를 거칠 수 있다.\n제9조(등록) ①장학생은 수학기관이 정한 등록기간 내에 등록하여야 한다.\n②수학기관장은 장학생이 매학기 등록 기한까지 등록을 아니한 경우 교육원장에게\n보고하여야 한다.\n제10조(수학 의무) 장학생은 수학기관의 학칙, 규정 등에 따라 성실히 수강하여야 한다.\n제11조(수학 상황 보고) ①수학기관장은 장학생의 수학 상황을 매학기 종료 후에 다음\n각호와 같이 교육원장에게 보고하여야 한다.\n1. 한국어연수과정 : 성적 및 수료 상황\n2. 학위과정 : 성적, 수료 및 학위 취득 상황\n②특화과정으로 교육원장이 인정하는 외국대학과의 공동학위 및 복수학위(이하 “공동\n학위 등”이라 한다)를 운영하는 수학대학장은 다음 각 호의 사항을 교육원장에게 보고\n하여야 한다.\n1. 매학기 종료 후에 성적, 수료 및 학위 취득 상황. 다만 외국대학에서 공동학위 등\n을 수학하는 기간의 성적은 제외\n2. 학기 개시 1개월 전에 공동학위 등을 운영하는 외국대학의 명칭, 외국대학 체류 학기\n및 체류 기간\n3. 공동학위 등 이수를 위한 출입국일. 출국일은 7일 전까지, 입국일은 7일 이내 보고\n③학위과정 장학생은 최종 수학 완료 시 수학종료보고서 등의 서류를 교육원장에게\n제출하여야 한다.\n제12조(휴학 등) ①한국어연수과정 장학생은 휴학할 수 없으며, 다만 본국의 긴급 소환,\n긴급한 가정 사정, 본인의 중대한 질병 등 부득이한 경우에 한하여 한국어 연수기관의\n규정에 따라 휴학 등을 신청하고 교육원장의 승인을 받아야 한다.\n②학기 시작 전 휴학하고자 하는 학위과정 장학생은 수학대학의 규정에 따라 휴학을\n신청하고 수학대학장의 승인을 받아야 한다.\n③학기 중간에 휴학하고자 하는 학위과정 장학생은 본국의 긴급 소환, 긴급한 가정\n- 4 -\n\n[Tables]', ""period before the academic year of transfer.\n③ The scholarship period specified in Paragraph 1 shall not be extended, and any\nleave of absence shall not be counted as part of the scholarship period.\nArticle 5 (Korean Language Program) ① A GKS recipient must complete a one-year\nKorean language program and attain a level of three (3) or higher on the Test of\nProficiency in Korean (“TOPIK”) before commencing a degree program. However, a\nrecipient who has obtained a TOPIK level of five (5) or higher, or has been\nrecognized by the NIIED president at the time of selection as eligible to complete\nthe degree program in a foreign language, may be exempted from the mandatory\nKorean language program. In such cases, the recipient may proceed directly to the\ndegree program according to the university's academic schedule.\n② If a GKS recipient has not fulfilled the requirement stated in Paragraph 1 but\nhas achieved a score of 70% or higher of the passing score of the TOPIK level"", '사정, 본인의 중대한 질병 등 부득이한 사유가 있는 경우에 한하여 허용한다. 이 경\n우 장학생은 휴학 신청서와 함께 해당 사유를 증빙하는 자료를 제출하여야 한다.\n④휴학은 학기 단위로 신청하여야 하며, 총 휴학 기간은 1년을 초과할 수 없다.\n다만, 수학기관장이 특별한 사유로 인정하는 경우에는 최대 1년의 범위에서 휴학 기\n간을 추가로 연장할 수 있다.\n⑤수학대학장은 장학생의 휴학 처리 결과를 교육원장에게 보고하여야 한다.\n제13조(복학) ①복학하고자 하는 장학생은 휴학 기간 종료 1개월 전까지 수학기관의\n학칙에 따라 복학 신고를 하여야 한다.\n②수학기관장은 장학생의 복학 처리 결과를 매학기 개시일 2주 전까지 교육원장에게\n보고하여야 한다.\n제14조(비상연락망 유지) 장학생은 체류지, 연락처 등 정보가 변경된 즉시 수학기관에\n신고하여야 하며, 수학기관장은 수학대학의 장학생 및 교육원과의 비상 연락 체계를\n상시 유지하여야 한다.\n제15조(일시출국) ①한국어연수과정 장학생의 일시출국은 다음 각호에 한하여 일시출국\n7일 전까지 일시출국신청서 및 증빙서류를 제출하여 한국어 연수기관장의 승인을\n받아야 한다. 다만 가족사망 등의 이유로 출국이 긴급한 경우에는 일시출국일까지\n신청할 수 있다.\n1. 학기 중에는 본국의 긴급 소환, 직계 가족의 긴급한 가정 사정, 본인의 중대한 질병\n등 특별한 사안이 발생한 경우에 한하여 최대 2주까지 일시출국 허용\n2. 한국어 연수기관장이 정한 방학 기간 범위 내에서 최대 4주까지 일시출국 허용\n②학위과정 장학생의 일시출국은 다음 각호에 한하여 일시출국 7일 전까지 일시출국\n신청서를 제출하여 수학대학장의 승인을 받아야 한다. 다만 가족사망 등의 이유로\n출국이 긴급한 경우에는 일시출국일까지 신청할 수 있다.\n1. 학기 중에는 학업에 지장이 없는 범위 내에서 최대 2주까지 일시출국 허용\n2. 수학대학장이 정한 방학 기간 내에서 일시출국 허용\n제16조(재입국 신고) ①일시출국 기간이 종료되어 재입국한 장학생은 7일 이내에 출입국\n- 5 -', '2 Korean-Japan Government Scholarship (Graduate degree program)\nArticle 4 (The scholarship period) ①The scholarship period, excluding the Korean\nlanguage program period, shall be within the duration of the academic program as\nspecified by the department by the following:\n1. Associate degree program: 2-3 years\n2. Undergraduate degree program: 4-6 years\n3. Master’s degree program: 2 years\n4. Doctoral degree program: 3 years\n5. Combined Master’s and Doctoral degree program: 4 years\n② In the case of transfer admissions in programs operated for specific purposes\n(hereinafter referred to as ""specialized programs"") recognized by the president of\nthe National Institute for International Education (hereinafter referred to as ""the\nNIIED president""), the scholarship period specified in Paragraph 1 shall exclude the\nperiod before the academic year of transfer.\n③ The scholarship period specified in Paragraph 1 shall not be extended, and any']","장학생은 입학 전에 1년의 한국어 연수 과정을 이수해야 합니다.

[후속 질문] 장학생이 한국어 연수 과정을 이수하지 못한 경우 어떤 조건을 충족해야 진학할 수 있나요?",장학생은 입학 전에 1년의 한국어 연수 과정을 이수해야 합니다.,1.0,0.7910422917500246,0.94999999997625,1.0
유학생이 한국에서 시간제 취업을 하려면 어떤 조건을 충족해야 하나요?,"['에는 귀국 지원을 할 수 있다.\n⑦다음 각호의 어느 하나에 해당하는 경우에는 귀국 항공료를 지급하지 않는다.\n1. 수학종료보고서를 제출하지 않는 경우\n2. 장학 기간 내 학위취득을 하지 못한 경우\n3. 장학 기간 이후에도 한국에 체류하는 경우\n⑧학위과정 장학생이 최초 수학 시작 후 3개월 이내에 수학을 포기하면 기존에 받은\n장학금의 전부 또는 일부를 반납하여야 한다. 한국어연수과정을 거치는 경우에는\n한국어연수과정 입학 후 3개월 이내로 한다. 다만, 천재지변, 본국의 소환, 중대한 질병\n등 교육원장이 인정하는 부득이한 사유에는 예외로 한다.\n제23조(준용규정) 본 지침에 규정된 이외의 학사에 관한 사항은 장학생의 소속 수학기\n관의 학칙을 준용한다.\n제24조(장학생 관리·점검) ①교육원장은 수시 또는 정기적으로 수학기관의 장학생 관리\n실태를 점검할 수 있으며 수학기관은 관리 서류 제출 등에 적극적으로 협조하여야 한다.\n②수학기관장은 장학생이 건전한 면학과 내실있는 유학생활을 할 수 있도록 시간제 취\n업을 관리하여야 한다. 장학생은 법무부 등이 정하는 시간제 취업 허가 요건을 충족하고,\n다음 각 호의 기준을 준수하여야 한다.\n1. 장학생은 전공과목 수학에 정진하는 것을 최우선으로 한다.\n2. 한국어연수과정 장학생은 한국어연수과정 6개월 경과 후, 한국어연수기관장 확인 및\n법무부의 시간제 취업 사전 허가를 받은 경우에 방학 기간에 한하여 시간제 취업이 가\n능하다. 다만, 수학기관장이 학위과정 진학에 필요하다고 인정한 TOPIK 등급 이상을 충\n족한 장학생은 학기중에도 주당 20시간 이내에서 시간제 취업을 할 수 있다.\n3. 학위과정 장학생의 시간제 취업은 학업 성취도, 출결, 지도교수 의견 등을 종합적으로 고\n려하여, 학업에 중대한 지장이 없는 범위에서 수학대학장이 인정하는 경우 가능하다. 이\n경우 시간제 취업의 범위 및 기준은 법무부 등 관계 기관이 정한 외국인 유학생 시간\n제 취업 허가 기준을 따른다.\n가. 수학대학 내 근로장학생의 경우', '3. 학위과정 장학생의 시간제 취업은 학업 성취도, 출결, 지도교수 의견 등을 종합적으로 고\n려하여, 학업에 중대한 지장이 없는 범위에서 수학대학장이 인정하는 경우 가능하다. 이\n경우 시간제 취업의 범위 및 기준은 법무부 등 관계 기관이 정한 외국인 유학생 시간\n제 취업 허가 기준을 따른다.\n가. 수학대학 내 근로장학생의 경우\n나. 학업과 연관된 연구·학술 활동의 경우\n다. 현장 실습학기제 운영에 따른 현장실습에 참여하는 경우\n- 9 -', '증빙서류 1부를 갖추어 수학기관장에게 재입국 신고를 하여야 한다.\n②수학기관장은 매학기 방학 전 일시출국신청서를 수합하여 승인 처리하고, 방학\n종료 후 출입국증빙서류를 확인하여 무단출국 및 출국허용기간 미준수 등 학사지침\n위반자에 대해 교육원장에게 보고하여야 한다.\n제17조(귀국 신고) ①장학 기간이 종료되거나 부득이한 사유로 중도 포기하고 귀국하려는\n장학생은 소속 수학기관에 귀국 신고를 하여야 하며, 수학기관장은 해당 사실을 장학\n기간 종료 또는 귀국 30일 전까지 교육원장에게 보고하여야 한다.\n②학위과정 장학생이 장학 기간 이내에 학위를 취득하지 못하여 학위취득을 목적으로\n한국 내에 체류할 경우, 전문학사․학사․석사 학위과정은 12개월까지, 박사 학위과정은\n24개월까지 귀국 신고를 연기할 수 있으며, 수학대학장은 장학 기간 종료 30일 전까지\n장학생의 귀국 연기 상황을 교육원장에게 보고하여야 한다.\n제18조(경고) 다음 각 호의 어느 하나에 해당하는 경우, 교육원장은 해당 장학생을 경고\n조치한다.\n1. 한국어연수 기간 중 무단결석일이 연속하여 3일 이상이거나 월 누계 5일 이상인 경우\n이 경우 출결의 세부기준(지각, 조퇴, 결석의 환산 기준 등)은 한국어연수기관 내부 규\n정에 따라 적용할 수 있다.\n2. 학기 단위 평점평균(백분위 환산점수)이 기준 점수 미만인 경우(전문학사․학사과정\n70점/100점, 석․박사 과정 80점/100점)\n3. 무단으로 일시출국하거나, 허가 기간 내 입국하지 않는 경우. 다만, 위반 사유가\n부득이하다고 교육원장이 인정하는 경우에는 예외로 할 수 있다.\n4. 제24조제2항의 시간제 취업 허용 범위를 위반한 경우\n5. 이외에 정부초청 외국인 장학생 징계위원회(이하 ‘징계위원회’라 한다)에서 경고\n조치가 필요하다고 인정하는 경우\n제19조(장학생 자격상실) 다음 각 호의 어느 하나에 해당하는 경우, 교육원장은 해당 장학\n생을 자격상실 처분한다.\n1. 수학기관으로부터 제적 처분을 받은 경우', '4. 제24조제2항의 시간제 취업 허용 범위를 위반한 경우\n5. 이외에 정부초청 외국인 장학생 징계위원회(이하 ‘징계위원회’라 한다)에서 경고\n조치가 필요하다고 인정하는 경우\n제19조(장학생 자격상실) 다음 각 호의 어느 하나에 해당하는 경우, 교육원장은 해당 장학\n생을 자격상실 처분한다.\n1. 수학기관으로부터 제적 처분을 받은 경우\n2. 제5조 한국어연수과정 이수 후 수학대학에 진학하지 못한 경우\n- 6 -', 'Ministry of Justice and other relevant authorities and comply with the following\ncriteria:\n1. A GKS recipient must prioritize studying their major program.\n2. A GKS recipient in the Korean language program shall not engage in part-time\nemployment until completing at least six (6) months of the program. Part-time\nemployment shall be permitted only during vacation periods.\nSuch employment shall require prior approval from the president of the Korean\nlanguage institution and prior authorization from the Ministry of Justice.\nNotwithstanding the foregoing, a recipient who has obtained the TOPIK level\nrecognized by the president of the institution as necessary for advancement to a\ndegree program may engage in part-time employment during the semester. In\nsuch case, part-time employment shall not exceed twenty (20) hours per week.', '라. 인턴 활동의 경우\n마. 그 밖에 법무부 등 관계 기관이 정한 외국인 유학생 취업 허용 범위 내 활동\n4. 제3호 마목에 따른 활동은 원칙적으로 동 지침 제18조 제2호 성적 경고를 받은 장학생\n에게는 허용하지 아니한다. 다만, 다음 각 목의 요건을 모두 충족하는 경우에는 예외적\n으로 허용할 수 있다.\n가. 성적경고를 1회만 받은 경우\n나. 직전 학기 성적 평점평균(백분위 환산점수)이 학사 및 전문학사 과정 80/100 이\n상, 석사 및 박사 과정 85/100 이상을 충족한 경우\n다. 수학대학장이 학업 지속 가능성을 인정한 경우\n5. 성적경고를 2회 이상 받은 장학생에 대하여는 제4호 단서의 예외를 적용하지 아니한다.\n③학위과정 장학생은 수학대학이 정한 졸업 요건을 충족한 경우 또는 취업 이후에도 수\n학대학의 학적 유지가 가능한 경우 취업할 수 있다.\n④제3항에 따라 취업한 장학생이 학업을 지속하고 수학대학의 학적을 유지하는 경우에는\n장학생 자격을 유지할 수 있으며, 장학금 지급 여부는 학업 이행 여부, 학업 성취도 및\n대학의 의견 등을 종합적으로 고려하여 결정한다.\n⑤교육원장은 정부초청 외국인 장학생(GKS) 사업의 성과 분석 및 동문 네트워크 구축을\n위하여 관련 법령이 허용하는 범위 내에서 졸업생(동문)의 진로, 취업, 거주 국가 등\n현황을 조사할 수 있다.\n⑥교육원장은 제5항에 따른 조사 수행을 위하여 필요한 경우, 관련 법령에 따라 수학대\n학장에게 졸업생(동문) 조사에 필요한 정보 및 현황 자료 등을 요청할 수 있다. 이 경\n우 수학대학장은 특별한 사정이 없는 한 이에 협조하여야 한다.\n제25조(장학생 관리실적 평가) 교육원장은 수학기관에 대하여 장학생 관리실적을 평가하고,\n그 결과를 수학대학 선정 및 장학생 인원 배정 등에 반영할 수 있다.\n부 칙\n이 지침은 2019. 6. 20.부터 시행한다.\n이 지침은 2020. 6. 22.부터 시행하며, 장학 기간 중인 장학생 전체에 적용된다.', 'confirmation letter of tuition fee, etc.\nStudents who are enrolled with an insurance from their own country should provide proof of insurance after entering\n- A graduation certificate of the most recently attended school\nKorea.\n- Proof of Financial Capability (at least USD 8,000 per year): Parents’ proof of income and certificate of employment\n- Certificate of Bank Balance (at least KRW 8,000,000) * E ffective starting from March of 2015, all international students are required to have insurances according to the\n- TB Test Certificate laws of the Korean government.\n* F rom February 2021, foreigners staying in Korea for more than 6 months are obligated to subscribe to public\nFamily Relations Proof Sample health insurance and pay insurance premiums. Please note that the exact premium and subscription details will be\nprovided after entering our university.\nChina : or notorization, Philippines: Family Census, Indonesia : KARTU KELUARGA,']","유학생이 한국에서 시간제 취업을 하려면 다음의 조건을 충족해야 합니다:

1. 장학생은 전공과목 수학에 최우선으로 전념해야 합니다.
2. 한국어연수과정 장학생은 한국어연수과정 6개월이 경과한 후, 한국어연수기관장의 확인 및 법무부의 시간제 취업 사전 허가를 받은 경우에만 방학 기간 동안 시간제 취업이 가능합니다. 또한, 수학기관장이 학위과정 진학에 필요하다고 인정한 TOPIK 등급 이상을 충족한 장학생은 학기 중에도 주당 20시간 이내에서 시간제 취업이 가능합니다.
3. 학위과정 장학생의 경우, 시간제 취업은 학업 성취도, 출결, 지도교수의 의견 등을 종합적으로 고려하여 수학대학장이 인정하는 경우에만 가능합니다. 이 경우 시간제 취업의 범위 및 기준은 법무부 등 관계 기관이 정한 외국인 유학생 시간제 취업 허가 기준을 따라야 합니다.

후속 질문: 유학생이 귀국 항공료를 지급받지 못하는 경우는 어떤 경우인가요?","유학생은 법무부 등이 정하는 시간제 취업 허가 요건을 충족해야 하며, 전공과목 수학에 정진하는 것을 최우선으로 해야 합니다. 한국어연수과정 장학생은 한국어연수과정 6개월 경과 후, 한국어연수기관장 확인 및 법무부의 시간제 취업 사전 허가를 받은 경우에 방학 기간에 한하여 시간제 취업이 가능합니다. 또한, 학위과정 장학생은 학업 성취도, 출결, 지도교수 의견 등을 종합적으로 고려하여 수학대학장이 인정하는 경우에 한해 시간제 취업이 가능합니다.",1.0,0.9999992213212595,0.9266666666481335,1.0
정부초청 외국인 장학생으로 선발되면 어떤 기관에서 학업을 수행하게 되나요?,"[""붙임 2 정부초청 외국인 장학생 학사 운영 지침(국문, 영문)\n정부초청 외국인 장학생 학사 운영 지침\n개정 2026. 3. 1.\n제1조(목적) 이 지침은 정부초청 외국인 장학생(이하 '장학생'이라 한다)의 건전한 면학과\n유학 생활의 내실화를 위해 필요한 사항을 정함을 목적으로 한다.\n제2조(정의) 이 지침에서 사용하는 용어의 뜻은 다음과 같다.\n1. “정부초청 외국인 장학생”(이하 “장학생”이라 한다)이란 국립국제교육원(이하\n“교육원”이라 한다)이 수행하는 정부초청 외국인 장학사업(Global Korea\nScholarship, GKS) 및 이에 준하는 장학사업에 선발된 외국인 유학생을 말한다.\n2. “수학기관”이란 장학생이 소속되어 학업 또는 연수를 수행하는 대학 또는 한국\n어연수기관을 말한다.\n3. “수학대학”이란 장학생이 소속되어 학업을 수행하는 대학을 말한다.\n4. “수학기관장”이란 수학기관의 장을 말한다.\n5. “수학대학장”이란 수학대학의 장을 말한다.\n6. “학위과정”이란 대학의 학칙에 따라 학위를 수여하는 교육과정을 말한다.\n7. “한국어연수과정”이란 대학 또는 한국어연수기관에서 운영하는 한국어 교육과\n정을 말한다.\n8. “공동학위”란 국내․외 대학이 공동으로 운영하는 교육과정을 이수하고 각 대학\n의 학위취득에 필요한 요건을 충족한 자에게 양 대학 공동명의로 학위를 수여하는\n것을 말한다.\n9. “복수학위”란 국내․외 대학에서 각각 또는 공동으로 운영하는 교육과정을 이수\n하고 각 대학의 학위취득에 필요한 요건을 충족한 자에게 양 대학이 각자의 명의로\n학위를 수여하는 것을 말한다.\n- 1 -\n\n[Tables]"", '라. 인턴 활동의 경우\n마. 그 밖에 법무부 등 관계 기관이 정한 외국인 유학생 취업 허용 범위 내 활동\n4. 제3호 마목에 따른 활동은 원칙적으로 동 지침 제18조 제2호 성적 경고를 받은 장학생\n에게는 허용하지 아니한다. 다만, 다음 각 목의 요건을 모두 충족하는 경우에는 예외적\n으로 허용할 수 있다.\n가. 성적경고를 1회만 받은 경우\n나. 직전 학기 성적 평점평균(백분위 환산점수)이 학사 및 전문학사 과정 80/100 이\n상, 석사 및 박사 과정 85/100 이상을 충족한 경우\n다. 수학대학장이 학업 지속 가능성을 인정한 경우\n5. 성적경고를 2회 이상 받은 장학생에 대하여는 제4호 단서의 예외를 적용하지 아니한다.\n③학위과정 장학생은 수학대학이 정한 졸업 요건을 충족한 경우 또는 취업 이후에도 수\n학대학의 학적 유지가 가능한 경우 취업할 수 있다.\n④제3항에 따라 취업한 장학생이 학업을 지속하고 수학대학의 학적을 유지하는 경우에는\n장학생 자격을 유지할 수 있으며, 장학금 지급 여부는 학업 이행 여부, 학업 성취도 및\n대학의 의견 등을 종합적으로 고려하여 결정한다.\n⑤교육원장은 정부초청 외국인 장학생(GKS) 사업의 성과 분석 및 동문 네트워크 구축을\n위하여 관련 법령이 허용하는 범위 내에서 졸업생(동문)의 진로, 취업, 거주 국가 등\n현황을 조사할 수 있다.\n⑥교육원장은 제5항에 따른 조사 수행을 위하여 필요한 경우, 관련 법령에 따라 수학대\n학장에게 졸업생(동문) 조사에 필요한 정보 및 현황 자료 등을 요청할 수 있다. 이 경\n우 수학대학장은 특별한 사정이 없는 한 이에 협조하여야 한다.\n제25조(장학생 관리실적 평가) 교육원장은 수학기관에 대하여 장학생 관리실적을 평가하고,\n그 결과를 수학대학 선정 및 장학생 인원 배정 등에 반영할 수 있다.\n부 칙\n이 지침은 2019. 6. 20.부터 시행한다.\n이 지침은 2020. 6. 22.부터 시행하며, 장학 기간 중인 장학생 전체에 적용된다.', ""제3조(적용 대상) 이 지침의 적용 대상은 국립국제교육원(이하 “교육원”이라 한다)이\n관리하는 장학사업으로 다음 각 호에 해당하는 사업에 선발된 장학생을 대상으로 한다.\n1. 정부초청외국인장학생 교류지원 사업\n2. 한일 공동 고등교육 유학생 교류사업(석박사 학위과정)\n제4조(장학 기간) ①장학 기간은 한국어 연수 기간 외에 다음 각호에 따라 학과의 수업\n연한 이내로 한다.\n1. 전문학사과정 : 2-3년\n2. 학사과정 : 4-6년\n3. 석사과정 : 2년\n4. 박사과정 : 3년\n5. 석·박사 통합과정 4년\n②특수한 목적에 의해 운영되는 과정(이하 “특화과정”이라 한다) 중 교육원장이 인\n정하는 편입학의 경우에는 제1항의 장학 기간에서 편입학한 학년 이전 기간은 제외한다.\n③제1항과 제2항의 장학 기간은 연장되지 않으며, 장학 기간에 휴학 기간은 포함하지\n않는다.\n제5조(한국어연수과정) ①장학생은 입학 전에 1년의 한국어연수과정을 이수하고, 한국\n어능력시험(이하 'TOPIK’이라 한다) 3급 이상을 취득하여야 한다. 다만, TOPIK 5급\n이상을 취득한 경우 또는 교육원장이 장학생 선발 시 외국어로 학위과정의 이수가\n가능하다고 인정한 경우에는 한국어연수과정 이수 의무가 면제되며, 수학대학의 학\n사일정에 맞추어 진학할 수 있다.\n②제1항을 충족하지 못한 장학생 중 TOPIK 3급 합격점의 70% 이상을 받은 경우,\n수학대학장이 승인하고 국립국제교육원장(이하 “교육원장”이라 한다)이 인정하면\n수학대학의 학사일정에 맞추어 진학할 수 있다.\n③교육원장은 교육부장관이 국제협력선도대학 육성지원사업에 필요하다고 인정하여\n요청하는 경우 TOPIK 등급 요건을 완화하여 진학을 인정할 수 있다.\n④제1항을 충족하지 못한 장학생 중 한국어 연수기관장의 허가를 받고 교육원장의\n승인을 얻은 경우에는 한국어연수과정 이수 기간을 1회에 한해 6개월 연장할 수 있다.\n- 2 -\n\n[Tables]"", '이 경우 TOPIK 3급 합격점의 70% 이상을 취득한 장학생이어야 한다.\n⑤제4항에 따라 한국어연수과정 이수 기간을 연장한 장학생은 교육원 정부초청 외국인\n장학생 장학금 지급 세부 지침(이하 ‘장학금 지침’이라 한다)에 따른 한국어 연수\n비의 50%를 본인이 부담하여야 한다.\n⑥제4항에 따라 한국어연수과정 기간을 연장받은 장학생은 한국어연수과정 이수 기간\n이내에 TOPIK 3급 이상을 취득하고, 수학대학의 진학 조건을 충족하여야 한다.\n⑦장학생이 한국어연수과정 중에 부득이한 사유가 있으면 미리 한국어연수기관장의\n허가를 받아 결석할 수 있다. 다만, 불가피한 경우에는 사후에 의사진단서 등의 증빙\n서류를 첨부한 결석확인서를 제출할 수 있다.\n제6조(학위과정 입학) ①장학생은 교육원장이 정한 지침에 따라 학위과정에 입학하여야\n한다.\n②수학기관장은 장학생의 학위과정 입학 결과를 교육원장에게 보고하여야 한다.\n제7조(수학대학 변경) 장학생은 교육원장으로부터 입학 대학을 승인받은 이후 수학대학을\n변경할 수 없다.\n제8조(학과 등 변경) ①학위과정으로 입학한 장학생은 승인받은 최종입학학과(부)가 폐\n과되거나 또는 전공 적합성이나 진로 재설계 등의 사유로 학과(부) 변경을 원할 경\n우 수학대학의 학칙에 따라 학과(부)를 변경할 수 있다. 다만, 특화과정에 선발된 장\n학생은 해당 과정의 목적을 달성하는 학과(부) 범위 내에서 변경이 가능하다.\n②학위과정 장학생은 수학대학의 학칙에 따라 다음 각 호와 같이 통합과정으로 변경\n할 수 있으나 장학기간은 연장되지 아니한다. 다만 제17조 및 제22조제7항 적용 시\n에는 수학대학장이 인정한 통합과정의 수업연한을 기준으로 한다.\n1. 학사과정에서 학·석사통합과정\n2. 석사과정에서 석·박사통합과정\n③수학대학장은 장학생의 학위과정, 학과(계열) 변경 처리 결과를 1개월 이내에 교육\n원장에게 보고하여야 한다.\n④한국어연수과정 중인 장학생은 학위과정으로 진학한 후에 제1항 및 제2항에 따른\n- 3 -\n\n[Tables]', '3. 수학기관이 정한 등록 기간 내에 등록하지 않는 경우\n4. 수학기관이 정한 학기 시작일 이후 정당한 사유 없이 입국하지 않는 경우\n5. 휴학 기간 종료 후 정당한 사유 없이 복학원서를 제출하지 않은 경우\n6. 제12조제3항에 명시된 휴학 기간을 초과한 경우\n7. 외국대학과의 학점 교류 등의 목적으로 출신국 또는 제3국으로 출국한 경우\n다만, 다음 각 목의 어느 하나에 해당하는 경우는 제외한다.\n가. 외국대학과의 공동학위 등을 운영하는 경우\n나. 수학대학의 교육과정에 근거하여 방학 기간 중 운영되는 외국대학 학점 교류의 경우\n8. 제15조 각호의 기준에 따른 일시출국 최대허용기간을 초과한 경우. 다만, 교육원장이\n그 행위에 부득이한 사유가 있다고 인정하는 경우는 예외로 한다.\n9. 제18조에 따른 경고를 3회 이상 받은 경우\n10. 성범죄로 벌금 이상의 형 또는 기소유예 처분을 받거나, 그 외 범죄로 300만원을\n초과하는 벌금형 또는 금고 이상의 형이 확정된 경우\n11. 사망, 정신적․신체적 무능력, 연락두절, 체류기간 종료, 출국 명령 등으로 더 이상\n학업을 수행할 수 없다고 교육원장이 인정하는 경우\n12. 장학을 중도 포기한 경우\n13. 이 외에 징계위원회에서 자격상실 처분의 의결을 받은 경우\n제20조(징계) ①징계는 ‘정부초청외국인 장학생 상벌 규정’에 따라 징계위원회 의결을\n거쳐 장학금 일시정지, 자격상실 처분을 말한다.\n②교육원장은 다음 각호의 어느 하나에 해당하는 경우 징계할 수 있다.\n1. 정치활동을 하거나, 대한민국의 명예와 국익을 실추시킨 경우\n2. 절도, 폭력, 성폭행(성희롱, 성추행 포함), 폭언 등 타인에게 해를 가한 경우\n3. 법령을 위반한 경우\n4. 각종 서류가 허위로 작성되었거나 사실과 다른 것으로 드러난 경우\n5. 교육원에 서약한 사항을 위반한 경우\n6. 이 외에 장학생의 본분에 어긋난 행위를 한 경우\n③교육원장은 다음 각호에 해당하는 경우 징계위원회의 의결을 거쳐 경고 등을 조치\n- 7 -\n\n[Tables]', '4. 제24조제2항의 시간제 취업 허용 범위를 위반한 경우\n5. 이외에 정부초청 외국인 장학생 징계위원회(이하 ‘징계위원회’라 한다)에서 경고\n조치가 필요하다고 인정하는 경우\n제19조(장학생 자격상실) 다음 각 호의 어느 하나에 해당하는 경우, 교육원장은 해당 장학\n생을 자격상실 처분한다.\n1. 수학기관으로부터 제적 처분을 받은 경우\n2. 제5조 한국어연수과정 이수 후 수학대학에 진학하지 못한 경우\n- 6 -', '증빙서류 1부를 갖추어 수학기관장에게 재입국 신고를 하여야 한다.\n②수학기관장은 매학기 방학 전 일시출국신청서를 수합하여 승인 처리하고, 방학\n종료 후 출입국증빙서류를 확인하여 무단출국 및 출국허용기간 미준수 등 학사지침\n위반자에 대해 교육원장에게 보고하여야 한다.\n제17조(귀국 신고) ①장학 기간이 종료되거나 부득이한 사유로 중도 포기하고 귀국하려는\n장학생은 소속 수학기관에 귀국 신고를 하여야 하며, 수학기관장은 해당 사실을 장학\n기간 종료 또는 귀국 30일 전까지 교육원장에게 보고하여야 한다.\n②학위과정 장학생이 장학 기간 이내에 학위를 취득하지 못하여 학위취득을 목적으로\n한국 내에 체류할 경우, 전문학사․학사․석사 학위과정은 12개월까지, 박사 학위과정은\n24개월까지 귀국 신고를 연기할 수 있으며, 수학대학장은 장학 기간 종료 30일 전까지\n장학생의 귀국 연기 상황을 교육원장에게 보고하여야 한다.\n제18조(경고) 다음 각 호의 어느 하나에 해당하는 경우, 교육원장은 해당 장학생을 경고\n조치한다.\n1. 한국어연수 기간 중 무단결석일이 연속하여 3일 이상이거나 월 누계 5일 이상인 경우\n이 경우 출결의 세부기준(지각, 조퇴, 결석의 환산 기준 등)은 한국어연수기관 내부 규\n정에 따라 적용할 수 있다.\n2. 학기 단위 평점평균(백분위 환산점수)이 기준 점수 미만인 경우(전문학사․학사과정\n70점/100점, 석․박사 과정 80점/100점)\n3. 무단으로 일시출국하거나, 허가 기간 내 입국하지 않는 경우. 다만, 위반 사유가\n부득이하다고 교육원장이 인정하는 경우에는 예외로 할 수 있다.\n4. 제24조제2항의 시간제 취업 허용 범위를 위반한 경우\n5. 이외에 정부초청 외국인 장학생 징계위원회(이하 ‘징계위원회’라 한다)에서 경고\n조치가 필요하다고 인정하는 경우\n제19조(장학생 자격상실) 다음 각 호의 어느 하나에 해당하는 경우, 교육원장은 해당 장학\n생을 자격상실 처분한다.\n1. 수학기관으로부터 제적 처분을 받은 경우']","정부초청 외국인 장학생으로 선발되면, 국립국제교육원이 수행하는 장학사업에 따라 장학생이 소속되어 학업 또는 연수를 수행하는 대학 또는 한국어연수기관에서 학업을 수행하게 됩니다.

[후속 질문]
장학생이 한국어 연수 과정을 이수해야 하는 기간은 어떻게 되나요?","장학생은 국립국제교육원이 수행하는 정부초청 외국인 장학사업에 선발된 외국인 유학생으로, 소속된 대학 또는 한국어연수기관에서 학업 또는 연수를 수행하게 됩니다.",1.0,0.9265902870225101,0.9999999999857143,1.0
유학생이 징계를 받을 수 있는 경우는 어떤 것들이 있나요?,"['3. 수학기관이 정한 등록 기간 내에 등록하지 않는 경우\n4. 수학기관이 정한 학기 시작일 이후 정당한 사유 없이 입국하지 않는 경우\n5. 휴학 기간 종료 후 정당한 사유 없이 복학원서를 제출하지 않은 경우\n6. 제12조제3항에 명시된 휴학 기간을 초과한 경우\n7. 외국대학과의 학점 교류 등의 목적으로 출신국 또는 제3국으로 출국한 경우\n다만, 다음 각 목의 어느 하나에 해당하는 경우는 제외한다.\n가. 외국대학과의 공동학위 등을 운영하는 경우\n나. 수학대학의 교육과정에 근거하여 방학 기간 중 운영되는 외국대학 학점 교류의 경우\n8. 제15조 각호의 기준에 따른 일시출국 최대허용기간을 초과한 경우. 다만, 교육원장이\n그 행위에 부득이한 사유가 있다고 인정하는 경우는 예외로 한다.\n9. 제18조에 따른 경고를 3회 이상 받은 경우\n10. 성범죄로 벌금 이상의 형 또는 기소유예 처분을 받거나, 그 외 범죄로 300만원을\n초과하는 벌금형 또는 금고 이상의 형이 확정된 경우\n11. 사망, 정신적․신체적 무능력, 연락두절, 체류기간 종료, 출국 명령 등으로 더 이상\n학업을 수행할 수 없다고 교육원장이 인정하는 경우\n12. 장학을 중도 포기한 경우\n13. 이 외에 징계위원회에서 자격상실 처분의 의결을 받은 경우\n제20조(징계) ①징계는 ‘정부초청외국인 장학생 상벌 규정’에 따라 징계위원회 의결을\n거쳐 장학금 일시정지, 자격상실 처분을 말한다.\n②교육원장은 다음 각호의 어느 하나에 해당하는 경우 징계할 수 있다.\n1. 정치활동을 하거나, 대한민국의 명예와 국익을 실추시킨 경우\n2. 절도, 폭력, 성폭행(성희롱, 성추행 포함), 폭언 등 타인에게 해를 가한 경우\n3. 법령을 위반한 경우\n4. 각종 서류가 허위로 작성되었거나 사실과 다른 것으로 드러난 경우\n5. 교육원에 서약한 사항을 위반한 경우\n6. 이 외에 장학생의 본분에 어긋난 행위를 한 경우\n③교육원장은 다음 각호에 해당하는 경우 징계위원회의 의결을 거쳐 경고 등을 조치\n- 7 -\n\n[Tables]', '4. 제24조제2항의 시간제 취업 허용 범위를 위반한 경우\n5. 이외에 정부초청 외국인 장학생 징계위원회(이하 ‘징계위원회’라 한다)에서 경고\n조치가 필요하다고 인정하는 경우\n제19조(장학생 자격상실) 다음 각 호의 어느 하나에 해당하는 경우, 교육원장은 해당 장학\n생을 자격상실 처분한다.\n1. 수학기관으로부터 제적 처분을 받은 경우\n2. 제5조 한국어연수과정 이수 후 수학대학에 진학하지 못한 경우\n- 6 -', '할 수 있다.\n1. 징계 처분을 하기에 사유가 경미하다고 판단하는 경우\n2. 불가피한 사유 등의 정상 참작의 여지가 있는 경우\n제21조(형사사건 기소 사실 신고 등) ①장학생은 형사사건으로 기소된 경우 이를 즉시\n수학기관에 신고하여야 하며, 교육원장은 신고하지 않은 장학생을 제20조에 따라 징\n계할 수 있다.\n②수학기관장은 장학생의 형사사건 기소 사실을 알게 된 경우 즉시 교육원장에게\n보고하여야 한다.\n③교육원장은 장학생이 형사사건으로 기소된 경우 장학금 지급을 유보할 수 있다.\n④교육원장은 장학생이 유죄 판결을 선고받은 경우 장학생에게 제19조제10호에 따라\n자격상실 처분하거나, 제20조에 따라 징계위원회에 의결을 요구할 수 있다.\n⑤교육원장은 장학생이 유죄 판결을 선고받은 경우 장학금 지급을 중단하고 장학금을 환수\n할 수 있다. 이 경우 장학금 환수 대상 기간, 항목, 금액 등은 징계위원회에서 결정한다.\n제22조(장학금 지급 및 수령) ①장학금 지급 및 수령에 관한 사항은 장학금 지침에 따\n른다.\n②교육원장은 학업성적이 우수한 장학생에게 별도로 장학금을 지급할 수 있다.\n③장학생의 월 중 국내체류기간이 15일 이상인 경우 1개월로 하여 학업장려금 전액을\n지급하고, 15일 미만인 경우 국내체류 일수만큼 일할계산하여 지급한다. 다만, 학위과\n정 장학생은 장학금 지침 제22조제6항의 경우를 제외하고 학기당 일시출국 일수 30\n일을 국내에 체류한 날로 간주한다.\n④제12조의 휴학 기간에는 학업장려금을 지급하지 않는다. 다만, 수학기관장이 장학\n생의 부득이한 국내 체류로 학업장려금 지급이 불가피함을 신청하여 교육원장이\n인정하면 지급할 수 있다.\n⑤외국대학과의 공동학위 등을 운영하는 경우, 외국대학에서 수학하는 기간의 장학\n금은 지급하지 아니한다. 다만 국내 대학에 납부하는 등록금은 지급한다.\n⑥제19조에 따라 장학생 자격이 상실되면 해당 장학생에게 장학금을 지급하지 않는다.\n다만, 본인의 의사에 의하지 않은 중도 포기 등의 사유로 교육원장이 인정하는 경우\n- 8 -', '증빙서류 1부를 갖추어 수학기관장에게 재입국 신고를 하여야 한다.\n②수학기관장은 매학기 방학 전 일시출국신청서를 수합하여 승인 처리하고, 방학\n종료 후 출입국증빙서류를 확인하여 무단출국 및 출국허용기간 미준수 등 학사지침\n위반자에 대해 교육원장에게 보고하여야 한다.\n제17조(귀국 신고) ①장학 기간이 종료되거나 부득이한 사유로 중도 포기하고 귀국하려는\n장학생은 소속 수학기관에 귀국 신고를 하여야 하며, 수학기관장은 해당 사실을 장학\n기간 종료 또는 귀국 30일 전까지 교육원장에게 보고하여야 한다.\n②학위과정 장학생이 장학 기간 이내에 학위를 취득하지 못하여 학위취득을 목적으로\n한국 내에 체류할 경우, 전문학사․학사․석사 학위과정은 12개월까지, 박사 학위과정은\n24개월까지 귀국 신고를 연기할 수 있으며, 수학대학장은 장학 기간 종료 30일 전까지\n장학생의 귀국 연기 상황을 교육원장에게 보고하여야 한다.\n제18조(경고) 다음 각 호의 어느 하나에 해당하는 경우, 교육원장은 해당 장학생을 경고\n조치한다.\n1. 한국어연수 기간 중 무단결석일이 연속하여 3일 이상이거나 월 누계 5일 이상인 경우\n이 경우 출결의 세부기준(지각, 조퇴, 결석의 환산 기준 등)은 한국어연수기관 내부 규\n정에 따라 적용할 수 있다.\n2. 학기 단위 평점평균(백분위 환산점수)이 기준 점수 미만인 경우(전문학사․학사과정\n70점/100점, 석․박사 과정 80점/100점)\n3. 무단으로 일시출국하거나, 허가 기간 내 입국하지 않는 경우. 다만, 위반 사유가\n부득이하다고 교육원장이 인정하는 경우에는 예외로 할 수 있다.\n4. 제24조제2항의 시간제 취업 허용 범위를 위반한 경우\n5. 이외에 정부초청 외국인 장학생 징계위원회(이하 ‘징계위원회’라 한다)에서 경고\n조치가 필요하다고 인정하는 경우\n제19조(장학생 자격상실) 다음 각 호의 어느 하나에 해당하는 경우, 교육원장은 해당 장학\n생을 자격상실 처분한다.\n1. 수학기관으로부터 제적 처분을 받은 경우', '라. 인턴 활동의 경우\n마. 그 밖에 법무부 등 관계 기관이 정한 외국인 유학생 취업 허용 범위 내 활동\n4. 제3호 마목에 따른 활동은 원칙적으로 동 지침 제18조 제2호 성적 경고를 받은 장학생\n에게는 허용하지 아니한다. 다만, 다음 각 목의 요건을 모두 충족하는 경우에는 예외적\n으로 허용할 수 있다.\n가. 성적경고를 1회만 받은 경우\n나. 직전 학기 성적 평점평균(백분위 환산점수)이 학사 및 전문학사 과정 80/100 이\n상, 석사 및 박사 과정 85/100 이상을 충족한 경우\n다. 수학대학장이 학업 지속 가능성을 인정한 경우\n5. 성적경고를 2회 이상 받은 장학생에 대하여는 제4호 단서의 예외를 적용하지 아니한다.\n③학위과정 장학생은 수학대학이 정한 졸업 요건을 충족한 경우 또는 취업 이후에도 수\n학대학의 학적 유지가 가능한 경우 취업할 수 있다.\n④제3항에 따라 취업한 장학생이 학업을 지속하고 수학대학의 학적을 유지하는 경우에는\n장학생 자격을 유지할 수 있으며, 장학금 지급 여부는 학업 이행 여부, 학업 성취도 및\n대학의 의견 등을 종합적으로 고려하여 결정한다.\n⑤교육원장은 정부초청 외국인 장학생(GKS) 사업의 성과 분석 및 동문 네트워크 구축을\n위하여 관련 법령이 허용하는 범위 내에서 졸업생(동문)의 진로, 취업, 거주 국가 등\n현황을 조사할 수 있다.\n⑥교육원장은 제5항에 따른 조사 수행을 위하여 필요한 경우, 관련 법령에 따라 수학대\n학장에게 졸업생(동문) 조사에 필요한 정보 및 현황 자료 등을 요청할 수 있다. 이 경\n우 수학대학장은 특별한 사정이 없는 한 이에 협조하여야 한다.\n제25조(장학생 관리실적 평가) 교육원장은 수학기관에 대하여 장학생 관리실적을 평가하고,\n그 결과를 수학대학 선정 및 장학생 인원 배정 등에 반영할 수 있다.\n부 칙\n이 지침은 2019. 6. 20.부터 시행한다.\n이 지침은 2020. 6. 22.부터 시행하며, 장학 기간 중인 장학생 전체에 적용된다.', '에는 귀국 지원을 할 수 있다.\n⑦다음 각호의 어느 하나에 해당하는 경우에는 귀국 항공료를 지급하지 않는다.\n1. 수학종료보고서를 제출하지 않는 경우\n2. 장학 기간 내 학위취득을 하지 못한 경우\n3. 장학 기간 이후에도 한국에 체류하는 경우\n⑧학위과정 장학생이 최초 수학 시작 후 3개월 이내에 수학을 포기하면 기존에 받은\n장학금의 전부 또는 일부를 반납하여야 한다. 한국어연수과정을 거치는 경우에는\n한국어연수과정 입학 후 3개월 이내로 한다. 다만, 천재지변, 본국의 소환, 중대한 질병\n등 교육원장이 인정하는 부득이한 사유에는 예외로 한다.\n제23조(준용규정) 본 지침에 규정된 이외의 학사에 관한 사항은 장학생의 소속 수학기\n관의 학칙을 준용한다.\n제24조(장학생 관리·점검) ①교육원장은 수시 또는 정기적으로 수학기관의 장학생 관리\n실태를 점검할 수 있으며 수학기관은 관리 서류 제출 등에 적극적으로 협조하여야 한다.\n②수학기관장은 장학생이 건전한 면학과 내실있는 유학생활을 할 수 있도록 시간제 취\n업을 관리하여야 한다. 장학생은 법무부 등이 정하는 시간제 취업 허가 요건을 충족하고,\n다음 각 호의 기준을 준수하여야 한다.\n1. 장학생은 전공과목 수학에 정진하는 것을 최우선으로 한다.\n2. 한국어연수과정 장학생은 한국어연수과정 6개월 경과 후, 한국어연수기관장 확인 및\n법무부의 시간제 취업 사전 허가를 받은 경우에 방학 기간에 한하여 시간제 취업이 가\n능하다. 다만, 수학기관장이 학위과정 진학에 필요하다고 인정한 TOPIK 등급 이상을 충\n족한 장학생은 학기중에도 주당 20시간 이내에서 시간제 취업을 할 수 있다.\n3. 학위과정 장학생의 시간제 취업은 학업 성취도, 출결, 지도교수 의견 등을 종합적으로 고\n려하여, 학업에 중대한 지장이 없는 범위에서 수학대학장이 인정하는 경우 가능하다. 이\n경우 시간제 취업의 범위 및 기준은 법무부 등 관계 기관이 정한 외국인 유학생 시간\n제 취업 허가 기준을 따른다.\n가. 수학대학 내 근로장학생의 경우', '5. The exception under Subparagraph 4 shall not apply to GKS recipients who have\nreceived two (2) academic warnings.\n③ A GKS recipient in a degree program may engage in full-time employment if the\nrecipient has satisfied the graduation requirements established by the university or\nif the recipient may maintain student status at the university after commencing\nemployment.\n④ A GKS recipient who engages in employment pursuant to Paragraph 3 and\ncontinues academic studies while maintaining student status at the university may\nretain GKS recipient status. The payment of scholarships shall be determined upon\ncomprehensive consideration of academic fulfillment, academic performance, and\nthe opinion of the university.']","유학생이 징계를 받을 수 있는 경우는 다음과 같습니다:

1. 정치활동을 하거나, 대한민국의 명예와 국익을 실추시킨 경우
2. 절도, 폭력, 성폭행(성희롱, 성추행 포함), 폭언 등 타인에게 해를 가한 경우
3. 법령을 위반한 경우
4. 각종 서류가 허위로 작성되었거나 사실과 다른 것으로 드러난 경우
5. 교육원에 서약한 사항을 위반한 경우
6. 이 외에 장학생의 본분에 어긋난 행위를 한 경우

또한, 경고 조치가 필요하다고 인정되는 경우에도 징계를 받을 수 있습니다.

후속 질문: 유학생이 징계를 받을 경우 어떤 절차를 거치게 되나요?","유학생이 징계를 받을 수 있는 경우는 정치활동을 하거나 대한민국의 명예와 국익을 실추시킨 경우, 절도, 폭력, 성폭행(성희롱, 성추행 포함), 폭언 등 타인에게 해를 가한 경우, 법령을 위반한 경우, 각종 서류가 허위로 작성되었거나 사실과 다른 것으로 드러난 경우, 교육원에 서약한 사항을 위반한 경우, 그리고 장학생의 본분에 어긋난 행위를 한 경우입니다.",1.0,0.9999999999999997,0.99999999998,1.0
유학생이 제출해야 하는 필수 서류는 무엇인가요?,"['❑ 비자 종류별 정보 / Visa type Information\nD-2-1 ~ D-2-4 University Student Visa\n91일이상, 단수입국\nD-2-1 ~ D-2-4 학생 유학 비자 Over 91 days, Single entry\n➢ 비자+ 서비스수수료/ Visa + Service fee\nVisa Fee (Mandatory) Please check your visa fee HEREin EURO\nService Fee (Mandatory) 60.00 EURO\nCourier Return service (Optional) 15.00 EURO\nApplicable only to students from the countries below,\nBangladesh, Cameroon, China, Ethiopia, Egypt, Ghana, Guinea, Iran, India, Indonesia, Kazakhstan, Kyrgyzstan,\nNigeria, Nepal, Mali, Myanmar, Mongolia, Pakistan, Peru, Philippines, Sri Lanka, Thailand, Ukraine,\nUzbekistan, Uganda, and Vietnam.\n➢ 필수제출서류/ Mandatory document to be submitted\nCASE 1: If your university is on the Excellent accredited Universities list\n1 VisaApplicationForm(Formno.17)/ 사증발급신청서(제17호서식)e-signature not permitted/전자서명불가\nPassport with at least 6 months remainder validity\n2\n여권유효기간이최소6개월이상남아있는여권\nOne3.5X4.5cmpicturetakeninthepast6months. Please glue the photo on the Application Form.\n3', '❑ 비자 종류별 정보 / Visa type Information\nD-2-1 ~ D-2-4 University Student Visa 91일이상, 단수입국(독일인, 일본인만복수)\nOver 91 days, Single entry\nD-2-1 ~ D-2-4 학생 유학 비자\n(Only German, Japanese nationals Multiple entry)\n➢ 비자+ 서비스수수료/ Visa + Service fee\nVisa Fee (Mandatory) Please check your visa fee HERE in EURO\nService Fee (Mandatory) 60.00 EURO\nCourier Return service (Optional) 15.00 EURO\nStudent from the countries below, please go to page no.10\nBangladesh, Cameroon, China, Ethiopia, Egypt, Ghana, Guinea, Iran, India, Indonesia, Kazakhstan,\nKyrgyzstan, Nigeria, Nepal, Mali, Myanmar, Mongolia, Pakistan, Peru, Philippines, Sri Lanka, Thailand,\nUkraine, Uzbekistan, Uganda, and Vietnam.\n➢ 필수제출서류/ Mandatory document to be submitted\n1 VisaApplicationForm(Formno.17)/ 사증발급신청서(제17호서식)e-signature not permitted/전자서명불가\nPassport with at least 6 months remainder validity\n2\n여권유효기간이최소6개월이상남아있는여권\nOne3.5X4.5cmpicturetakeninthepast6months. Please glue the photo on the Application Form.\n3', '❑ 비자 종류별 정보 / Visa type Information\nD-4-1 KoreanLanguageTrainee\n91일이상, 단수입국\nD-4-1 한국어연수비자 Over 91 days, Single entry\n➢ 비자+ 서비스수수료/ Visa + Service fee\nVisa Fee (Mandatory) Please check your visa fee HEREin EURO\nService Fee (Mandatory) 60.00 EURO\nCourier Return service (Optional) 15.00 EURO\nApplicable only to students from the countries below,\nBangladesh, Cameroon, China, Ethiopia, Egypt, Ghana, Guinea, Iran, India, Indonesia, Kazakhstan, Kyrgyzstan,\nNigeria, Nepal, Mali, Myanmar, Mongolia, Pakistan, Peru, Philippines, Sri Lanka, Thailand, Ukraine,\nUzbekistan, Uganda, and Vietnam.\n➢ 필수제출서류/ Mandatory document to be submitted\nCASE 1: If your university is on the Excellent accredited Universities list\n1 VisaApplicationForm(Formno.17)/ 사증발급신청서(제17호서식)e-signature not permitted/전자서명불가\nPassport with at least 6 months remainder validity\n2\n여권유효기간이최소6개월이상남아있는여권\nOne3.5X4.5cmpicturetakeninthepast6months. Please glue the photo on the Application Form.\n3\n최근6개월이내촬영한3.5X4.5cm사진. 사증발급신청서사진란에풀로부착.', '❑ 비자 종류별 정보 / Visa type Information\nD-2-8 Visiting Student 91일이상, 단수입국(독일인만복수)\nOver 91 days, Single entry\nD-2-8 방문학생\n(Only German national Multiple entry)\n➢ 비자+ 서비스수수료/ Visa + Service fee\nVisa Fee (Mandatory) Please check your visa fee HERE in EURO\nService Fee (Mandatory) 60.00 EURO\nCourier Return service (Optional) 15.00 EURO\nStudent from the countries below, please go to page no.12\nBangladesh, Cameroon, China, Ethiopia, Egypt, Ghana, Guinea, Iran, India, Indonesia, Kazakhstan,\nKyrgyzstan, Nigeria, Nepal, Mali, Myanmar, Mongolia, Pakistan, Peru, Philippines, Sri Lanka, Thailand,\nUkraine, Uzbekistan, Uganda, and Vietnam.\n➢ 필수제출서류/ Mandatory document to be submitted\n1 VisaApplicationForm(Formno.17)/ 사증발급신청서(제17호서식)e-signature not permitted/전자서명불가\nPassport with at least 6 months remainder validity\n2\n여권유효기간이최소6개월이상남아있는여권\nOne3.5X4.5cmpicturetakeninthepast6months. Please glue the photo on the Application Form.\n3\n최근6개월이내촬영한3.5X4.5cm사진. 사증발급신청서사진란에풀로부착.\nCertificate of Admission/표준입학허가서', '❑ 비자 종류별 정보 / Visa type Information\nD-4-1 Korean Language Trainee\n91일이상, 단수입국\nD-4-1 한국어연수 비자 Over 91 days, Single entry\n➢ 비자+ 서비스수수료/ Visa + Service fee\nVisa Fee (Mandatory) Please check your visa fee HERE in EURO\nService Fee (Mandatory) 60.00 EURO\nCourier Return service (Optional) 15.00 EURO\nStudent from the countries below, please go to page no.14\nBangladesh, Cameroon, China, Ethiopia, Egypt, Ghana, Guinea, Iran, India, Indonesia, Kazakhstan,\nKyrgyzstan, Nigeria, Nepal, Mali, Myanmar, Mongolia, Pakistan, Peru, Philippines, Sri Lanka, Thailand,\nUkraine, Uzbekistan, Uganda, and Vietnam.\n➢ 필수제출서류/ Mandatory document to be submitted\n1 VisaApplicationForm(Formno.17)/ 사증발급신청서(제17호서식)e-signature not permitted/전자서명불가\nPassport with at least 6 months remainder validity\n2\n여권유효기간이최소6개월이상남아있는여권\nOne3.5X4.5cmpicturetakeninthepast6months. Please glue the photo on the Application Form.\n3\n최근6개월이내촬영한3.5X4.5cm사진. 사증발급신청서사진란에풀로부착.\nCertificate of Admission/표준입학허가서', '6. 제출 서류\n가. 필수 제출 서류\n구분\n순번 제출서류 비고\n신입 편입\n- 온라인접수후출력\n1 입학지원서 ● ●\n(applydonga.accomsystem.co.kr)\n● ●\n2 자기소개서 (양식1)\n3 학력조회동의서 ● ● (양식2)\n- ‘유의사항마.’ 참조\n4 고등학교졸업(예정)증명서 ● ●\n- 아포스티유혹은한국영사확인\n- 유의사항바.’ 참조\n5 고등학교성적증명서 ● ● - 고등학교전학년성적기재\n- 아포스티유혹은한국영사확인\n- ‘유의사항마.’ 참조\n전적대학졸업(예정)증명서 또는 - 아포스티유혹은한국영사확인\n6 ●\n재학증명서 - 편입지원자중학사과정재학생은재학증명서,\n전문학사졸업(예정)생은졸업(예정)증명서제출\n- 유의사항바.’ 참조\n7 전적대학성적증명서 ● - 대학교전과정성적기재\n- 아포스티유혹은한국영사확인\n8 부모·학생관계증명서 ● ● - 유의사항사.’ 참조\n- 국적확인가능한신분증제출\n9 본인및부모의신분증사본 ● ●\n(여권혹은본국신분증)\n10 재정능력입증서류(은행잔고증명서) ● ● - ‘유의사항아.’ 참조\n재정보증확인서 ● ● (양식3)\n재정능력입증서류의\n11 재정보증인수입증명서 ● ●\n주체가본인이아닐시\n재직증명서 ● ●\n- 유효기간내성적만접수가능\n12 어학능력입증서류 ● ●\n(접수마감일기준2년이내취득)\n13 여권사본 ● ●\n※ 양식별첨\n※ 원서접수기간내필수제출서류를전체스캔하여원서접수사이트에업로드\n※ 업로드시, 항목당파일한개로통합하여제출(PDF, JPG, PNG파일형식)\n※제출서류중[한국어또는영어]외의다른언어로된서류는한국어또는영어로번역공증을받아제출\n- 9 -', '[Tables]\n|  |\n| 6. 제출 서류 가. 필수 제출 서류 구분 순번 제출서류 비고 신입 편입 - 온라인접수후출력 1 입학지원서 ● ● (applydonga.accomsystem.co.kr) ● ● 2 자기소개서 (양식1) 3 학력조회동의서 ● ● (양식2) - ‘유의사항마.’ 참조 4 고등학교졸업(예정)증명서 ● ● - 아포스티유혹은한국영사확인 - 유의사항바.’ 참조 5 고등학교성적증명서 ● ● - 고등학교전학년성적기재 - 아포스티유혹은한국영사확인 - ‘유의사항마.’ 참조 전적대학졸업(예정)증명서 또는 - 아포스티유혹은한국영사확인 6 ● 재학증명서 - 편입지원자중학사과정재학생은재학증명서, 전문학사졸업(예정)생은졸업(예정)증명서제출 - 유의사항바.’ 참조 7 전적대학성적증명서 ● - 대학교전과정성적기재 - 아포스티유혹은한국영사확인 8 부모·학생관계증명서 ● ● - 유의사항사.’ 참조 - 국적확인가능한신분증제출 9 본인및부모의신분증사본 ● ● (여권혹은본국신분증) 10 재정능력입증서류(은행잔고증명서) ● ● - ‘유의사항아.’ 참조 재정보증확인서 ● ● (양식3) 재정능력입증서류의 11 재정보증인수입증명서 ● ● 주체가본인이아닐시 재직증명서 ● ● - 유효기간내성적만접수가능 12 어학능력입증서류 ● ● (접수마감일기준2년이내취득) 13 여권사본 ● ● ※ 양식별첨 ※ 원서접수기간내필수제출서류를전체스캔하여원서접수사이트에업로드 ※ 업로드시, 항목당파일한개로통합하여제출(PDF, JPG, PNG파일형식) ※제출서류중[한국어또는영어]외의다른언어로된서류는한국어또는영어로번역공증을받아제출 - 9 - |\n| 순번 | 제출서류 |  | 구분 |  | 비고 |\n|  |  |  | 신입 | 편입 |  |\n| 1 | 입학지원서 |  | ● | ● | - 온라인접수후출력 (applydonga.accomsystem.co.kr) |\n| 2 | 자기소개서 |  | ● | ● | (양식1) |\n| 3 | 학력조회동의서 |  | ● | ● | (양식2) |']","유학생이 제출해야 하는 필수 서류는 다음과 같습니다:

1. 입학지원서
2. 자기소개서 (양식1)
3. 학력조회동의서 (양식2)
4. 고등학교 졸업(예정) 증명서
5. 고등학교 성적증명서
6. 전적 대학 졸업(예정) 증명서 또는 재학증명서
7. 전적 대학 성적증명서
8. 부모·학생 관계증명서
9. 본인 및 부모의 신분증 사본 (여권 혹은 본국 신분증)
10. 재정능력 입증서류 (은행 잔고 증명서)
11. 재정보증 확인서 (양식3)
12. 재정보증인 수입 증명서
13. 재직증명서
14. 어학능력 입증서류
15. 여권 사본

모든 서류는 원서접수 기간 내에 전체 스캔하여 원서접수 사이트에 업로드해야 하며, 제출 서류 중 한국어 또는 영어 외의 다른 언어로 된 서류는 한국어 또는 영어로 번역 공증을 받아 제출해야 합니다.

후속 질문: 유학생이 제출해야 하는 서류 중 어떤 서류는 아포스티유나 한국 영사 확인이 필요하나요?","유학생이 제출해야 하는 필수 서류는 다음과 같습니다: 1) 온라인 지원서, 2) 교육조회 동의서, 3) 고등학교 졸업증명서(아포스티유 또는 한국 영사관 인증 필요), 4) 고등학교 공식 성적증명서(아포스티유 또는 한국 영사관 인증 필요), 5) 부모와의 관계 증명서, 6) 부모와 지원자의 신분증 사본, 7) 은행 잔고 증명서.",1.0,1.0000000000000002,0.22619047617916663,1.0
유학생이 받을 수 있는 장학금 종류는 무엇이 있나요?,"['| 구분 |  |  | 수혜금액 | 수혜조건 |\n| 장학명 | 자격요건 | 종류 |  |  |\n| 외국인 성적우수 장학금 A,B,C,D | 외국인유학생 특별전형으로 입학한자 (융합경영학과 학생제외) | A | 수업료100% | 직전학기성적순위가10% 미만 |\n|  |  | B | 수업료70% | 직전학기성적순위가40% 미만 |\n|  |  | C | 수업료40% | 직전학기성적순위가60% 미만 |\n|  |  | D | 수업료20% | 직전학기성적순위가80% 미만 |\n| 근로장학금 | 교내행정업무지원 |  | 월평균500,000원 | 국제교류과선발기준에따름 |\n| TOPIK 장학금 | TOPIK 성적표제출자 |  | 시험응시료의일부 | TOPIKⅡ(중급) 응시표제출자(응시료의경우횟수제한없음) - TOPIK PBT 응시료55,000원중35,000원 지원 - TOPIKiBT응시료95,000원중45,000원 지원 - TOPIK말하기평가응시료80,000원 중40,000원 지원 |\n|  |  |  | 500,000원 | TOPIK(PBT, iBT) 3급제출자 |\n|  |  |  | 700,000원 | TOPIK(PBT, iBT) 4급제출자 |\n|  |  |  | 500,000원 | TOPIK(PBT, iBT) 5급제출자 |\n|  |  |  | 500,000원 | TOPIK(PBT, iBT) 6급제출자 |\n| 구분 | 시설 | 가격 | 위치 |\n| 한림생활관 | 가. 기본시설 : 침대, 책상, 옷장, 신발장, 수납장등 나. 그외시설 : 카페테리아, 휴게실, 세탁실등 | 한학기(방학제외) 승학1관(여자기숙사): 939,000원 승학2관(남자기숙사): 1,070,000원 | 승학 |', '12. 장학금\n가. 신입생 장학금\n1) 외국인 우수신입생 장학금\n구분\n수혜금액 수혜조건\n장학명 자격요건 종류\nA 수업료100% 한국어능력시험(TOPIKPBT, TOPIK iBT) 5급이상소지자\n외국인\nB 수업료60% 한국어능력시험(TOPIKPBT, TOPIK iBT) 4급소지자\n우수신입생\n외국인신(편)입학\n장학금 C 수업료50% 한국어능력시험(TOPIKPBT, TOPIK iBT) 3급소지자\n특별전형합격자\nA,B,C,D,E\nD 수업료40% 동아한국어능력시험(Dong-A TOPIK) 3급이상소지자\n본교입학자격요건을갖춘신(편)입생중,\nE 수업료30%\n외국인우수신입생장학금A,B,C,D에해당되지않는자\n외국인신(편)입학 A 수업료100% 한국어능력시험(TOPIKPBT, TOPIK iBT) 5급이상소지자\nDAU 특별전형합격자중,\n외국인 본교한국어학당을 B 수업료70% 한국어능력시험(TOPIKPBT, TOPIK iBT) 4급소지자\n우수신입생 2개학기이상수료\n장학금 하고최종2개학기 C 수업료60% 한국어능력시험(TOPIKPBT, TOPIK iBT) 3급소지자\nA,B,C,D 출석률이80% 이 본교입학자격요건을갖춘신(편)입생중,\nD 수업료50%\n상인자 DAU 외국인우수신입생장학금A,B,C에해당되지않는자\n※위장학금은입학학기에만적용되며2번째학기부터는재학생장학금기준에따라지급\n※장학금지급기준및지급액은본교장학제도에따라변동될수있음\n2) 외국인 유학생 국가장학금\n구분 수혜기간 수혜금액 수혜조건\n아래학과외국인신입학특별전형합격자중학과추천자\n- 인문과학대학: 역사문화학부, 한국어문학과\n- 자연과학대학: 반도체학과, 바이오메디컬학과\n- 사회과학대학: 미디어커뮤니케이션학과\n- 경영대학: 경영학과, 관광경영학과, 국제무역학과, 경영정보학과\n동아특화분야 - 생명자원과학대학: 식품생명공학과, 스마트그린자원학과\n첫학기\n우수장학금Ⅰ - 공학: 환경에너지공학과-미래에너지공학전공, 전기공학과, 전자공학과,\n기계공학과, 산업경영공학과, 조선해양공학과, 화학공학과, 신소재공학과', '| 12. 장학금 가. 신입생 장학금 1) 외국인 우수신입생 장학금 구분 수혜금액 수혜조건 장학명 자격요건 종류 A 수업료100% 한국어능력시험(TOPIKPBT, TOPIK iBT) 5급이상소지자 외국인 B 수업료60% 한국어능력시험(TOPIKPBT, TOPIK iBT) 4급소지자 우수신입생 외국인신(편)입학 장학금 C 수업료50% 한국어능력시험(TOPIKPBT, TOPIK iBT) 3급소지자 특별전형합격자 A,B,C,D,E D 수업료40% 동아한국어능력시험(Dong-A TOPIK) 3급이상소지자 본교입학자격요건을갖춘신(편)입생중, E 수업료30% 외국인우수신입생장학금A,B,C,D에해당되지않는자 외국인신(편)입학 A 수업료100% 한국어능력시험(TOPIKPBT, TOPIK iBT) 5급이상소지자 DAU 특별전형합격자중, 외국인 본교한국어학당을 B 수업료70% 한국어능력시험(TOPIKPBT, TOPIK iBT) 4급소지자 우수신입생 2개학기이상수료 장학금 하고최종2개학기 C 수업료60% 한국어능력시험(TOPIKPBT, TOPIK iBT) 3급소지자 A,B,C,D 출석률이80% 이 본교입학자격요건을갖춘신(편)입생중, D 수업료50% 상인자 DAU 외국인우수신입생장학금A,B,C에해당되지않는자 ※위장학금은입학학기에만적용되며2번째학기부터는재학생장학금기준에따라지급 ※장학금지급기준및지급액은본교장학제도에따라변동될수있음 2) 외국인 유학생 국가장학금 구분 수혜기간 수혜금액 수혜조건 아래학과외국인신입학특별전형합격자중학과추천자 - 인문과학대학: 역사문화학부, 한국어문학과 - 자연과학대학: 반도체학과, 바이오메디컬학과 - 사회과학대학: 미디어커뮤니케이션학과 - 경영대학: 경영학과, 관광경영학과, 국제무역학과, 경영정보학과 동아특화분야 - 생명자원과학대학: 식품생명공학과, 스마트그린자원학과 첫학기 우수장학금Ⅰ - 공학: 환경에너지공학과-미래에너지공학전공, 전기공학과, 전자공학과, 기계공학과, 산업경영공학과, 조선해양공학과, 화학공학과, 신소재공학과 수업료전액 - 디자인환경대학:', '| 구분 |  |  | 수혜금액 | 수혜조건 |\n| 장학명 | 자격요건 | 종류 |  |  |\n| 외국인 우수신입생 장학금 A,B,C,D,E | 외국인신(편)입학 특별전형합격자 | A | 수업료100% | 한국어능력시험(TOPIKPBT, TOPIK iBT) 5급이상소지자 |\n|  |  | B | 수업료60% | 한국어능력시험(TOPIKPBT, TOPIK iBT) 4급소지자 |\n|  |  | C | 수업료50% | 한국어능력시험(TOPIKPBT, TOPIK iBT) 3급소지자 |\n|  |  | D | 수업료40% | 동아한국어능력시험(Dong-A TOPIK) 3급이상소지자 |\n|  |  | E | 수업료30% | 본교입학자격요건을갖춘신(편)입생중, 외국인우수신입생장학금A,B,C,D에해당되지않는자 |\n| DAU 외국인 우수신입생 장학금 A,B,C,D | 외국인신(편)입학 특별전형합격자중, 본교한국어학당을 2개학기이상수료 하고최종2개학기 출석률이80% 이 상인자 | A | 수업료100% | 한국어능력시험(TOPIKPBT, TOPIK iBT) 5급이상소지자 |\n|  |  | B | 수업료70% | 한국어능력시험(TOPIKPBT, TOPIK iBT) 4급소지자 |\n|  |  | C | 수업료60% | 한국어능력시험(TOPIKPBT, TOPIK iBT) 3급소지자 |\n|  |  | D | 수업료50% | 본교입학자격요건을갖춘신(편)입생중, DAU 외국인우수신입생장학금A,B,C에해당되지않는자 |\n| 구분 | 수혜기간 | 수혜금액 | 수혜조건 |', '[Tables]\n|  |\n| 나. 재학생 장학금 구분 수혜금액 수혜조건 장학명 자격요건 종류 A 수업료100% 직전학기성적순위가10% 미만 외국인유학생 외국인 특별전형으로 B 수업료70% 직전학기성적순위가40% 미만 성적우수 입학한자 장학금 (융합경영학과 C 수업료40% 직전학기성적순위가60% 미만 A,B,C,D 학생제외) D 수업료20% 직전학기성적순위가80% 미만 근로장학금 교내행정업무지원 월평균500,000원 국제교류과선발기준에따름 TOPIKⅡ(중급) 응시표제출자(응시료의경우횟수제한없음) - TOPIK PBT 응시료55,000원중35,000원 지원 시험응시료의일부 - TOPIKiBT응시료95,000원중45,000원 지원 - TOPIK말하기평가응시료80,000원 중40,000원 지원 TOPIK TOPIK 성적표제출자 500,000원 TOPIK(PBT, iBT) 3급제출자 장학금 700,000원 TOPIK(PBT, iBT) 4급제출자 500,000원 TOPIK(PBT, iBT) 5급제출자 500,000원 TOPIK(PBT, iBT) 6급제출자 ※장학금지급기준및지급액은본교장학제도에따라변동될수있음 ※성적우수장학금의경우동점자발생시학과기준에따라장학이결정됨 13. 기타 사항 가. 기숙사 구분 시설 가격 위치 가. 기본시설 한학기(방학제외) : 침대, 책상, 옷장, 신발장, 수납장등 한림생활관 승학1관(여자기숙사): 939,000원 승학 나. 그외시설 승학2관(남자기숙사): 1,070,000원 : 카페테리아, 휴게실, 세탁실등 ※ 상기금액은2026년기숙사비기준이며, 2027년기숙사비책정시변동될수있음 ※ 기숙사홈페이지: http://hanlim.donga.ac.kr ※ 기숙사신청방법: 합격자대상으로추후공지 - 17 - |\n| 구분 |  |  | 수혜금액 | 수혜조건 |\n| 장학명 | 자격요건 | 종류 |  |  |', ""붙임 2 정부초청 외국인 장학생 학사 운영 지침(국문, 영문)\n정부초청 외국인 장학생 학사 운영 지침\n개정 2026. 3. 1.\n제1조(목적) 이 지침은 정부초청 외국인 장학생(이하 '장학생'이라 한다)의 건전한 면학과\n유학 생활의 내실화를 위해 필요한 사항을 정함을 목적으로 한다.\n제2조(정의) 이 지침에서 사용하는 용어의 뜻은 다음과 같다.\n1. “정부초청 외국인 장학생”(이하 “장학생”이라 한다)이란 국립국제교육원(이하\n“교육원”이라 한다)이 수행하는 정부초청 외국인 장학사업(Global Korea\nScholarship, GKS) 및 이에 준하는 장학사업에 선발된 외국인 유학생을 말한다.\n2. “수학기관”이란 장학생이 소속되어 학업 또는 연수를 수행하는 대학 또는 한국\n어연수기관을 말한다.\n3. “수학대학”이란 장학생이 소속되어 학업을 수행하는 대학을 말한다.\n4. “수학기관장”이란 수학기관의 장을 말한다.\n5. “수학대학장”이란 수학대학의 장을 말한다.\n6. “학위과정”이란 대학의 학칙에 따라 학위를 수여하는 교육과정을 말한다.\n7. “한국어연수과정”이란 대학 또는 한국어연수기관에서 운영하는 한국어 교육과\n정을 말한다.\n8. “공동학위”란 국내․외 대학이 공동으로 운영하는 교육과정을 이수하고 각 대학\n의 학위취득에 필요한 요건을 충족한 자에게 양 대학 공동명의로 학위를 수여하는\n것을 말한다.\n9. “복수학위”란 국내․외 대학에서 각각 또는 공동으로 운영하는 교육과정을 이수\n하고 각 대학의 학위취득에 필요한 요건을 충족한 자에게 양 대학이 각자의 명의로\n학위를 수여하는 것을 말한다.\n- 1 -\n\n[Tables]"", '나. 재학생 장학금\n구분\n수혜금액 수혜조건\n장학명 자격요건 종류\nA 수업료100% 직전학기성적순위가10% 미만\n외국인유학생\n외국인\n특별전형으로 B 수업료70% 직전학기성적순위가40% 미만\n성적우수\n입학한자\n장학금\n(융합경영학과 C 수업료40% 직전학기성적순위가60% 미만\nA,B,C,D\n학생제외)\nD 수업료20% 직전학기성적순위가80% 미만\n근로장학금 교내행정업무지원 월평균500,000원 국제교류과선발기준에따름\nTOPIKⅡ(중급) 응시표제출자(응시료의경우횟수제한없음)\n- TOPIK PBT 응시료55,000원중35,000원 지원\n시험응시료의일부\n- TOPIKiBT응시료95,000원중45,000원 지원\n- TOPIK말하기평가응시료80,000원 중40,000원 지원\nTOPIK\nTOPIK 성적표제출자 500,000원 TOPIK(PBT, iBT) 3급제출자\n장학금\n700,000원 TOPIK(PBT, iBT) 4급제출자\n500,000원 TOPIK(PBT, iBT) 5급제출자\n500,000원 TOPIK(PBT, iBT) 6급제출자\n※장학금지급기준및지급액은본교장학제도에따라변동될수있음\n※성적우수장학금의경우동점자발생시학과기준에따라장학이결정됨\n13. 기타 사항\n가. 기숙사\n구분 시설 가격 위치\n가. 기본시설\n한학기(방학제외)\n: 침대, 책상, 옷장, 신발장, 수납장등\n한림생활관 승학1관(여자기숙사): 939,000원 승학\n나. 그외시설\n승학2관(남자기숙사): 1,070,000원\n: 카페테리아, 휴게실, 세탁실등\n※ 상기금액은2026년기숙사비기준이며, 2027년기숙사비책정시변동될수있음\n※ 기숙사홈페이지: http://hanlim.donga.ac.kr\n※ 기숙사신청방법: 합격자대상으로추후공지\n- 17 -']","유학생이 받을 수 있는 장학금 종류는 다음과 같습니다:

1. 외국인 성적우수 장학금 A, B, C, D
   - A: 수업료 100% (직전학기 성적 순위가 10% 미만)
   - B: 수업료 70% (직전학기 성적 순위가 40% 미만)
   - C: 수업료 40% (직전학기 성적 순위가 60% 미만)
   - D: 수업료 20% (직전학기 성적 순위가 80% 미만)

2. 근로장학금
   - 월평균 500,000원 (국제교류과 선발 기준에 따름)

3. TOPIK 장학금
   - TOPIK 성적표 제출자에 따라 지원금액이 다름:
     - TOPIK 3급: 500,000원
     - TOPIK 4급: 700,000원
     - TOPIK 5급: 500,000원
     - TOPIK 6급: 500,000원

4. 외국인 우수신입생 장학금 A, B, C, D, E
   - A: 수업료 100% (TOPIK 5급 이상)
   - B: 수업료 60% (TOPIK 4급)
   - C: 수업료 50% (TOPIK 3급)
   - D: 수업료 40% (동아 한국어 능력시험 3급 이상)
   - E: 수업료 30% (기타 조건에 해당하는 자)

5. DAU 외국인 우수신입생 장학금 A, B, C, D
   - A: 수업료 100% (TOPIK 5급 이상)
   - B: 수업료 70% (TOPIK 4급)
   - C: 수업료 60% (TOPIK 3급)
   - D: 수업료 50% (기타 조건에 해당하는 자)

후속 질문: 각 장학금의 수혜 조건은 무엇인가요?","유학생이 받을 수 있는 장학금 종류로는 GPA 기반 장학금, On-Campus Work-Study 장학금, TOPIK 장학금 등이 있습니다.",1.0,0.9939282757310718,0.7095238095060713,1.0
유학생이 졸업 증명서 발급이 지연될 경우 어떤 서류를 제출해야 하나요?,"['Other\nproving the academic qualifications.\ncountries\n※However, the applicant must explain the qualification criteria according to the laws or official\ndocuments of the relevant country.\n5) Countries* that official graduation certificates’ issuance is delaying by several months or more can\nsubmit expected graduation certificates or provisional graduation certificates exceptionally.\n(In accordance with the Guidelines from the Ministry of Justice, Applicant who submitted the expected\ngraduation certificate must submit the official graduation certificate proving your final academic\nbackground when he/she extends the visa in Korea)\n-Vietnam, Myanmar, Nepal, India, Malaysia, Sri Lanka, Cambodia, Israel\nCountries* -Other countries where the delayed issuance of high school or college (university) graduation\ncertificates can be confirmed through government documents\n∙ It applies only to those who have graduated within one year from the date of issuance of the Certificate\nof Admission.', '4) 대학입학을위해국가시험합격등이필요한국가는시험합격증등을학력요건입증서류로예외적인정\n국가명 시험명 비고\nCBSE, ICSE, IB 등중앙및지방교육평가기관\n인도 Migration Certificate\n발행\n(발급기관)\n①2016년(네팔달력2073년) 이전\n네팔 학업성적증명서(Academic Transcript) : HSEB(Higher Secondary Education Board)\n②2016년(네팔달력2073년) 이후\n: NEB(National Examination Board)\n대입시험합격증\n미얀마 (Matriculation Examination Pass\nCertificate)\nSPM : SijilPelajaran Malaysia\n말레이시아 학력평가성적표\n또는STPM : SijilTinggi Persekolahan Malaysia\n국가법률이나공적인문서로대학입학을위한자격요건에준하는시험이나자격이규정된경우\n그외 에는학력요건입증서류로인정가능\n※ 단, 신청인이해당국가의법률이나공적문서등에따른자격기준을소명하여야함\n5)졸업예정증명서또는임시졸업증명서에대한예외적인정\n∙공식적인졸업증명서를수개월이상지원발급하는국가의경우,졸업예정증명서또는임시졸업증명서제출가능\n(단.체류기간연장시반드시최종졸업증명서를추가제출하여야함)\n베트남, 미얀마, 네팔, 인도, 말레이시아, 스리랑카, 캄보디아, 이스라엘,\n대상국가\n그외정부기관문서로서고교·대학(원) 졸업증명서지연발급사실이확인가능한국가\n∙대상자:표준입학허가서발급일기준졸업일로부터1년이내인사람\n∙인정서류:졸업예정증명서또는임시졸업증등\n※인적사항,학교명,시험명,수학기간이나졸업(예정)일등이기재되어졸업요건을갖추었음을확인할수있어야함\n※서류발급국가의아포스티유나주재국대한민국공관의영사확인을받아야함\n바.성적증명서\n∙[한국어또는영어]로된성적표의경우원본첨부\n-[한국어또는영어]이외의언어로된경우,한국어또는영어로번역공증을받아제출(원어성적증명서사본첨부)\n- 12 -', '[Tables]\n|  |\n| 4) 대학입학을위해국가시험합격등이필요한국가는시험합격증등을학력요건입증서류로예외적인정 국가명 시험명 비고 CBSE, ICSE, IB 등중앙및지방교육평가기관 인도 Migration Certificate 발행 (발급기관) ①2016년(네팔달력2073년) 이전 네팔 학업성적증명서(Academic Transcript) : HSEB(Higher Secondary Education Board) ②2016년(네팔달력2073년) 이후 : NEB(National Examination Board) 대입시험합격증 미얀마 (Matriculation Examination Pass Certificate) SPM : SijilPelajaran Malaysia 말레이시아 학력평가성적표 또는STPM : SijilTinggi Persekolahan Malaysia 국가법률이나공적인문서로대학입학을위한자격요건에준하는시험이나자격이규정된경우 그외 에는학력요건입증서류로인정가능 ※ 단, 신청인이해당국가의법률이나공적문서등에따른자격기준을소명하여야함 5)졸업예정증명서또는임시졸업증명서에대한예외적인정 ∙공식적인졸업증명서를수개월이상지원발급하는국가의경우,졸업예정증명서또는임시졸업증명서제출가능 (단.체류기간연장시반드시최종졸업증명서를추가제출하여야함) 베트남, 미얀마, 네팔, 인도, 말레이시아, 스리랑카, 캄보디아, 이스라엘, 대상국가 그외정부기관문서로서고교·대학(원) 졸업증명서지연발급사실이확인가능한국가 ∙대상자:표준입학허가서발급일기준졸업일로부터1년이내인사람 ∙인정서류:졸업예정증명서또는임시졸업증등 ※인적사항,학교명,시험명,수학기간이나졸업(예정)일등이기재되어졸업요건을갖추었음을확인할수있어야함 ※서류발급국가의아포스티유나주재국대한민국공관의영사확인을받아야함 바.성적증명서 ∙[한국어또는영어]로된성적표의경우원본첨부 -[한국어또는영어]이외의언어로된경우,한국어또는영어로번역공증을받아제출(원어성적증명서사본첨부) - 12 - |\n| 국가명 | 시험명 | 비고 |', '| 순번 | 제출서류 |  | 구분 |  | 비고 |\n|  |  |  | 신입 | 편입 |  |\n| 1 | 입학지원서 |  | ● | ● | - 온라인접수후출력 (applydonga.accomsystem.co.kr) |\n| 2 | 자기소개서 |  | ● | ● | (양식1) |\n| 3 | 학력조회동의서 |  | ● | ● | (양식2) |\n| 4 | 고등학교졸업(예정)증명서 |  | ● | ● | - ‘유의사항마.’ 참조 - 아포스티유혹은한국영사확인 |\n| 5 | 고등학교성적증명서 |  | ● | ● | - 유의사항바.’ 참조 - 고등학교전학년성적기재 - 아포스티유혹은한국영사확인 |\n| 6 | 전적대학졸업(예정)증명서 또는 재학증명서 |  |  | ● | - ‘유의사항마.’ 참조 - 아포스티유혹은한국영사확인 - 편입지원자중학사과정재학생은재학증명서, 전문학사졸업(예정)생은졸업(예정)증명서제출 |\n| 7 | 전적대학성적증명서 |  |  | ● | - 유의사항바.’ 참조 - 대학교전과정성적기재 - 아포스티유혹은한국영사확인 |\n| 8 | 부모·학생관계증명서 |  | ● | ● | - 유의사항사.’ 참조 |\n| 9 | 본인및부모의신분증사본 |  | ● | ● | - 국적확인가능한신분증제출 (여권혹은본국신분증) |\n| 10 | 재정능력입증서류(은행잔고증명서) |  | ● | ● | - ‘유의사항아.’ 참조 |\n| 11 | 재정능력입증서류의 주체가본인이아닐시 | 재정보증확인서 | ● | ● | (양식3) |\n|  |  | 재정보증인수입증명서 | ● | ● |  |\n|  |  | 재직증명서 | ● | ● |  |\n| 12 | 어학능력입증서류 |  | ● | ● | - 유효기간내성적만접수가능 (접수마감일기준2년이내취득) |\n| 13 | 여권사본 |  | ● | ● |  |', '| 7. 서류제출 유의사항 가.접수완료(전형료결제)이후전공변경,추가서류제출등의접수사항변경이불가함 나.접수기간내온라인원서접수사이트에모든제출서류를첨부해야하며필수제출서류미비혹은식별이 불가능한서류인경우결격처리함※우편,이메일을통한서류제출불가 다.제출서류중[한국어또는영어]외의다른언어로된서류는한국어또는영어로번역공증을받아제출 라.제출서류이외에자격심사를위하여필요한서류를추가로요구할수있으며,국제교류과의판단에의해 제출서류를가감할수있음 마.학력입증서류:졸업(예정)증명서 ∙지원자가제출한‘학력조회동의서’를 바탕으로최종출신학교에대해학력조회를할수있으며최종적으로학력 조회가미회신되는경우입학을취소할수있음 ∙학력입증서류는아래의방법으로인증을받은후제출해야함 [학력입증서류인증방법] 1)아포스티유협약국:아포스티유확인서(학교소재국지정기관) 2)아포스티유비협약국:영사인증(학교소재국영사관) 3)중국내학위취득자:①과②모두제출 ①중국교육부학력인증센터(CHSI) 발행학위인증보고서(영문버전)-http://www.chsi.com.cn ②졸업증명서(번역공증) 단,중국교육부학력인증센터(CHSI) 인증보고서발행이불가할경우아래기준에따라서류제출 구 분 기 준 보통중등전문학교(普通中专) ①온라인발행 Regular Specialized ⅰ)지방교육당국발행졸업증명서*: 아포스티유필요 Secondary Schools ※온라인에서진위여부확인가능한경우만인정 직업고등학교(职业高中) ②오프라인발행(‘학교정보확인서(붙임7)’ 제출필수) Vocational High Schools 중등 ⅰ)지방교육당국발행졸업증명서:아포스티유필요 직업 성인중등전문학교(成人中专)ⅱ)학교자체발행졸업증명서:성교육청(시교육국)*확인+아포스티유필요 학교 Adult Specialized ※직할시(베이징,상하이,충칭,텐진)의교육청공식명칭은‘교육위원회’임 Secondary Schools 인적자원사회보장부공식홈페이지(www.mohrss.gov.cn) 온라인조회본* 기술공업학교(技工学校) +주중한국영사확인 Skilled Workers Schools', '7. 서류제출 유의사항\n가.접수완료(전형료결제)이후전공변경,추가서류제출등의접수사항변경이불가함\n나.접수기간내온라인원서접수사이트에모든제출서류를첨부해야하며필수제출서류미비혹은식별이\n불가능한서류인경우결격처리함※우편,이메일을통한서류제출불가\n다.제출서류중[한국어또는영어]외의다른언어로된서류는한국어또는영어로번역공증을받아제출\n라.제출서류이외에자격심사를위하여필요한서류를추가로요구할수있으며,국제교류과의판단에의해\n제출서류를가감할수있음\n마.학력입증서류:졸업(예정)증명서\n∙지원자가제출한‘학력조회동의서’를 바탕으로최종출신학교에대해학력조회를할수있으며최종적으로학력\n조회가미회신되는경우입학을취소할수있음\n∙학력입증서류는아래의방법으로인증을받은후제출해야함\n[학력입증서류인증방법]\n1)아포스티유협약국:아포스티유확인서(학교소재국지정기관)\n2)아포스티유비협약국:영사인증(학교소재국영사관)\n3)중국내학위취득자:①과②모두제출\n①중국교육부학력인증센터(CHSI) 발행학위인증보고서(영문버전)-http://www.chsi.com.cn\n②졸업증명서(번역공증)\n단,중국교육부학력인증센터(CHSI) 인증보고서발행이불가할경우아래기준에따라서류제출\n구 분 기 준\n보통중등전문학교(普通中专)\n①온라인발행\nRegular Specialized\nⅰ)지방교육당국발행졸업증명서*: 아포스티유필요\nSecondary Schools\n※온라인에서진위여부확인가능한경우만인정\n직업고등학교(职业高中)\n②오프라인발행(‘학교정보확인서(붙임7)’ 제출필수)\nVocational High Schools\n중등 ⅰ)지방교육당국발행졸업증명서:아포스티유필요\n직업 성인중등전문학교(成人中专)ⅱ)학교자체발행졸업증명서:성교육청(시교육국)*확인+아포스티유필요\n학교 Adult Specialized ※직할시(베이징,상하이,충칭,텐진)의교육청공식명칭은‘교육위원회’임\nSecondary Schools\n인적자원사회보장부공식홈페이지(www.mohrss.gov.cn) 온라인조회본*\n기술공업학교(技工学校)\n+주중한국영사확인\nSkilled Workers Schools\n*온라인에서진위여부확인가능한경우만인정', '[Tables]\n|  |\n| 6. 제출 서류 가. 필수 제출 서류 구분 순번 제출서류 비고 신입 편입 - 온라인접수후출력 1 입학지원서 ● ● (applydonga.accomsystem.co.kr) ● ● 2 자기소개서 (양식1) 3 학력조회동의서 ● ● (양식2) - ‘유의사항마.’ 참조 4 고등학교졸업(예정)증명서 ● ● - 아포스티유혹은한국영사확인 - 유의사항바.’ 참조 5 고등학교성적증명서 ● ● - 고등학교전학년성적기재 - 아포스티유혹은한국영사확인 - ‘유의사항마.’ 참조 전적대학졸업(예정)증명서 또는 - 아포스티유혹은한국영사확인 6 ● 재학증명서 - 편입지원자중학사과정재학생은재학증명서, 전문학사졸업(예정)생은졸업(예정)증명서제출 - 유의사항바.’ 참조 7 전적대학성적증명서 ● - 대학교전과정성적기재 - 아포스티유혹은한국영사확인 8 부모·학생관계증명서 ● ● - 유의사항사.’ 참조 - 국적확인가능한신분증제출 9 본인및부모의신분증사본 ● ● (여권혹은본국신분증) 10 재정능력입증서류(은행잔고증명서) ● ● - ‘유의사항아.’ 참조 재정보증확인서 ● ● (양식3) 재정능력입증서류의 11 재정보증인수입증명서 ● ● 주체가본인이아닐시 재직증명서 ● ● - 유효기간내성적만접수가능 12 어학능력입증서류 ● ● (접수마감일기준2년이내취득) 13 여권사본 ● ● ※ 양식별첨 ※ 원서접수기간내필수제출서류를전체스캔하여원서접수사이트에업로드 ※ 업로드시, 항목당파일한개로통합하여제출(PDF, JPG, PNG파일형식) ※제출서류중[한국어또는영어]외의다른언어로된서류는한국어또는영어로번역공증을받아제출 - 9 - |\n| 순번 | 제출서류 |  | 구분 |  | 비고 |\n|  |  |  | 신입 | 편입 |  |\n| 1 | 입학지원서 |  | ● | ● | - 온라인접수후출력 (applydonga.accomsystem.co.kr) |\n| 2 | 자기소개서 |  | ● | ● | (양식1) |\n| 3 | 학력조회동의서 |  | ● | ● | (양식2) |']","유학생이 졸업 증명서 발급이 지연될 경우, 졸업예정증명서 또는 임시졸업증명서를 제출할 수 있습니다. 단, 체류 기간 연장 시에는 반드시 공식 졸업 증명서를 추가 제출해야 합니다. 이러한 예외는 베트남, 미얀마, 네팔, 인도, 말레이시아, 스리랑카, 캄보디아, 이스라엘 등에서 적용됩니다.

후속 질문: 졸업 예정 증명서 제출 시 어떤 정보가 기재되어야 하나요?","졸업 증명서 발급이 지연될 경우, 유학생은 예비 졸업 증명서나 임시 졸업 증명서를 제출할 수 있습니다.",1.0,0.9559212767304089,0.9999999999666667,1.0
대학교 캠퍼스 내에서 국제학생을 위한 지원 서비스는 어디에 위치하고 있나요?,"['[Tables]\n|  |\n| 13. 기타 사항 나. 유학생 보험 - 유학기간 중, 예상치 못한 질병, 상해, 사망 등 불의의 사고에 대비하여 유학생 전원 의무가입 - 2021년3월부터 외국인 유학생 국민건강보험 당연 가입(약 월 60,000원) 다. 유학생 지원 프로그램 프로그램명 프로그램내용 외국인학부신/편입생과한국인재학생을多:1로매치하여외국인학부학교생 유학생학습튜터링 활안내및학업지원 학부유학생(2~4학년)들의전공학습지원을위한튜터링프로그램 유학생전공스터디그룹 (한국인튜터, 유학생튜티로스터디진행) 본교한국인재학생과외국인재학생이모여부산지역거주외국인들을 동아동화 대상으로지역사회봉사활동기획/운영 외국인유학생대상문화활동기획및홍보를통한내·외국인재학생간국제교 데일리(Dong-AI Love You) 류활동활성화를위한다양한역할을수행할수있는프로그램 유학생체육대회, International Day,한국문화체험, 글로벌리더스클럽(Global 기타행사 Leaders Club)-취업역량강화프로그램, 한국법령교육등 라. 합격자 표준입학허가서 발급 및 비자 안내: 합격자에 한하여 별도 안내 마. 신입생 오리엔테이션: 일정 추후 안내 예정이며 전원 참석 필수 14. 문의 가. 국제교류과 (입학 문의) -주소:부산광역시서구구덕로225동아대학교부민캠퍼스,B03-0202국제교류과 -전화:+82-51-200-6444 -이메일:contact@donga.ac.kr -홈페이지:(국문)https://global.donga.ac.kr// (영문)https://global.donga.ac.kr/dongaoia/ -문의가능시간:월~금요일,09:00~17:00(12:00~13:00제외) 나. 각 학과 사무실 (학사·전공 문의) -각학과홈페이지참조 -https://about.donga.ac.kr/about/Main.do - 18 - |\n| 프로그램명 | 프로그램내용 |\n| 유학생학습튜터링 | 외국인학부신/편입생과한국인재학생을多:1로매치하여외국인학부학교생 활안내및학업지원 |', '13. 기타 사항\n나. 유학생 보험\n- 유학기간 중, 예상치 못한 질병, 상해, 사망 등 불의의 사고에 대비하여 유학생 전원 의무가입\n- 2021년3월부터 외국인 유학생 국민건강보험 당연 가입(약 월 60,000원)\n다. 유학생 지원 프로그램\n프로그램명 프로그램내용\n외국인학부신/편입생과한국인재학생을多:1로매치하여외국인학부학교생\n유학생학습튜터링\n활안내및학업지원\n학부유학생(2~4학년)들의전공학습지원을위한튜터링프로그램\n유학생전공스터디그룹\n(한국인튜터, 유학생튜티로스터디진행)\n본교한국인재학생과외국인재학생이모여부산지역거주외국인들을\n동아동화\n대상으로지역사회봉사활동기획/운영\n외국인유학생대상문화활동기획및홍보를통한내·외국인재학생간국제교\n데일리(Dong-AI Love You)\n류활동활성화를위한다양한역할을수행할수있는프로그램\n유학생체육대회, International Day,한국문화체험, 글로벌리더스클럽(Global\n기타행사\nLeaders Club)-취업역량강화프로그램, 한국법령교육등\n라. 합격자 표준입학허가서 발급 및 비자 안내: 합격자에 한하여 별도 안내\n마. 신입생 오리엔테이션: 일정 추후 안내 예정이며 전원 참석 필수\n14. 문의\n가. 국제교류과 (입학 문의)\n-주소:부산광역시서구구덕로225동아대학교부민캠퍼스,B03-0202국제교류과\n-전화:+82-51-200-6444\n-이메일:contact@donga.ac.kr\n-홈페이지:(국문)https://global.donga.ac.kr// (영문)https://global.donga.ac.kr/dongaoia/\n-문의가능시간:월~금요일,09:00~17:00(12:00~13:00제외)\n나. 각 학과 사무실 (학사·전공 문의)\n-각학과홈페이지참조\n-https://about.donga.ac.kr/about/Main.do\n- 18 -', '| 13. Additional Information A. Dormitory Classification Facilities Fee Location - Room Facilities: bed, desk, closet, etc. Dorm1(Female): 939,000KRW Hanlim - Common Facilities : cafeteria, laundry Dorm2(Male):1,070,000KRW Seunghak Dormitory room, rooftop etc. (1semester/About 4 months) ※Fees are for 2026 intake and may be able to change for 2027 intake. ※Website: HanlimDormitroy(http://hanlim.donga.ac.kr) ※ Dormitory application after admission result announcement. HanlimDormitory B. Insurance -It is compulsory for all the international students to subscribe to insurance in preparation of unexpected diseases, injuries and death during staying in Korea. -From 2021, all foreign residents(including degree students) who are staying six months or longer in Korea are required to enroll in National Health Insurance. (Approx. 60,000 KRW/per month) C. On-campus Programs for Int’l Student D. Information on Issuance of Certificate of Admission and Visa application:To be announced. E.', '13. Additional Information\nA. Dormitory\nClassification Facilities Fee Location\n- Room Facilities: bed, desk, closet, etc. Dorm1(Female): 939,000KRW\nHanlim\n- Common Facilities : cafeteria, laundry Dorm2(Male):1,070,000KRW Seunghak\nDormitory\nroom, rooftop etc. (1semester/About 4 months)\n※Fees are for 2026 intake and may be able to change for 2027 intake.\n※Website: HanlimDormitroy(http://hanlim.donga.ac.kr)\n※ Dormitory application after admission result announcement.\nHanlimDormitory\nB. Insurance\n-It is compulsory for all the international students to subscribe to insurance in preparation of\nunexpected diseases, injuries and death during staying in Korea.\n-From 2021, all foreign residents(including degree students) who are staying six months or longer in\nKorea are required to enroll in National Health Insurance. (Approx. 60,000 KRW/per month)\nC. On-campus Programs for Int’l Student\nD. Information on Issuance of Certificate of Admission and Visa application:To be announced.', '| 구분 |  |  | 수혜금액 | 수혜조건 |\n| 장학명 | 자격요건 | 종류 |  |  |\n| 외국인 성적우수 장학금 A,B,C,D | 외국인유학생 특별전형으로 입학한자 (융합경영학과 학생제외) | A | 수업료100% | 직전학기성적순위가10% 미만 |\n|  |  | B | 수업료70% | 직전학기성적순위가40% 미만 |\n|  |  | C | 수업료40% | 직전학기성적순위가60% 미만 |\n|  |  | D | 수업료20% | 직전학기성적순위가80% 미만 |\n| 근로장학금 | 교내행정업무지원 |  | 월평균500,000원 | 국제교류과선발기준에따름 |\n| TOPIK 장학금 | TOPIK 성적표제출자 |  | 시험응시료의일부 | TOPIKⅡ(중급) 응시표제출자(응시료의경우횟수제한없음) - TOPIK PBT 응시료55,000원중35,000원 지원 - TOPIKiBT응시료95,000원중45,000원 지원 - TOPIK말하기평가응시료80,000원 중40,000원 지원 |\n|  |  |  | 500,000원 | TOPIK(PBT, iBT) 3급제출자 |\n|  |  |  | 700,000원 | TOPIK(PBT, iBT) 4급제출자 |\n|  |  |  | 500,000원 | TOPIK(PBT, iBT) 5급제출자 |\n|  |  |  | 500,000원 | TOPIK(PBT, iBT) 6급제출자 |\n| 구분 | 시설 | 가격 | 위치 |\n| 한림생활관 | 가. 기본시설 : 침대, 책상, 옷장, 신발장, 수납장등 나. 그외시설 : 카페테리아, 휴게실, 세탁실등 | 한학기(방학제외) 승학1관(여자기숙사): 939,000원 승학2관(남자기숙사): 1,070,000원 | 승학 |', '| 국가명 | 서류명 | 국가명 | 서류명 |\n| 중국 | 호구부또는친족관계증명서번역공증본 | 파키스탄 | Family Certificate |\n| 필리핀 | Family Census | 스리랑카 | 빠울러서티피케이트 |\n| 인도네시아 | 가족관계증명서(KARTU KELUARGA) | 미얀마 | 가족관계증명서(잉타웅수사엔) |\n| 방글라데시 | 점머까꺼쯔또는점마싸이드티켓 | 네팔 | 전마달다 |\n| 베트남 | 호적부(So ho Khau) 또는출생증명서 (GiayKhaiSinh) | 몽골 | 친족관계증명서 |\n| 키르키즈스탄, 카자흐스탄, 우즈베키스탄, 우크라이나, 태국 |  |  | 출생증명서 |\n| 국문주소 | 영문주소 |\n| 우) 49236 부산광역시서구구덕로225 동아대학교부민캠퍼스B03-0202국제교류과 전화)051-200-6444 | (49236) Office of International Affairs, B03-0202, BuminCampus, Dong-A University, 225 Gudeok-ro, Seo-gu, Busan, Korea ☎82-51-200-6444 |', '| 프로그램명 | 프로그램내용 |\n| 유학생학습튜터링 | 외국인학부신/편입생과한국인재학생을多:1로매치하여외국인학부학교생 활안내및학업지원 |\n| 유학생전공스터디그룹 | 학부유학생(2~4학년)들의전공학습지원을위한튜터링프로그램 (한국인튜터, 유학생튜티로스터디진행) |\n| 동아동화 | 본교한국인재학생과외국인재학생이모여부산지역거주외국인들을 대상으로지역사회봉사활동기획/운영 |\n| 데일리(Dong-AI Love You) | 외국인유학생대상문화활동기획및홍보를통한내·외국인재학생간국제교 류활동활성화를위한다양한역할을수행할수있는프로그램 |\n| 기타행사 | 유학생체육대회, International Day,한국문화체험, 글로벌리더스클럽(Global Leaders Club)-취업역량강화프로그램, 한국법령교육등 |']","대학교 캠퍼스 내에서 국제학생을 위한 지원 서비스는 부산광역시 서구 구덕로 225 동아대학교 부민캠퍼스 B03-0202 국제교류과에 위치하고 있습니다. 

후속 질문: 국제학생을 위한 보험 가입은 어떻게 이루어지나요?",국제학생을 위한 지원 서비스는 학생회관(S02) 근처에 위치하고 있습니다.,0.5,0.8414943990567068,0.49999999995,0.0
유학생이 제출해야 하는 서류에는 어떤 것들이 있나요?,"['❑ 비자 종류별 정보 / Visa type Information\nD-2-8 Visiting Student 91일이상, 단수입국(독일인만복수)\nOver 91 days, Single entry\nD-2-8 방문학생\n(Only German national Multiple entry)\n➢ 비자+ 서비스수수료/ Visa + Service fee\nVisa Fee (Mandatory) Please check your visa fee HERE in EURO\nService Fee (Mandatory) 60.00 EURO\nCourier Return service (Optional) 15.00 EURO\nStudent from the countries below, please go to page no.12\nBangladesh, Cameroon, China, Ethiopia, Egypt, Ghana, Guinea, Iran, India, Indonesia, Kazakhstan,\nKyrgyzstan, Nigeria, Nepal, Mali, Myanmar, Mongolia, Pakistan, Peru, Philippines, Sri Lanka, Thailand,\nUkraine, Uzbekistan, Uganda, and Vietnam.\n➢ 필수제출서류/ Mandatory document to be submitted\n1 VisaApplicationForm(Formno.17)/ 사증발급신청서(제17호서식)e-signature not permitted/전자서명불가\nPassport with at least 6 months remainder validity\n2\n여권유효기간이최소6개월이상남아있는여권\nOne3.5X4.5cmpicturetakeninthepast6months. Please glue the photo on the Application Form.\n3\n최근6개월이내촬영한3.5X4.5cm사진. 사증발급신청서사진란에풀로부착.\nCertificate of Admission/표준입학허가서', '| 1 1 | Financial proof (670EURO * 00Months) - Your bank statement issued within 1 month (Original needed). - If you submit parents’ bank statement, please submit your birth or family certification. (Please translate the document if it is not written in English or Korean. And submit a translate verification.) |\n| 1 2 | A visa request letter(reference letter) issued by the Principal of home country university. (Submission of the Incomplete document form is not acceptable) - The principal’s stamp or signature must be included. |\n| 1 3 | Document proving that you are an exchange student. (Submission of the Incomplete document form is not acceptable) 1) Exchange student agreement between the two universities. OR 2) Letter of Acceptance - The exchange program title and name of the home country university and the inviting university in Korea must be included. |', '❑ 비자 종류별 정보 / Visa type Information\nD-4-1 Korean Language Trainee\n91일이상, 단수입국\nD-4-1 한국어연수 비자 Over 91 days, Single entry\n➢ 비자+ 서비스수수료/ Visa + Service fee\nVisa Fee (Mandatory) Please check your visa fee HERE in EURO\nService Fee (Mandatory) 60.00 EURO\nCourier Return service (Optional) 15.00 EURO\nStudent from the countries below, please go to page no.14\nBangladesh, Cameroon, China, Ethiopia, Egypt, Ghana, Guinea, Iran, India, Indonesia, Kazakhstan,\nKyrgyzstan, Nigeria, Nepal, Mali, Myanmar, Mongolia, Pakistan, Peru, Philippines, Sri Lanka, Thailand,\nUkraine, Uzbekistan, Uganda, and Vietnam.\n➢ 필수제출서류/ Mandatory document to be submitted\n1 VisaApplicationForm(Formno.17)/ 사증발급신청서(제17호서식)e-signature not permitted/전자서명불가\nPassport with at least 6 months remainder validity\n2\n여권유효기간이최소6개월이상남아있는여권\nOne3.5X4.5cmpicturetakeninthepast6months. Please glue the photo on the Application Form.\n3\n최근6개월이내촬영한3.5X4.5cm사진. 사증발급신청서사진란에풀로부착.\nCertificate of Admission/표준입학허가서', '| 순번 | 제출서류 |  | 구분 |  | 비고 |\n|  |  |  | 신입 | 편입 |  |\n| 1 | 입학지원서 |  | ● | ● | - 온라인접수후출력 (applydonga.accomsystem.co.kr) |\n| 2 | 자기소개서 |  | ● | ● | (양식1) |\n| 3 | 학력조회동의서 |  | ● | ● | (양식2) |\n| 4 | 고등학교졸업(예정)증명서 |  | ● | ● | - ‘유의사항마.’ 참조 - 아포스티유혹은한국영사확인 |\n| 5 | 고등학교성적증명서 |  | ● | ● | - 유의사항바.’ 참조 - 고등학교전학년성적기재 - 아포스티유혹은한국영사확인 |\n| 6 | 전적대학졸업(예정)증명서 또는 재학증명서 |  |  | ● | - ‘유의사항마.’ 참조 - 아포스티유혹은한국영사확인 - 편입지원자중학사과정재학생은재학증명서, 전문학사졸업(예정)생은졸업(예정)증명서제출 |\n| 7 | 전적대학성적증명서 |  |  | ● | - 유의사항바.’ 참조 - 대학교전과정성적기재 - 아포스티유혹은한국영사확인 |\n| 8 | 부모·학생관계증명서 |  | ● | ● | - 유의사항사.’ 참조 |\n| 9 | 본인및부모의신분증사본 |  | ● | ● | - 국적확인가능한신분증제출 (여권혹은본국신분증) |\n| 10 | 재정능력입증서류(은행잔고증명서) |  | ● | ● | - ‘유의사항아.’ 참조 |\n| 11 | 재정능력입증서류의 주체가본인이아닐시 | 재정보증확인서 | ● | ● | (양식3) |\n|  |  | 재정보증인수입증명서 | ● | ● |  |\n|  |  | 재직증명서 | ● | ● |  |\n| 12 | 어학능력입증서류 |  | ● | ● | - 유효기간내성적만접수가능 (접수마감일기준2년이내취득) |\n| 13 | 여권사본 |  | ● | ● |  |', 'confirmation letter of tuition fee, etc.\nStudents who are enrolled with an insurance from their own country should provide proof of insurance after entering\n- A graduation certificate of the most recently attended school\nKorea.\n- Proof of Financial Capability (at least USD 8,000 per year): Parents’ proof of income and certificate of employment\n- Certificate of Bank Balance (at least KRW 8,000,000) * E ffective starting from March of 2015, all international students are required to have insurances according to the\n- TB Test Certificate laws of the Korean government.\n* F rom February 2021, foreigners staying in Korea for more than 6 months are obligated to subscribe to public\nFamily Relations Proof Sample health insurance and pay insurance premiums. Please note that the exact premium and subscription details will be\nprovided after entering our university.\nChina : or notorization, Philippines: Family Census, Indonesia : KARTU KELUARGA,', ""*If you have not resided in the Netherlands for more than 2 years, please submit “incomplete document form”\nCertificate of Master or Doctoral's degree* + Apostilled(original)\n5\n신청인의석/박사졸업증(아포스티유(원본)필요)\nBusiness registration of the university in Korea issued within 3 months\n6\n한국대학교의사업자등록증명원명원(발급3개월이내)\nFinancial proof\n재정증명\n- Applicant’s Bank Statement (650EUR * 00months) issued within 2weeks.\n신청인은행계좌내역\n7 - or Confirmation of research allowance: If your research allowance is above 650 EUR per month, you need to apply\nfor another visa type.\n또는연구수당지급확인서(연구수당이월60-70만원상회시, 다른비자타입을신청하여야함)\n- or Guarantee from a Korean university\n또는신원보증서\nConfirmation of Foreign Research Student stamped by head of university\n8\n외국인연구생확인서(대학총장직인날인반드시필요)\n9 Proof of Payment Receipt / 송금내역서\nKVAC Waiver Courier / 우편접수시책임면책서\n1\nPlease clearly write down the address where you wish to have your passport sent back including C/O.\n0\n반드시여권을돌려받아야하는주소를정확하게기재해주시기바랍니다. (우편함이름까지기재)\nKVAC Consent Form and Terms of Use / KVAC 이용약관동의서"", '6. 제출 서류\n가. 필수 제출 서류\n구분\n순번 제출서류 비고\n신입 편입\n- 온라인접수후출력\n1 입학지원서 ● ●\n(applydonga.accomsystem.co.kr)\n● ●\n2 자기소개서 (양식1)\n3 학력조회동의서 ● ● (양식2)\n- ‘유의사항마.’ 참조\n4 고등학교졸업(예정)증명서 ● ●\n- 아포스티유혹은한국영사확인\n- 유의사항바.’ 참조\n5 고등학교성적증명서 ● ● - 고등학교전학년성적기재\n- 아포스티유혹은한국영사확인\n- ‘유의사항마.’ 참조\n전적대학졸업(예정)증명서 또는 - 아포스티유혹은한국영사확인\n6 ●\n재학증명서 - 편입지원자중학사과정재학생은재학증명서,\n전문학사졸업(예정)생은졸업(예정)증명서제출\n- 유의사항바.’ 참조\n7 전적대학성적증명서 ● - 대학교전과정성적기재\n- 아포스티유혹은한국영사확인\n8 부모·학생관계증명서 ● ● - 유의사항사.’ 참조\n- 국적확인가능한신분증제출\n9 본인및부모의신분증사본 ● ●\n(여권혹은본국신분증)\n10 재정능력입증서류(은행잔고증명서) ● ● - ‘유의사항아.’ 참조\n재정보증확인서 ● ● (양식3)\n재정능력입증서류의\n11 재정보증인수입증명서 ● ●\n주체가본인이아닐시\n재직증명서 ● ●\n- 유효기간내성적만접수가능\n12 어학능력입증서류 ● ●\n(접수마감일기준2년이내취득)\n13 여권사본 ● ●\n※ 양식별첨\n※ 원서접수기간내필수제출서류를전체스캔하여원서접수사이트에업로드\n※ 업로드시, 항목당파일한개로통합하여제출(PDF, JPG, PNG파일형식)\n※제출서류중[한국어또는영어]외의다른언어로된서류는한국어또는영어로번역공증을받아제출\n- 9 -']","유학생이 제출해야 하는 서류는 다음과 같습니다:

1. 사증발급신청서(제17호서식) - 전자서명 불가
2. 여권 - 유효기간이 최소 6개월 이상 남아있는 여권
3. 최근 6개월 이내 촬영한 3.5X4.5cm 사진 - 신청서에 풀로 부착
4. 표준입학허가서
5. 재정능력 입증서류 - 은행 잔고 증명서
6. 부모·학생 관계 증명서
7. 본인 및 부모의 신분증 사본 - 국적 확인 가능한 신분증 제출 (여권 혹은 본국 신분증)
8. 어학능력 입증서류 - 유효기간 내 성적만 접수 가능
9. 여권 사본

추가적으로, 부모의 은행 명세서를 제출할 경우, 출생증명서나 가족관계증명서를 함께 제출해야 하며, 번역이 필요할 수 있습니다.

후속 질문: 유학생이 제출해야 하는 재정능력 입증서류는 어떤 것들이 있나요?","유학생이 제출해야 하는 서류에는 교육 과정, 평균 및 분포의 고등학교 표준화 시험 점수, 학교 소개 자료, 학교 활동 증명서, 고등학교 졸업 시험 또는 대학 입학 시험 성적표 등이 포함됩니다.",1.0,0.9829284277354672,0.14285714284285714,0.0
이 대학교에서 유학생을 위한 장학금은 어떤 종류가 있나요?,"['| 12. 장학금 가. 신입생 장학금 1) 외국인 우수신입생 장학금 구분 수혜금액 수혜조건 장학명 자격요건 종류 A 수업료100% 한국어능력시험(TOPIKPBT, TOPIK iBT) 5급이상소지자 외국인 B 수업료60% 한국어능력시험(TOPIKPBT, TOPIK iBT) 4급소지자 우수신입생 외국인신(편)입학 장학금 C 수업료50% 한국어능력시험(TOPIKPBT, TOPIK iBT) 3급소지자 특별전형합격자 A,B,C,D,E D 수업료40% 동아한국어능력시험(Dong-A TOPIK) 3급이상소지자 본교입학자격요건을갖춘신(편)입생중, E 수업료30% 외국인우수신입생장학금A,B,C,D에해당되지않는자 외국인신(편)입학 A 수업료100% 한국어능력시험(TOPIKPBT, TOPIK iBT) 5급이상소지자 DAU 특별전형합격자중, 외국인 본교한국어학당을 B 수업료70% 한국어능력시험(TOPIKPBT, TOPIK iBT) 4급소지자 우수신입생 2개학기이상수료 장학금 하고최종2개학기 C 수업료60% 한국어능력시험(TOPIKPBT, TOPIK iBT) 3급소지자 A,B,C,D 출석률이80% 이 본교입학자격요건을갖춘신(편)입생중, D 수업료50% 상인자 DAU 외국인우수신입생장학금A,B,C에해당되지않는자 ※위장학금은입학학기에만적용되며2번째학기부터는재학생장학금기준에따라지급 ※장학금지급기준및지급액은본교장학제도에따라변동될수있음 2) 외국인 유학생 국가장학금 구분 수혜기간 수혜금액 수혜조건 아래학과외국인신입학특별전형합격자중학과추천자 - 인문과학대학: 역사문화학부, 한국어문학과 - 자연과학대학: 반도체학과, 바이오메디컬학과 - 사회과학대학: 미디어커뮤니케이션학과 - 경영대학: 경영학과, 관광경영학과, 국제무역학과, 경영정보학과 동아특화분야 - 생명자원과학대학: 식품생명공학과, 스마트그린자원학과 첫학기 우수장학금Ⅰ - 공학: 환경에너지공학과-미래에너지공학전공, 전기공학과, 전자공학과, 기계공학과, 산업경영공학과, 조선해양공학과, 화학공학과, 신소재공학과 수업료전액 - 디자인환경대학:', '| 구분 |  |  | 수혜금액 | 수혜조건 |\n| 장학명 | 자격요건 | 종류 |  |  |\n| 외국인 성적우수 장학금 A,B,C,D | 외국인유학생 특별전형으로 입학한자 (융합경영학과 학생제외) | A | 수업료100% | 직전학기성적순위가10% 미만 |\n|  |  | B | 수업료70% | 직전학기성적순위가40% 미만 |\n|  |  | C | 수업료40% | 직전학기성적순위가60% 미만 |\n|  |  | D | 수업료20% | 직전학기성적순위가80% 미만 |\n| 근로장학금 | 교내행정업무지원 |  | 월평균500,000원 | 국제교류과선발기준에따름 |\n| TOPIK 장학금 | TOPIK 성적표제출자 |  | 시험응시료의일부 | TOPIKⅡ(중급) 응시표제출자(응시료의경우횟수제한없음) - TOPIK PBT 응시료55,000원중35,000원 지원 - TOPIKiBT응시료95,000원중45,000원 지원 - TOPIK말하기평가응시료80,000원 중40,000원 지원 |\n|  |  |  | 500,000원 | TOPIK(PBT, iBT) 3급제출자 |\n|  |  |  | 700,000원 | TOPIK(PBT, iBT) 4급제출자 |\n|  |  |  | 500,000원 | TOPIK(PBT, iBT) 5급제출자 |\n|  |  |  | 500,000원 | TOPIK(PBT, iBT) 6급제출자 |\n| 구분 | 시설 | 가격 | 위치 |\n| 한림생활관 | 가. 기본시설 : 침대, 책상, 옷장, 신발장, 수납장등 나. 그외시설 : 카페테리아, 휴게실, 세탁실등 | 한학기(방학제외) 승학1관(여자기숙사): 939,000원 승학2관(남자기숙사): 1,070,000원 | 승학 |', '12. 장학금\n가. 신입생 장학금\n1) 외국인 우수신입생 장학금\n구분\n수혜금액 수혜조건\n장학명 자격요건 종류\nA 수업료100% 한국어능력시험(TOPIKPBT, TOPIK iBT) 5급이상소지자\n외국인\nB 수업료60% 한국어능력시험(TOPIKPBT, TOPIK iBT) 4급소지자\n우수신입생\n외국인신(편)입학\n장학금 C 수업료50% 한국어능력시험(TOPIKPBT, TOPIK iBT) 3급소지자\n특별전형합격자\nA,B,C,D,E\nD 수업료40% 동아한국어능력시험(Dong-A TOPIK) 3급이상소지자\n본교입학자격요건을갖춘신(편)입생중,\nE 수업료30%\n외국인우수신입생장학금A,B,C,D에해당되지않는자\n외국인신(편)입학 A 수업료100% 한국어능력시험(TOPIKPBT, TOPIK iBT) 5급이상소지자\nDAU 특별전형합격자중,\n외국인 본교한국어학당을 B 수업료70% 한국어능력시험(TOPIKPBT, TOPIK iBT) 4급소지자\n우수신입생 2개학기이상수료\n장학금 하고최종2개학기 C 수업료60% 한국어능력시험(TOPIKPBT, TOPIK iBT) 3급소지자\nA,B,C,D 출석률이80% 이 본교입학자격요건을갖춘신(편)입생중,\nD 수업료50%\n상인자 DAU 외국인우수신입생장학금A,B,C에해당되지않는자\n※위장학금은입학학기에만적용되며2번째학기부터는재학생장학금기준에따라지급\n※장학금지급기준및지급액은본교장학제도에따라변동될수있음\n2) 외국인 유학생 국가장학금\n구분 수혜기간 수혜금액 수혜조건\n아래학과외국인신입학특별전형합격자중학과추천자\n- 인문과학대학: 역사문화학부, 한국어문학과\n- 자연과학대학: 반도체학과, 바이오메디컬학과\n- 사회과학대학: 미디어커뮤니케이션학과\n- 경영대학: 경영학과, 관광경영학과, 국제무역학과, 경영정보학과\n동아특화분야 - 생명자원과학대학: 식품생명공학과, 스마트그린자원학과\n첫학기\n우수장학금Ⅰ - 공학: 환경에너지공학과-미래에너지공학전공, 전기공학과, 전자공학과,\n기계공학과, 산업경영공학과, 조선해양공학과, 화학공학과, 신소재공학과', '| 구분 |  |  | 수혜금액 | 수혜조건 |\n| 장학명 | 자격요건 | 종류 |  |  |\n| 외국인 우수신입생 장학금 A,B,C,D,E | 외국인신(편)입학 특별전형합격자 | A | 수업료100% | 한국어능력시험(TOPIKPBT, TOPIK iBT) 5급이상소지자 |\n|  |  | B | 수업료60% | 한국어능력시험(TOPIKPBT, TOPIK iBT) 4급소지자 |\n|  |  | C | 수업료50% | 한국어능력시험(TOPIKPBT, TOPIK iBT) 3급소지자 |\n|  |  | D | 수업료40% | 동아한국어능력시험(Dong-A TOPIK) 3급이상소지자 |\n|  |  | E | 수업료30% | 본교입학자격요건을갖춘신(편)입생중, 외국인우수신입생장학금A,B,C,D에해당되지않는자 |\n| DAU 외국인 우수신입생 장학금 A,B,C,D | 외국인신(편)입학 특별전형합격자중, 본교한국어학당을 2개학기이상수료 하고최종2개학기 출석률이80% 이 상인자 | A | 수업료100% | 한국어능력시험(TOPIKPBT, TOPIK iBT) 5급이상소지자 |\n|  |  | B | 수업료70% | 한국어능력시험(TOPIKPBT, TOPIK iBT) 4급소지자 |\n|  |  | C | 수업료60% | 한국어능력시험(TOPIKPBT, TOPIK iBT) 3급소지자 |\n|  |  | D | 수업료50% | 본교입학자격요건을갖춘신(편)입생중, DAU 외국인우수신입생장학금A,B,C에해당되지않는자 |\n| 구분 | 수혜기간 | 수혜금액 | 수혜조건 |', '[Tables]\n|  |\n| 나. 재학생 장학금 구분 수혜금액 수혜조건 장학명 자격요건 종류 A 수업료100% 직전학기성적순위가10% 미만 외국인유학생 외국인 특별전형으로 B 수업료70% 직전학기성적순위가40% 미만 성적우수 입학한자 장학금 (융합경영학과 C 수업료40% 직전학기성적순위가60% 미만 A,B,C,D 학생제외) D 수업료20% 직전학기성적순위가80% 미만 근로장학금 교내행정업무지원 월평균500,000원 국제교류과선발기준에따름 TOPIKⅡ(중급) 응시표제출자(응시료의경우횟수제한없음) - TOPIK PBT 응시료55,000원중35,000원 지원 시험응시료의일부 - TOPIKiBT응시료95,000원중45,000원 지원 - TOPIK말하기평가응시료80,000원 중40,000원 지원 TOPIK TOPIK 성적표제출자 500,000원 TOPIK(PBT, iBT) 3급제출자 장학금 700,000원 TOPIK(PBT, iBT) 4급제출자 500,000원 TOPIK(PBT, iBT) 5급제출자 500,000원 TOPIK(PBT, iBT) 6급제출자 ※장학금지급기준및지급액은본교장학제도에따라변동될수있음 ※성적우수장학금의경우동점자발생시학과기준에따라장학이결정됨 13. 기타 사항 가. 기숙사 구분 시설 가격 위치 가. 기본시설 한학기(방학제외) : 침대, 책상, 옷장, 신발장, 수납장등 한림생활관 승학1관(여자기숙사): 939,000원 승학 나. 그외시설 승학2관(남자기숙사): 1,070,000원 : 카페테리아, 휴게실, 세탁실등 ※ 상기금액은2026년기숙사비기준이며, 2027년기숙사비책정시변동될수있음 ※ 기숙사홈페이지: http://hanlim.donga.ac.kr ※ 기숙사신청방법: 합격자대상으로추후공지 - 17 - |\n| 구분 |  |  | 수혜금액 | 수혜조건 |\n| 장학명 | 자격요건 | 종류 |  |  |', '- 사회과학대학: 미디어커뮤니케이션학과\n- 경영대학: 경영학과, 관광경영학과, 국제무역학과, 경영정보학과\n동아특화분야 - 생명자원과학대학: 식품생명공학과, 스마트그린자원학과\n첫학기\n우수장학금Ⅰ - 공학: 환경에너지공학과-미래에너지공학전공, 전기공학과, 전자공학과,\n기계공학과, 산업경영공학과, 조선해양공학과, 화학공학과, 신소재공학과\n수업료전액 - 디자인환경대학: 건축학과, 산업디자인학과, 패션디자인학과, 조경학과\n(입학금포함) - 예술체육대학: 미술학과\n- 건강과학대학: 식품영양학과, 의약생명공학과, 건강관리학과\n- 소프트웨어대학: 컴퓨터공학과, AI학과\n아래학과외국인신입학특별전형합격자중학과추천자\n- 자연과학대학: 화학과, 바이오메디컬학과\n동아특화분야 2개학기 - 공과대학: 환경에너지공학과-미래에너지공학전공, 전기공학과, 전자공학\n우수장학금Ⅱ (1년) 과, 기계공학과, 화학공학과, 조선해양공학과\n- 예술체육대학: 체육학과\n- 건강과학대학: 식품영양학과, 의약생명공학과, 건강관리학과\n※장학금지급대상학과는변동될수있음\n※장학금지급기준및지급액은본교장학제도에따라변동될수있음\n※학과추천외에학업성적,어학성적등추가검토사항이반영될수있음\n- 16 -', '|  |  | C | 수업료60% | 한국어능력시험(TOPIKPBT, TOPIK iBT) 3급소지자 |\n|  |  | D | 수업료50% | 본교입학자격요건을갖춘신(편)입생중, DAU 외국인우수신입생장학금A,B,C에해당되지않는자 |\n| 구분 | 수혜기간 | 수혜금액 | 수혜조건 |\n| 동아특화분야 우수장학금Ⅰ | 첫학기 | 수업료전액 (입학금포함) | 아래학과외국인신입학특별전형합격자중학과추천자 - 인문과학대학: 역사문화학부, 한국어문학과 - 자연과학대학: 반도체학과, 바이오메디컬학과 - 사회과학대학: 미디어커뮤니케이션학과 - 경영대학: 경영학과, 관광경영학과, 국제무역학과, 경영정보학과 - 생명자원과학대학: 식품생명공학과, 스마트그린자원학과 - 공학: 환경에너지공학과-미래에너지공학전공, 전기공학과, 전자공학과, 기계공학과, 산업경영공학과, 조선해양공학과, 화학공학과, 신소재공학과 - 디자인환경대학: 건축학과, 산업디자인학과, 패션디자인학과, 조경학과 - 예술체육대학: 미술학과 - 건강과학대학: 식품영양학과, 의약생명공학과, 건강관리학과 - 소프트웨어대학: 컴퓨터공학과, AI학과 |\n| 동아특화분야 우수장학금Ⅱ | 2개학기 (1년) |  | 아래학과외국인신입학특별전형합격자중학과추천자 - 자연과학대학: 화학과, 바이오메디컬학과 - 공과대학: 환경에너지공학과-미래에너지공학전공, 전기공학과, 전자공학 과, 기계공학과, 화학공학과, 조선해양공학과 - 예술체육대학: 체육학과 - 건강과학대학: 식품영양학과, 의약생명공학과, 건강관리학과 |']","이 대학교에서 유학생을 위한 장학금은 다음과 같은 종류가 있습니다:

1. **외국인 우수신입생 장학금**: 
   - A: 수업료 100% (TOPIK 5급 이상 소지자)
   - B: 수업료 60% (TOPIK 4급 소지자)
   - C: 수업료 50% (TOPIK 3급 소지자)
   - D: 수업료 40% (동아 한국어 능력시험 3급 이상 소지자)
   - E: 수업료 30% (A, B, C, D에 해당되지 않는 자)

2. **DAU 외국인 우수신입생 장학금**: 
   - A: 수업료 100% (TOPIK 5급 이상 소지자)
   - B: 수업료 70% (TOPIK 4급 소지자)
   - C: 수업료 60% (TOPIK 3급 소지자)
   - D: 수업료 50% (A, B, C에 해당되지 않는 자)

3. **외국인 유학생 국가장학금**: 첫 학기 우수 장학금으로 수업료 전액 지원.

4. **외국인 성적우수 장학금**: 
   - A: 수업료 100% (직전 학기 성적 순위 10% 미만)
   - B: 수업료 70% (직전 학기 성적 순위 40% 미만)
   - C: 수업료 40% (직전 학기 성적 순위 60% 미만)
   - D: 수업료 20% (직전 학기 성적 순위 80% 미만)

5. **근로장학금**: 교내 행정 업무 지원으로 월 평균 500,000원 지급.

6. **TOPIK 장학금**: TOPIK 성적표 제출자에게 시험 응시료의 일부 지원.

후속 질문: 이 장학금을 받기 위한 조건은 무엇인가요?","유학생을 위한 장학금으로는 첫학기 우수장학금Ⅰ, 우수장학금Ⅱ 등이 있으며, 장학금 지급 대상 학과는 변동될 수 있습니다.",1.0,0.9703905985606195,0.817857142843512,1.0
동아대학교 국제교류과에 문의할 때 전화번호는 무엇인가요?,"['| Korean | English |\n| 우) 49236 부산광역시서구구덕로225 동아대학교, 부민캠퍼스,B03-0202,국제교류과 전화)051-200-6444 | (49236) Office of International Affairs, B03-0202, BuminCampus, Dong-A University, 225 Gudeok-ro, Seo-gu, Busan, Korea ☎82-51-200-6444 |', '나.제출장소:동아대학교국제교류과(우편또는방문제출)\n국문주소 영문주소\n(49236) Office of International Affairs,\n우) 49236 부산광역시서구구덕로225\nB03-0202, BuminCampus, Dong-A University,\n동아대학교부민캠퍼스B03-0202국제교류과\n225 Gudeok-ro, Seo-gu, Busan, Korea\n전화)051-200-6444\n☎82-51-200-6444\n- 13 -', '※ 기간내원본서류제출이불가할경우, 사전연락필수(사유없이기한내원본서류미제출시합격취소) 나.제출장소:동아대학교국제교류과(우편또는방문제출) 국문주소 영문주소 (49236) Office of International Affairs, 우) 49236 부산광역시서구구덕로225 B03-0202, BuminCampus, Dong-A University, 동아대학교부민캠퍼스B03-0202국제교류과 225 Gudeok-ro, Seo-gu, Busan, Korea 전화)051-200-6444 ☎82-51-200-6444 - 13 - |', '13. 기타 사항\n나. 유학생 보험\n- 유학기간 중, 예상치 못한 질병, 상해, 사망 등 불의의 사고에 대비하여 유학생 전원 의무가입\n- 2021년3월부터 외국인 유학생 국민건강보험 당연 가입(약 월 60,000원)\n다. 유학생 지원 프로그램\n프로그램명 프로그램내용\n외국인학부신/편입생과한국인재학생을多:1로매치하여외국인학부학교생\n유학생학습튜터링\n활안내및학업지원\n학부유학생(2~4학년)들의전공학습지원을위한튜터링프로그램\n유학생전공스터디그룹\n(한국인튜터, 유학생튜티로스터디진행)\n본교한국인재학생과외국인재학생이모여부산지역거주외국인들을\n동아동화\n대상으로지역사회봉사활동기획/운영\n외국인유학생대상문화활동기획및홍보를통한내·외국인재학생간국제교\n데일리(Dong-AI Love You)\n류활동활성화를위한다양한역할을수행할수있는프로그램\n유학생체육대회, International Day,한국문화체험, 글로벌리더스클럽(Global\n기타행사\nLeaders Club)-취업역량강화프로그램, 한국법령교육등\n라. 합격자 표준입학허가서 발급 및 비자 안내: 합격자에 한하여 별도 안내\n마. 신입생 오리엔테이션: 일정 추후 안내 예정이며 전원 참석 필수\n14. 문의\n가. 국제교류과 (입학 문의)\n-주소:부산광역시서구구덕로225동아대학교부민캠퍼스,B03-0202국제교류과\n-전화:+82-51-200-6444\n-이메일:contact@donga.ac.kr\n-홈페이지:(국문)https://global.donga.ac.kr// (영문)https://global.donga.ac.kr/dongaoia/\n-문의가능시간:월~금요일,09:00~17:00(12:00~13:00제외)\n나. 각 학과 사무실 (학사·전공 문의)\n-각학과홈페이지참조\n-https://about.donga.ac.kr/about/Main.do\n- 18 -', '[Tables]\n|  |\n| 13. 기타 사항 나. 유학생 보험 - 유학기간 중, 예상치 못한 질병, 상해, 사망 등 불의의 사고에 대비하여 유학생 전원 의무가입 - 2021년3월부터 외국인 유학생 국민건강보험 당연 가입(약 월 60,000원) 다. 유학생 지원 프로그램 프로그램명 프로그램내용 외국인학부신/편입생과한국인재학생을多:1로매치하여외국인학부학교생 유학생학습튜터링 활안내및학업지원 학부유학생(2~4학년)들의전공학습지원을위한튜터링프로그램 유학생전공스터디그룹 (한국인튜터, 유학생튜티로스터디진행) 본교한국인재학생과외국인재학생이모여부산지역거주외국인들을 동아동화 대상으로지역사회봉사활동기획/운영 외국인유학생대상문화활동기획및홍보를통한내·외국인재학생간국제교 데일리(Dong-AI Love You) 류활동활성화를위한다양한역할을수행할수있는프로그램 유학생체육대회, International Day,한국문화체험, 글로벌리더스클럽(Global 기타행사 Leaders Club)-취업역량강화프로그램, 한국법령교육등 라. 합격자 표준입학허가서 발급 및 비자 안내: 합격자에 한하여 별도 안내 마. 신입생 오리엔테이션: 일정 추후 안내 예정이며 전원 참석 필수 14. 문의 가. 국제교류과 (입학 문의) -주소:부산광역시서구구덕로225동아대학교부민캠퍼스,B03-0202국제교류과 -전화:+82-51-200-6444 -이메일:contact@donga.ac.kr -홈페이지:(국문)https://global.donga.ac.kr// (영문)https://global.donga.ac.kr/dongaoia/ -문의가능시간:월~금요일,09:00~17:00(12:00~13:00제외) 나. 각 학과 사무실 (학사·전공 문의) -각학과홈페이지참조 -https://about.donga.ac.kr/about/Main.do - 18 - |\n| 프로그램명 | 프로그램내용 |\n| 유학생학습튜터링 | 외국인학부신/편입생과한국인재학생을多:1로매치하여외국인학부학교생 활안내및학업지원 |', ""8. Notes after Admission\nA. All required documents must be submitted in original to the office of International Affairs,\nDong-AUniversitywithinthedesignatedperiod\n-1stRound:By2026.5.22.(Fri)\n-2ndRound:By2026.7.27.(Mon)\n※ Those who do not submit hard copies within the designated period will be disqualified and\nadmissionwillbecancelled.\nB.Placeofsubmission:Dong-AUniversity,Officeof InternationalAffairs(bypostorinperson)\nKorean English\n(49236) Office of International Affairs,\n우) 49236 부산광역시서구구덕로225\nB03-0202, BuminCampus, Dong-A University,\n동아대학교, 부민캠퍼스,B03-0202,국제교류과\n225 Gudeok-ro, Seo-gu, Busan, Korea\n전화)051-200-6444\n☎82-51-200-6444\n9. Important Notes\nA. Applicants should read this guidelines carefully and follow the procedure made by Dong-A\nUniversity.Whenapplicantsdonotcomplywiththeuniversity'sprescribedprocessandrules,or\nrequired documents are not completely submitted, the applicants will be disqualified. The"", ""| 8. Notes after Admission A. All required documents must be submitted in original to the office of International Affairs, Dong-AUniversitywithinthedesignatedperiod -1stRound:By2026.5.22.(Fri) -2ndRound:By2026.7.27.(Mon) ※ Those who do not submit hard copies within the designated period will be disqualified and admissionwillbecancelled. B.Placeofsubmission:Dong-AUniversity,Officeof InternationalAffairs(bypostorinperson) Korean English (49236) Office of International Affairs, 우) 49236 부산광역시서구구덕로225 B03-0202, BuminCampus, Dong-A University, 동아대학교, 부민캠퍼스,B03-0202,국제교류과 225 Gudeok-ro, Seo-gu, Busan, Korea 전화)051-200-6444 ☎82-51-200-6444 9. Important Notes A. Applicants should read this guidelines carefully and follow the procedure made by Dong-A University.Whenapplicantsdonotcomplywiththeuniversity'sprescribedprocessandrules,or required documents are not completely submitted, the applicants will be disqualified. The applicants are responsible for disadvantages (cancellation of""]","동아대학교 국제교류과에 문의할 때 전화번호는 +82-51-200-6444입니다.

후속 질문: 동아대학교 국제교류과의 이메일 주소는 무엇인가요?",051-200-6444 또는 82-51-200-6444입니다.,0.5,0.9653643212536677,0.9999999999857143,1.0
유학생이 입학 지원 시 필수 제출 서류는 무엇인가요?,"['6. 제출 서류\n가. 필수 제출 서류\n구분\n순번 제출서류 비고\n신입 편입\n- 온라인접수후출력\n1 입학지원서 ● ●\n(applydonga.accomsystem.co.kr)\n● ●\n2 자기소개서 (양식1)\n3 학력조회동의서 ● ● (양식2)\n- ‘유의사항마.’ 참조\n4 고등학교졸업(예정)증명서 ● ●\n- 아포스티유혹은한국영사확인\n- 유의사항바.’ 참조\n5 고등학교성적증명서 ● ● - 고등학교전학년성적기재\n- 아포스티유혹은한국영사확인\n- ‘유의사항마.’ 참조\n전적대학졸업(예정)증명서 또는 - 아포스티유혹은한국영사확인\n6 ●\n재학증명서 - 편입지원자중학사과정재학생은재학증명서,\n전문학사졸업(예정)생은졸업(예정)증명서제출\n- 유의사항바.’ 참조\n7 전적대학성적증명서 ● - 대학교전과정성적기재\n- 아포스티유혹은한국영사확인\n8 부모·학생관계증명서 ● ● - 유의사항사.’ 참조\n- 국적확인가능한신분증제출\n9 본인및부모의신분증사본 ● ●\n(여권혹은본국신분증)\n10 재정능력입증서류(은행잔고증명서) ● ● - ‘유의사항아.’ 참조\n재정보증확인서 ● ● (양식3)\n재정능력입증서류의\n11 재정보증인수입증명서 ● ●\n주체가본인이아닐시\n재직증명서 ● ●\n- 유효기간내성적만접수가능\n12 어학능력입증서류 ● ●\n(접수마감일기준2년이내취득)\n13 여권사본 ● ●\n※ 양식별첨\n※ 원서접수기간내필수제출서류를전체스캔하여원서접수사이트에업로드\n※ 업로드시, 항목당파일한개로통합하여제출(PDF, JPG, PNG파일형식)\n※제출서류중[한국어또는영어]외의다른언어로된서류는한국어또는영어로번역공증을받아제출\n- 9 -', '[Tables]\n|  |\n| 6. 제출 서류 가. 필수 제출 서류 구분 순번 제출서류 비고 신입 편입 - 온라인접수후출력 1 입학지원서 ● ● (applydonga.accomsystem.co.kr) ● ● 2 자기소개서 (양식1) 3 학력조회동의서 ● ● (양식2) - ‘유의사항마.’ 참조 4 고등학교졸업(예정)증명서 ● ● - 아포스티유혹은한국영사확인 - 유의사항바.’ 참조 5 고등학교성적증명서 ● ● - 고등학교전학년성적기재 - 아포스티유혹은한국영사확인 - ‘유의사항마.’ 참조 전적대학졸업(예정)증명서 또는 - 아포스티유혹은한국영사확인 6 ● 재학증명서 - 편입지원자중학사과정재학생은재학증명서, 전문학사졸업(예정)생은졸업(예정)증명서제출 - 유의사항바.’ 참조 7 전적대학성적증명서 ● - 대학교전과정성적기재 - 아포스티유혹은한국영사확인 8 부모·학생관계증명서 ● ● - 유의사항사.’ 참조 - 국적확인가능한신분증제출 9 본인및부모의신분증사본 ● ● (여권혹은본국신분증) 10 재정능력입증서류(은행잔고증명서) ● ● - ‘유의사항아.’ 참조 재정보증확인서 ● ● (양식3) 재정능력입증서류의 11 재정보증인수입증명서 ● ● 주체가본인이아닐시 재직증명서 ● ● - 유효기간내성적만접수가능 12 어학능력입증서류 ● ● (접수마감일기준2년이내취득) 13 여권사본 ● ● ※ 양식별첨 ※ 원서접수기간내필수제출서류를전체스캔하여원서접수사이트에업로드 ※ 업로드시, 항목당파일한개로통합하여제출(PDF, JPG, PNG파일형식) ※제출서류중[한국어또는영어]외의다른언어로된서류는한국어또는영어로번역공증을받아제출 - 9 - |\n| 순번 | 제출서류 |  | 구분 |  | 비고 |\n|  |  |  | 신입 | 편입 |  |\n| 1 | 입학지원서 |  | ● | ● | - 온라인접수후출력 (applydonga.accomsystem.co.kr) |\n| 2 | 자기소개서 |  | ● | ● | (양식1) |\n| 3 | 학력조회동의서 |  | ● | ● | (양식2) |', '| 순번 | 제출서류 |  | 구분 |  | 비고 |\n|  |  |  | 신입 | 편입 |  |\n| 1 | 입학지원서 |  | ● | ● | - 온라인접수후출력 (applydonga.accomsystem.co.kr) |\n| 2 | 자기소개서 |  | ● | ● | (양식1) |\n| 3 | 학력조회동의서 |  | ● | ● | (양식2) |\n| 4 | 고등학교졸업(예정)증명서 |  | ● | ● | - ‘유의사항마.’ 참조 - 아포스티유혹은한국영사확인 |\n| 5 | 고등학교성적증명서 |  | ● | ● | - 유의사항바.’ 참조 - 고등학교전학년성적기재 - 아포스티유혹은한국영사확인 |\n| 6 | 전적대학졸업(예정)증명서 또는 재학증명서 |  |  | ● | - ‘유의사항마.’ 참조 - 아포스티유혹은한국영사확인 - 편입지원자중학사과정재학생은재학증명서, 전문학사졸업(예정)생은졸업(예정)증명서제출 |\n| 7 | 전적대학성적증명서 |  |  | ● | - 유의사항바.’ 참조 - 대학교전과정성적기재 - 아포스티유혹은한국영사확인 |\n| 8 | 부모·학생관계증명서 |  | ● | ● | - 유의사항사.’ 참조 |\n| 9 | 본인및부모의신분증사본 |  | ● | ● | - 국적확인가능한신분증제출 (여권혹은본국신분증) |\n| 10 | 재정능력입증서류(은행잔고증명서) |  | ● | ● | - ‘유의사항아.’ 참조 |\n| 11 | 재정능력입증서류의 주체가본인이아닐시 | 재정보증확인서 | ● | ● | (양식3) |\n|  |  | 재정보증인수입증명서 | ● | ● |  |\n|  |  | 재직증명서 | ● | ● |  |\n| 12 | 어학능력입증서류 |  | ● | ● | - 유효기간내성적만접수가능 (접수마감일기준2년이내취득) |\n| 13 | 여권사본 |  | ● | ● |  |', '❑ 비자 종류별 정보 / Visa type Information\nD-2-1 ~ D-2-4 University Student Visa\n91일이상, 단수입국\nD-2-1 ~ D-2-4 학생 유학 비자 Over 91 days, Single entry\n➢ 비자+ 서비스수수료/ Visa + Service fee\nVisa Fee (Mandatory) Please check your visa fee HEREin EURO\nService Fee (Mandatory) 60.00 EURO\nCourier Return service (Optional) 15.00 EURO\nApplicable only to students from the countries below,\nBangladesh, Cameroon, China, Ethiopia, Egypt, Ghana, Guinea, Iran, India, Indonesia, Kazakhstan, Kyrgyzstan,\nNigeria, Nepal, Mali, Myanmar, Mongolia, Pakistan, Peru, Philippines, Sri Lanka, Thailand, Ukraine,\nUzbekistan, Uganda, and Vietnam.\n➢ 필수제출서류/ Mandatory document to be submitted\nCASE 1: If your university is on the Excellent accredited Universities list\n1 VisaApplicationForm(Formno.17)/ 사증발급신청서(제17호서식)e-signature not permitted/전자서명불가\nPassport with at least 6 months remainder validity\n2\n여권유효기간이최소6개월이상남아있는여권\nOne3.5X4.5cmpicturetakeninthepast6months. Please glue the photo on the Application Form.\n3', '❑ 비자 종류별 정보 / Visa type Information\nD-2-8 Visiting Student 91일이상, 단수입국(독일인만복수)\nOver 91 days, Single entry\nD-2-8 방문학생\n(Only German national Multiple entry)\n➢ 비자+ 서비스수수료/ Visa + Service fee\nVisa Fee (Mandatory) Please check your visa fee HERE in EURO\nService Fee (Mandatory) 60.00 EURO\nCourier Return service (Optional) 15.00 EURO\nStudent from the countries below, please go to page no.12\nBangladesh, Cameroon, China, Ethiopia, Egypt, Ghana, Guinea, Iran, India, Indonesia, Kazakhstan,\nKyrgyzstan, Nigeria, Nepal, Mali, Myanmar, Mongolia, Pakistan, Peru, Philippines, Sri Lanka, Thailand,\nUkraine, Uzbekistan, Uganda, and Vietnam.\n➢ 필수제출서류/ Mandatory document to be submitted\n1 VisaApplicationForm(Formno.17)/ 사증발급신청서(제17호서식)e-signature not permitted/전자서명불가\nPassport with at least 6 months remainder validity\n2\n여권유효기간이최소6개월이상남아있는여권\nOne3.5X4.5cmpicturetakeninthepast6months. Please glue the photo on the Application Form.\n3\n최근6개월이내촬영한3.5X4.5cm사진. 사증발급신청서사진란에풀로부착.\nCertificate of Admission/표준입학허가서', '| 7. 서류제출 유의사항 가.접수완료(전형료결제)이후전공변경,추가서류제출등의접수사항변경이불가함 나.접수기간내온라인원서접수사이트에모든제출서류를첨부해야하며필수제출서류미비혹은식별이 불가능한서류인경우결격처리함※우편,이메일을통한서류제출불가 다.제출서류중[한국어또는영어]외의다른언어로된서류는한국어또는영어로번역공증을받아제출 라.제출서류이외에자격심사를위하여필요한서류를추가로요구할수있으며,국제교류과의판단에의해 제출서류를가감할수있음 마.학력입증서류:졸업(예정)증명서 ∙지원자가제출한‘학력조회동의서’를 바탕으로최종출신학교에대해학력조회를할수있으며최종적으로학력 조회가미회신되는경우입학을취소할수있음 ∙학력입증서류는아래의방법으로인증을받은후제출해야함 [학력입증서류인증방법] 1)아포스티유협약국:아포스티유확인서(학교소재국지정기관) 2)아포스티유비협약국:영사인증(학교소재국영사관) 3)중국내학위취득자:①과②모두제출 ①중국교육부학력인증센터(CHSI) 발행학위인증보고서(영문버전)-http://www.chsi.com.cn ②졸업증명서(번역공증) 단,중국교육부학력인증센터(CHSI) 인증보고서발행이불가할경우아래기준에따라서류제출 구 분 기 준 보통중등전문학교(普通中专) ①온라인발행 Regular Specialized ⅰ)지방교육당국발행졸업증명서*: 아포스티유필요 Secondary Schools ※온라인에서진위여부확인가능한경우만인정 직업고등학교(职业高中) ②오프라인발행(‘학교정보확인서(붙임7)’ 제출필수) Vocational High Schools 중등 ⅰ)지방교육당국발행졸업증명서:아포스티유필요 직업 성인중등전문학교(成人中专)ⅱ)학교자체발행졸업증명서:성교육청(시교육국)*확인+아포스티유필요 학교 Adult Specialized ※직할시(베이징,상하이,충칭,텐진)의교육청공식명칭은‘교육위원회’임 Secondary Schools 인적자원사회보장부공식홈페이지(www.mohrss.gov.cn) 온라인조회본* 기술공업학교(技工学校) +주중한국영사확인 Skilled Workers Schools', '❑ 비자 종류별 정보 / Visa type Information\nD-2-1 ~ D-2-4 University Student Visa 91일이상, 단수입국(독일인, 일본인만복수)\nOver 91 days, Single entry\nD-2-1 ~ D-2-4 학생 유학 비자\n(Only German, Japanese nationals Multiple entry)\n➢ 비자+ 서비스수수료/ Visa + Service fee\nVisa Fee (Mandatory) Please check your visa fee HERE in EURO\nService Fee (Mandatory) 60.00 EURO\nCourier Return service (Optional) 15.00 EURO\nStudent from the countries below, please go to page no.10\nBangladesh, Cameroon, China, Ethiopia, Egypt, Ghana, Guinea, Iran, India, Indonesia, Kazakhstan,\nKyrgyzstan, Nigeria, Nepal, Mali, Myanmar, Mongolia, Pakistan, Peru, Philippines, Sri Lanka, Thailand,\nUkraine, Uzbekistan, Uganda, and Vietnam.\n➢ 필수제출서류/ Mandatory document to be submitted\n1 VisaApplicationForm(Formno.17)/ 사증발급신청서(제17호서식)e-signature not permitted/전자서명불가\nPassport with at least 6 months remainder validity\n2\n여권유효기간이최소6개월이상남아있는여권\nOne3.5X4.5cmpicturetakeninthepast6months. Please glue the photo on the Application Form.\n3']","유학생이 입학 지원 시 필수 제출 서류는 다음과 같습니다:

1. 입학지원서
2. 자기소개서 (양식1)
3. 학력조회동의서 (양식2)
4. 고등학교졸업(예정)증명서
5. 고등학교성적증명서
6. 전적대학졸업(예정)증명서 또는 재학증명서 (편입지원자의 경우)
7. 전적대학성적증명서
8. 부모·학생관계증명서
9. 본인 및 부모의 신분증 사본 (여권 혹은 본국 신분증)
10. 재정능력 입증 서류 (은행 잔고 증명서)
11. 재정보증 확인서 (양식3)
12. 재정보증인 수입증명서
13. 재직증명서
14. 어학능력 입증 서류
15. 여권 사본

모든 서류는 원서접수기간 내에 전체 스캔하여 원서접수 사이트에 업로드해야 하며, 제출 서류 중 한국어 또는 영어 외의 다른 언어로 된 서류는 한국어 또는 영어로 번역 공증을 받아 제출해야 합니다.

후속 질문: 제출 서류 중 아포스티유 또는 한국 영사 확인이 필요한 서류는 무엇인가요?","유학생이 입학 지원 시 필수 제출 서류는 입학지원서, 자기소개서, 학력조회동의서, 고등학교 졸업(예정) 증명서, 고등학교 성적증명서, 전적 대학 졸업(예정) 증명서 또는 재학증명서, 전적 대학 성적증명서, 부모·학생 관계증명서, 본인 및 부모의 신분증 사본, 재정능력 입증 서류(은행 잔고 증명서), 재정보증 확인서, 재정보증인 수입증명서, 재직증명서, 어학능력 입증 서류, 여권 사본입니다.",1.0,0.9999999999999999,0.9150793650641138,1.0
유학생 비자 신청 시 결핵 증명서를 제출해야 하는 경우는 어떤 경우인가요?,"['❑ 비자 종류별 정보 / Visa type Information\nD-2-1 ~ D-2-4 University Student Visa\n91일이상, 단수입국\nD-2-1 ~ D-2-4 학생 유학 비자 Over 91 days, Single entry\n➢ 비자+ 서비스수수료/ Visa + Service fee\nVisa Fee (Mandatory) Please check your visa fee HEREin EURO\nService Fee (Mandatory) 60.00 EURO\nCourier Return service (Optional) 15.00 EURO\nApplicable only to students from the countries below,\nBangladesh, Cameroon, China, Ethiopia, Egypt, Ghana, Guinea, Iran, India, Indonesia, Kazakhstan, Kyrgyzstan,\nNigeria, Nepal, Mali, Myanmar, Mongolia, Pakistan, Peru, Philippines, Sri Lanka, Thailand, Ukraine,\nUzbekistan, Uganda, and Vietnam.\n➢ 필수제출서류/ Mandatory document to be submitted\nCASE 1: If your university is on the Excellent accredited Universities list\n1 VisaApplicationForm(Formno.17)/ 사증발급신청서(제17호서식)e-signature not permitted/전자서명불가\nPassport with at least 6 months remainder validity\n2\n여권유효기간이최소6개월이상남아있는여권\nOne3.5X4.5cmpicturetakeninthepast6months. Please glue the photo on the Application Form.\n3', '4. 「출입국관리법 시행규칙」 제9조제1항에 따라 C 계열 사증소지자는 입국 후에 체류자격을 변경할 수 없습니다.\nPlease note that category C visa holders are not able to change their status of stay after their entry into\nthe Republic of Korea in accordance with Article 9(1) of the Enforcement Regulations of the Immigration Act.\n5. 허위사실 기재 또는 허위서류 제출이 확인되는 경우에는 사증발급ㆍ체류허가가 취소되며, 형사처벌ㆍ입국금지의 대상이\n될 수 있습니다.\nProviding false information or documents leads to revocation of a visa and permission to stay, and may result\nin criminal punishments and an entry ban to the Republic of Korea.\n6.사증심사에 필요한 관련 서류 제출 요구에 따르지 않는 경우, 사증심사가 지연되거나 신청이 불허 될 수 있습니다.\nFailure to submit all required documents may cause delay or denial of a visa.\n7. 사증발급 신청 결과는 ‘대한민국 비자포털(www.visa.go.kr)’에서 확인*해야 하며, 사증발급거부통지서를 문서로 교\n부받고자 하는 경우에는 직접 공관을 방문하여 신청해야 합니다.\n* 확인 방법 : 비자포털 초기화면 좌측 ‘조회/발급’-‘진행현황 조회 및 출력’-‘재외공관’을 선택하고 여권번호, 성명, 생년\n월일 입력 후 조회\nVisa applicants must check online on the Korea Visa Portal website* (www.visa.go.kr) for visa', ""아니요 No [ ] 예 Yes [ ] → ‘예’선택 시 상세내용 기재 If‘Yes’, please provide details\n(성 Family Name , 명 Given Name )\n1.9 복수 국적 여부 Is the applicant a citizen of more than one country ? 아니요 No [ ] 예 Yes [ ]\n→‘예’선택 시 상세내용 기재 If‘Yes’, please write the countries ( 1. 9 is n e c e ss a ry to b e f ill ed in i f y o u h o ld a pa s s p or t fr om a n ot h)er country.\n*Having residence permit does not mean you hold a nationality of the country.\n2. 신청 사증 정보/ DETAILS OF VISA APPLICATION\n2.1 체류기간(장ㆍ단기) Period of\n2.2 체류자격 Status of Stay\nStay(Long/Short-term)\nD-2 Student visa types are long-term stay\n90일 이상 장기체류 Long-term Stay over 90 days [ ] Please fill in your visa type here\nFor example, D-2-6 Exchange Student, D-4-1 Korean language trainee,\n90일 이하 단기체류 Short-term Stay less than 90 days [ ] D-2-2 Bachelor's Degree, D-2-5 Research Study, etc\n공용란 FOR OFFICIAL USE ONLY You may leave this section blank\n기본사항 체류자격 체류기간 사증종류 단수ㆍ복수(2회, 3회 이상)\n접수사항 접수일자 접수번호 처리과\n허가사항 허가일자 사증번호 고지사항\n담당자\n<심사의견>\n가 [ ]\n결 재\n부 [ ]"", '❑ 비자 종류별 정보 / Visa type Information\nD-4-1 KoreanLanguageTrainee\n91일이상, 단수입국\nD-4-1 한국어연수비자 Over 91 days, Single entry\n➢ 비자+ 서비스수수료/ Visa + Service fee\nVisa Fee (Mandatory) Please check your visa fee HEREin EURO\nService Fee (Mandatory) 60.00 EURO\nCourier Return service (Optional) 15.00 EURO\nApplicable only to students from the countries below,\nBangladesh, Cameroon, China, Ethiopia, Egypt, Ghana, Guinea, Iran, India, Indonesia, Kazakhstan, Kyrgyzstan,\nNigeria, Nepal, Mali, Myanmar, Mongolia, Pakistan, Peru, Philippines, Sri Lanka, Thailand, Ukraine,\nUzbekistan, Uganda, and Vietnam.\n➢ 필수제출서류/ Mandatory document to be submitted\nCASE 1: If your university is on the Excellent accredited Universities list\n1 VisaApplicationForm(Formno.17)/ 사증발급신청서(제17호서식)e-signature not permitted/전자서명불가\nPassport with at least 6 months remainder validity\n2\n여권유효기간이최소6개월이상남아있는여권\nOne3.5X4.5cmpicturetakeninthepast6months. Please glue the photo on the Application Form.\n3\n최근6개월이내촬영한3.5X4.5cm사진. 사증발급신청서사진란에풀로부착.', '❑ 비자 종류별 정보 / Visa type Information\nD-2-6 Exchange Student Visa\n91일이상, 단수입국\nD-2-6 교환학생비자 Over 91 days, Single entry\n➢ 비자+ 서비스수수료/ Visa + Service fee\nVisa Fee (Mandatory) Please check your visa fee HEREin EURO\nService Fee (Mandatory) 60.00 EURO\nCourier Return service (Optional) 15.00 EURO\nApplicable only to students from the countries below,\nBangladesh, Cameroon, China, Ethiopia, Egypt, Ghana, Guinea, Iran, India, Indonesia, Kazakhstan, Kyrgyzstan,\nNigeria, Nepal, Mali, Myanmar, Mongolia, Pakistan, Peru, Philippines, Sri Lanka, Thailand, Ukraine,\nUzbekistan, Uganda, and Vietnam.\n➢ 필수제출서류/ Mandatory document to be submitted\nCASE 1: If your university is on the Excellent accredited Universities list\n1 VisaApplicationForm(Formno.17)/ 사증발급신청서(제17호서식)e-signature not permitted/전자서명불가\nPassport with at least 6 months remainder validity\n2\n여권유효기간이최소6개월이상남아있는여권\nOne3.5X4.5cmpicturetakeninthepast6months. Please glue the photo on the Application Form.\n3\n최근6개월이내촬영한3.5X4.5cm사진. 사증발급신청서사진란에풀로부착.', '[Tables]\n|  |\n| 13. 기타 사항 나. 유학생 보험 - 유학기간 중, 예상치 못한 질병, 상해, 사망 등 불의의 사고에 대비하여 유학생 전원 의무가입 - 2021년3월부터 외국인 유학생 국민건강보험 당연 가입(약 월 60,000원) 다. 유학생 지원 프로그램 프로그램명 프로그램내용 외국인학부신/편입생과한국인재학생을多:1로매치하여외국인학부학교생 유학생학습튜터링 활안내및학업지원 학부유학생(2~4학년)들의전공학습지원을위한튜터링프로그램 유학생전공스터디그룹 (한국인튜터, 유학생튜티로스터디진행) 본교한국인재학생과외국인재학생이모여부산지역거주외국인들을 동아동화 대상으로지역사회봉사활동기획/운영 외국인유학생대상문화활동기획및홍보를통한내·외국인재학생간국제교 데일리(Dong-AI Love You) 류활동활성화를위한다양한역할을수행할수있는프로그램 유학생체육대회, International Day,한국문화체험, 글로벌리더스클럽(Global 기타행사 Leaders Club)-취업역량강화프로그램, 한국법령교육등 라. 합격자 표준입학허가서 발급 및 비자 안내: 합격자에 한하여 별도 안내 마. 신입생 오리엔테이션: 일정 추후 안내 예정이며 전원 참석 필수 14. 문의 가. 국제교류과 (입학 문의) -주소:부산광역시서구구덕로225동아대학교부민캠퍼스,B03-0202국제교류과 -전화:+82-51-200-6444 -이메일:contact@donga.ac.kr -홈페이지:(국문)https://global.donga.ac.kr// (영문)https://global.donga.ac.kr/dongaoia/ -문의가능시간:월~금요일,09:00~17:00(12:00~13:00제외) 나. 각 학과 사무실 (학사·전공 문의) -각학과홈페이지참조 -https://about.donga.ac.kr/about/Main.do - 18 - |\n| 프로그램명 | 프로그램내용 |\n| 유학생학습튜터링 | 외국인학부신/편입생과한국인재학생을多:1로매치하여외국인학부학교생 활안내및학업지원 |', '❑ 비자 종류별 정보 / Visa type Information\nD-2-1 ~ D-2-4 University Student Visa 91일이상, 단수입국(독일인, 일본인만복수)\nOver 91 days, Single entry\nD-2-1 ~ D-2-4 학생 유학 비자\n(Only German, Japanese nationals Multiple entry)\n➢ 비자+ 서비스수수료/ Visa + Service fee\nVisa Fee (Mandatory) Please check your visa fee HERE in EURO\nService Fee (Mandatory) 60.00 EURO\nCourier Return service (Optional) 15.00 EURO\nStudent from the countries below, please go to page no.10\nBangladesh, Cameroon, China, Ethiopia, Egypt, Ghana, Guinea, Iran, India, Indonesia, Kazakhstan,\nKyrgyzstan, Nigeria, Nepal, Mali, Myanmar, Mongolia, Pakistan, Peru, Philippines, Sri Lanka, Thailand,\nUkraine, Uzbekistan, Uganda, and Vietnam.\n➢ 필수제출서류/ Mandatory document to be submitted\n1 VisaApplicationForm(Formno.17)/ 사증발급신청서(제17호서식)e-signature not permitted/전자서명불가\nPassport with at least 6 months remainder validity\n2\n여권유효기간이최소6개월이상남아있는여권\nOne3.5X4.5cmpicturetakeninthepast6months. Please glue the photo on the Application Form.\n3']","제공된 참고 컨텍스트에는 유학생 비자 신청 시 결핵 증명서 제출에 대한 정보가 포함되어 있지 않습니다. 따라서 결핵 증명서를 제출해야 하는 경우에 대한 구체적인 내용은 확인할 수 없습니다. 

후속 질문: 유학생 비자 신청 시 필요한 서류는 무엇인가요?",자신의 국가가 결핵 고위험 국가에 해당하는 경우에는 결핵 증명서를 추가로 제출해야 합니다.,1.0,0.0,0.699999999965,1.0
유학생의 온라인 지원 기간은 언제인가요?,"['[Tables]\n|  |\n| 1. 전형 일정 일정 구분 3차 1차 2차 비고 2026.4.1.(수) ~ 2026.6.15.(월) ~ 2026.7.23(목)~ 온라인지원 모집기간 4.14.(화), 6.21.(일), 7.29.(수), (applydonga.accomsystem.co.kr) 24:00까지 24:00까지 24:00까지 동아 2026.04.14(화) 예정 추후공지예정 국제교류과홈페이지공지 한국어능력평가 2026.5.15.(금) 2026.7.20.(월) 2026.8.14(금) 합격자발표 국제교류과홈페이지공지 14:00예정 14:00 예정 14:00 예정 2026.5.18.(월) 2026.7.21.(화) 2026.8.19.(화) 등록금납부 ~ 5.20.(수) ~ 7.23.(목) ~ 8.20.(수) 합격자별도안내 09:00 ~ 16:00 09:00 ~ 16:00 09:00 ~ 16:00 ※ 3차지원은국내체류자만가능함 ※ 전형일정은사정에따라변동될수있음 ※ 변동사항발생시국제교류과홈페이지공지예정(https://global.donga.ac.kr) 2. 지원 절차 온라인지원: applydonga.accomsystem.co.kr 접속 ↓ 회원가입후동아대학교‘신입학’, ‘편입학’중해당되는과정을클릭 ↓ 유의사항숙지후입학원서작성(필수제출서류전체온라인첨부) ↓ 입학원서최종제출및전형료결제* 전형료결제완료되어야접수완료 ↓ 제출서류적격여부심사 ↓ 서류심사 ↓ 합격자발표 ↓ 등록금납부 ↓ 표준입학허가서발급(학교) 및비자신청(지원자) *등록금납부자및원본서류제출자에한해비자서류를발급함 ↓ 입국및오리엔테이션 - 1 - |\n| 구분 | 일정 |  | 3차 비고 |  |  |\n|  | 1차 | 2차 |  |  |  |', '1. 전형 일정\n일정\n구분\n3차\n1차 2차 비고\n2026.4.1.(수) ~ 2026.6.15.(월) ~ 2026.7.23(목)~ 온라인지원\n모집기간 4.14.(화), 6.21.(일), 7.29.(수),\n(applydonga.accomsystem.co.kr)\n24:00까지 24:00까지 24:00까지\n동아\n2026.04.14(화) 예정 추후공지예정 국제교류과홈페이지공지\n한국어능력평가\n2026.5.15.(금) 2026.7.20.(월) 2026.8.14(금)\n합격자발표 국제교류과홈페이지공지\n14:00예정 14:00 예정 14:00 예정\n2026.5.18.(월) 2026.7.21.(화) 2026.8.19.(화)\n등록금납부 ~ 5.20.(수) ~ 7.23.(목) ~ 8.20.(수) 합격자별도안내\n09:00 ~ 16:00 09:00 ~ 16:00 09:00 ~ 16:00\n※ 3차지원은국내체류자만가능함\n※ 전형일정은사정에따라변동될수있음\n※ 변동사항발생시국제교류과홈페이지공지예정(https://global.donga.ac.kr)\n2. 지원 절차\n온라인지원: applydonga.accomsystem.co.kr 접속\n↓\n회원가입후동아대학교‘신입학’, ‘편입학’중해당되는과정을클릭\n↓\n유의사항숙지후입학원서작성(필수제출서류전체온라인첨부)\n↓\n입학원서최종제출및전형료결제* 전형료결제완료되어야접수완료\n↓\n제출서류적격여부심사\n↓\n서류심사\n↓\n합격자발표\n↓\n등록금납부\n↓\n표준입학허가서발급(학교) 및비자신청(지원자)\n*등록금납부자및원본서류제출자에한해비자서류를발급함\n↓\n입국및오리엔테이션\n- 1 -', '| 구분 | 일정 |  | 3차 비고 |  |  |\n|  | 1차 | 2차 |  |  |  |\n| 모집기간 | 2026.4.1.(수) ~ 4.14.(화), 24:00까지 | 2026.6.15.(월) ~ 6.21.(일), 24:00까지 | 2026.7.23(목)~ 7.29.(수), 24:00까지 | (app | 온라인지원 lydonga.accomsystem.co.kr) |\n| 동아 한국어능력평가 | 2026.04.14(화) 예정 | 추후공지예정 |  |  | 국제교류과홈페이지공지 |\n| 합격자발표 | 2026.5.15.(금) 14:00예정 | 2026.7.20.(월) 14:00 예정 | 2026.8.14(금) 14:00 예정 |  | 국제교류과홈페이지공지 |\n| 등록금납부 | 2026.5.18.(월) ~ 5.20.(수) 09:00 ~ 16:00 | 2026.7.21.(화) ~ 7.23.(목) 09:00 ~ 16:00 | 2026.8.19.(화) ~ 8.20.(수) 09:00 ~ 16:00 |  | 합격자별도안내 |', '[Tables]\n|  |\n| 13. 기타 사항 나. 유학생 보험 - 유학기간 중, 예상치 못한 질병, 상해, 사망 등 불의의 사고에 대비하여 유학생 전원 의무가입 - 2021년3월부터 외국인 유학생 국민건강보험 당연 가입(약 월 60,000원) 다. 유학생 지원 프로그램 프로그램명 프로그램내용 외국인학부신/편입생과한국인재학생을多:1로매치하여외국인학부학교생 유학생학습튜터링 활안내및학업지원 학부유학생(2~4학년)들의전공학습지원을위한튜터링프로그램 유학생전공스터디그룹 (한국인튜터, 유학생튜티로스터디진행) 본교한국인재학생과외국인재학생이모여부산지역거주외국인들을 동아동화 대상으로지역사회봉사활동기획/운영 외국인유학생대상문화활동기획및홍보를통한내·외국인재학생간국제교 데일리(Dong-AI Love You) 류활동활성화를위한다양한역할을수행할수있는프로그램 유학생체육대회, International Day,한국문화체험, 글로벌리더스클럽(Global 기타행사 Leaders Club)-취업역량강화프로그램, 한국법령교육등 라. 합격자 표준입학허가서 발급 및 비자 안내: 합격자에 한하여 별도 안내 마. 신입생 오리엔테이션: 일정 추후 안내 예정이며 전원 참석 필수 14. 문의 가. 국제교류과 (입학 문의) -주소:부산광역시서구구덕로225동아대학교부민캠퍼스,B03-0202국제교류과 -전화:+82-51-200-6444 -이메일:contact@donga.ac.kr -홈페이지:(국문)https://global.donga.ac.kr// (영문)https://global.donga.ac.kr/dongaoia/ -문의가능시간:월~금요일,09:00~17:00(12:00~13:00제외) 나. 각 학과 사무실 (학사·전공 문의) -각학과홈페이지참조 -https://about.donga.ac.kr/about/Main.do - 18 - |\n| 프로그램명 | 프로그램내용 |\n| 유학생학습튜터링 | 외국인학부신/편입생과한국인재학생을多:1로매치하여외국인학부학교생 활안내및학업지원 |', '| Process | Dates |  | Remarks |\n|  | 1stRound | 2ndRound |  |\n| Online Application | 2026.4.1.(Wed) ~ 4.14.(Tue) | 2026.6.15.(Mon) ~ 6.21.(Sun) | Online Application (applydonga.accomsystem.co.kr) |\n| Document Screening | 2026.5.4.(Mon) (Scheduled) | 2026.7.7.(Tue) (Scheduled) | Interview details will be announced on the Office of International Affairs website on: -1st: 2026.5.4.(Mon) -2nd: 2026.7.7.(Tue) |\n| Interview | 2026.5.6.(Wed)~5.8.(Fri) (Scheduled) | 2026.7.8.(Wed) ~ 7.10.(Fri) (Scheduled) |  |\n| Notificationof Admission | 2026.5.15.(Fri) 14:00 (Scheduled) | 2026.7.20.(Wed) 14:00 (Scheduled) | To be announced on the Office of International Affairs website |\n| Tuition Payment | 2026.5.18.(Mon) ~ 5.20.(Wed) 9:00 ~ 16:00 | 2026.7.21.(Tue) ~ 7.23.(Thu) 9:00 ~ 16:00 |  |', '13. 기타 사항\n나. 유학생 보험\n- 유학기간 중, 예상치 못한 질병, 상해, 사망 등 불의의 사고에 대비하여 유학생 전원 의무가입\n- 2021년3월부터 외국인 유학생 국민건강보험 당연 가입(약 월 60,000원)\n다. 유학생 지원 프로그램\n프로그램명 프로그램내용\n외국인학부신/편입생과한국인재학생을多:1로매치하여외국인학부학교생\n유학생학습튜터링\n활안내및학업지원\n학부유학생(2~4학년)들의전공학습지원을위한튜터링프로그램\n유학생전공스터디그룹\n(한국인튜터, 유학생튜티로스터디진행)\n본교한국인재학생과외국인재학생이모여부산지역거주외국인들을\n동아동화\n대상으로지역사회봉사활동기획/운영\n외국인유학생대상문화활동기획및홍보를통한내·외국인재학생간국제교\n데일리(Dong-AI Love You)\n류활동활성화를위한다양한역할을수행할수있는프로그램\n유학생체육대회, International Day,한국문화체험, 글로벌리더스클럽(Global\n기타행사\nLeaders Club)-취업역량강화프로그램, 한국법령교육등\n라. 합격자 표준입학허가서 발급 및 비자 안내: 합격자에 한하여 별도 안내\n마. 신입생 오리엔테이션: 일정 추후 안내 예정이며 전원 참석 필수\n14. 문의\n가. 국제교류과 (입학 문의)\n-주소:부산광역시서구구덕로225동아대학교부민캠퍼스,B03-0202국제교류과\n-전화:+82-51-200-6444\n-이메일:contact@donga.ac.kr\n-홈페이지:(국문)https://global.donga.ac.kr// (영문)https://global.donga.ac.kr/dongaoia/\n-문의가능시간:월~금요일,09:00~17:00(12:00~13:00제외)\n나. 각 학과 사무실 (학사·전공 문의)\n-각학과홈페이지참조\n-https://about.donga.ac.kr/about/Main.do\n- 18 -', '| 1. Admission Schedule Dates Process Remarks 1stRound 2ndRound Online Online Application 2026.4.1.(Wed) ~ 4.14.(Tue) 2026.6.15.(Mon) ~ 6.21.(Sun) Application (applydonga.accomsystem.co.kr) Interview details will be Document 2026.5.4.(Mon) 2026.7.7.(Tue) announced on the Office of Screening (Scheduled) (Scheduled) International Affairs website on: 2026.5.6.(Wed)~5.8.(Fri) 2026.7.8.(Wed) ~ 7.10.(Fri) Interview -1st: 2026.5.4.(Mon) (Scheduled) (Scheduled) -2nd: 2026.7.7.(Tue) To be announced on the Notificationof 2026.5.15.(Fri) 14:00 2026.7.20.(Wed) 14:00 Office of International Admission (Scheduled) (Scheduled) Affairs website 2026.5.18.(Mon) ~ 5.20.(Wed) 2026.7.21.(Tue) ~ 7.23.(Thu) Tuition Payment 9:00 ~ 16:00 9:00 ~ 16:00 ※The above information is subject to change. ※Any changes will be announced on the Office of International Affairs website. ※Website: http://global.donga.ac.kr/dongaoia 2. Admission Process Register Online Application at (applydonga.accomsystem.co.kr) ↓']","유학생의 온라인 지원 기간은 다음과 같습니다:

- 1차: 2026.4.1.(수) ~ 2026.4.14.(화) 24:00까지
- 2차: 2026.6.15.(월) ~ 2026.6.21.(일) 24:00까지
- 3차: 2026.7.23.(목) ~ 2026.7.29.(수) 24:00까지

후속 질문: 유학생의 한국어 능력 평가는 언제 진행되나요?",2026년 4월 1일(수)부터 4월 14일(화)까지입니다.,0.8,0.9999992700745816,0.9028571428390857,1.0
유학 비자를 신청할 때 필요한 재정 증명은 무엇인가요?,"[""❑ 비자 종류별 정보 / Visa type Information\nD-2-5 Research Study 91일이상, 단수입국(인도인만복수)\nOver 91 days, Single entry\nD-2-5 연구유학\n(Only Indian national Multiple entry)\n➢ 비자+ 서비스수수료/ Visa + Service fee\nVisa Fee (Mandatory) Please check your visa fee HERE in EURO\nService Fee (Mandatory) 60.00 EURO\nCourier Return service (Optional) 15.00 EURO\n➢ 필수제출서류/ Mandatory document to be submitted\n1 VisaApplicationForm(Formno.17)/ 사증발급신청서(제17호서식)e-signature not permitted/전자서명불가\nPassport with at least 6 months remainder validity\n2\n여권유효기간이최소6개월이상남아있는여권\nOne3.5X4.5cmpicturetakeninthepast6months. Please glue the photo on the Application Form.\n3\n최근6개월이내촬영한3.5X4.5cm사진. 사증발급신청서사진란에풀로부착.\nCertificate of Master or Doctoral's degree* + Apostilled(original)\n4\n신청인의석/박사졸업증(아포스티유(원본)필요)\nBusiness registration of the university in Korea issued within 3 months\n5\n한국대학교의사업자등록증명원명원(발급3개월이내)\nFinancial proof\n재정증명\n- Applicant’s Bank Statement (650EUR * 00months) issued within 2weeks.\n신청인은행계좌내역"", ""*If you have not resided in the Netherlands for more than 2 years, please submit “incomplete document form”\nCertificate of Master or Doctoral's degree* + Apostilled(original)\n5\n신청인의석/박사졸업증(아포스티유(원본)필요)\nBusiness registration of the university in Korea issued within 3 months\n6\n한국대학교의사업자등록증명원명원(발급3개월이내)\nFinancial proof\n재정증명\n- Applicant’s Bank Statement (650EUR * 00months) issued within 2weeks.\n신청인은행계좌내역\n7 - or Confirmation of research allowance: If your research allowance is above 650 EUR per month, you need to apply\nfor another visa type.\n또는연구수당지급확인서(연구수당이월60-70만원상회시, 다른비자타입을신청하여야함)\n- or Guarantee from a Korean university\n또는신원보증서\nConfirmation of Foreign Research Student stamped by head of university\n8\n외국인연구생확인서(대학총장직인날인반드시필요)\n9 Proof of Payment Receipt / 송금내역서\nKVAC Waiver Courier / 우편접수시책임면책서\n1\nPlease clearly write down the address where you wish to have your passport sent back including C/O.\n0\n반드시여권을돌려받아야하는주소를정확하게기재해주시기바랍니다. (우편함이름까지기재)\nKVAC Consent Form and Terms of Use / KVAC 이용약관동의서"", '| 5 | Business registration of the university in Korea issued within 3 months 한국대학교의사업자등록증명원명원(발급3개월이내) |\n| 6 | Financial proof 재정증명 - Applicant’s Bank Statement (650EUR * 00months) issued within 2weeks. 신청인은행계좌내역 - or Confirmation of research allowance: If your research allowance is above 650 EUR per month, you need to apply for another visa type. 또는연구수당지급확인서(연구수당이월60-70만원상회시, 다른비자타입을신청하여야함) - or Guarantee from a Korean university 또는신원보증서 |\n| 7 | Confirmation of Foreign Research Student stamped by head of university *STAMP IS NEEDED 외국인연구생확인서(대학총장직인날인반드시필요) |\n| 8 | Proof of Payment Receipt / 송금내역서 |\n| 9 | KVAC Waiver Courier / 우편접수시책임면책서 Please clearly write down the address where you wish to have your passport sent back including C/O. 반드시여권을돌려받아야하는주소를정확하게기재해주시기바랍니다. (우편함이름까지기재) |', '| 1 1 | Financial proof (670EURO * 00Months) - Your bank statement issued within 1 month (Original needed). - If you submit parents’ bank statement, please submit your birth or family certification. (Please translate the document if it is not written in English or Korean. And submit a translate verification.) |\n| 1 2 | A visa request letter(reference letter) issued by the Principal of home country university. (Submission of the Incomplete document form is not acceptable) - The principal’s stamp or signature must be included. |\n| 1 3 | Document proving that you are an exchange student. (Submission of the Incomplete document form is not acceptable) 1) Exchange student agreement between the two universities. OR 2) Letter of Acceptance - The exchange program title and name of the home country university and the inviting university in Korea must be included. |', '| 1 1 | Financial proof (over 20.000USD) - Your bank statement issued within 1 month (Original needed). - If you submit parents’ bank statement, please submit your birth or family certification. (Please translate the document if it is not written in English or Korean. And submit a translate verification.) |', '| 순번 | 제출서류 |  | 구분 |  | 비고 |\n|  |  |  | 신입 | 편입 |  |\n| 1 | 입학지원서 |  | ● | ● | - 온라인접수후출력 (applydonga.accomsystem.co.kr) |\n| 2 | 자기소개서 |  | ● | ● | (양식1) |\n| 3 | 학력조회동의서 |  | ● | ● | (양식2) |\n| 4 | 고등학교졸업(예정)증명서 |  | ● | ● | - ‘유의사항마.’ 참조 - 아포스티유혹은한국영사확인 |\n| 5 | 고등학교성적증명서 |  | ● | ● | - 유의사항바.’ 참조 - 고등학교전학년성적기재 - 아포스티유혹은한국영사확인 |\n| 6 | 전적대학졸업(예정)증명서 또는 재학증명서 |  |  | ● | - ‘유의사항마.’ 참조 - 아포스티유혹은한국영사확인 - 편입지원자중학사과정재학생은재학증명서, 전문학사졸업(예정)생은졸업(예정)증명서제출 |\n| 7 | 전적대학성적증명서 |  |  | ● | - 유의사항바.’ 참조 - 대학교전과정성적기재 - 아포스티유혹은한국영사확인 |\n| 8 | 부모·학생관계증명서 |  | ● | ● | - 유의사항사.’ 참조 |\n| 9 | 본인및부모의신분증사본 |  | ● | ● | - 국적확인가능한신분증제출 (여권혹은본국신분증) |\n| 10 | 재정능력입증서류(은행잔고증명서) |  | ● | ● | - ‘유의사항아.’ 참조 |\n| 11 | 재정능력입증서류의 주체가본인이아닐시 | 재정보증확인서 | ● | ● | (양식3) |\n|  |  | 재정보증인수입증명서 | ● | ● |  |\n|  |  | 재직증명서 | ● | ● |  |\n| 12 | 어학능력입증서류 |  | ● | ● | - 유효기간내성적만접수가능 (접수마감일기준2년이내취득) |\n| 13 | 여권사본 |  | ● | ● |  |', '6. 제출 서류\n가. 필수 제출 서류\n구분\n순번 제출서류 비고\n신입 편입\n- 온라인접수후출력\n1 입학지원서 ● ●\n(applydonga.accomsystem.co.kr)\n● ●\n2 자기소개서 (양식1)\n3 학력조회동의서 ● ● (양식2)\n- ‘유의사항마.’ 참조\n4 고등학교졸업(예정)증명서 ● ●\n- 아포스티유혹은한국영사확인\n- 유의사항바.’ 참조\n5 고등학교성적증명서 ● ● - 고등학교전학년성적기재\n- 아포스티유혹은한국영사확인\n- ‘유의사항마.’ 참조\n전적대학졸업(예정)증명서 또는 - 아포스티유혹은한국영사확인\n6 ●\n재학증명서 - 편입지원자중학사과정재학생은재학증명서,\n전문학사졸업(예정)생은졸업(예정)증명서제출\n- 유의사항바.’ 참조\n7 전적대학성적증명서 ● - 대학교전과정성적기재\n- 아포스티유혹은한국영사확인\n8 부모·학생관계증명서 ● ● - 유의사항사.’ 참조\n- 국적확인가능한신분증제출\n9 본인및부모의신분증사본 ● ●\n(여권혹은본국신분증)\n10 재정능력입증서류(은행잔고증명서) ● ● - ‘유의사항아.’ 참조\n재정보증확인서 ● ● (양식3)\n재정능력입증서류의\n11 재정보증인수입증명서 ● ●\n주체가본인이아닐시\n재직증명서 ● ●\n- 유효기간내성적만접수가능\n12 어학능력입증서류 ● ●\n(접수마감일기준2년이내취득)\n13 여권사본 ● ●\n※ 양식별첨\n※ 원서접수기간내필수제출서류를전체스캔하여원서접수사이트에업로드\n※ 업로드시, 항목당파일한개로통합하여제출(PDF, JPG, PNG파일형식)\n※제출서류중[한국어또는영어]외의다른언어로된서류는한국어또는영어로번역공증을받아제출\n- 9 -']","유학 비자를 신청할 때 필요한 재정 증명은 다음과 같습니다:

1. 신청인의 은행 계좌 내역서: 최소 650유로 * 00개월 분량이 필요하며, 발급일자는 2주 이내이어야 합니다.
2. 또는 연구 수당 지급 확인서: 연구 수당이 월 650유로를 초과하는 경우, 다른 비자 타입을 신청해야 합니다.
3. 또는 한국 대학의 신원 보증서가 필요합니다.

후속 질문: 유학 비자 신청 시 필수 제출 서류에는 어떤 것들이 있나요?","유학 비자를 신청할 때는 670유로 곱하기 00개월에 해당하는 금액이 포함된 은행 명세서를 제출해야 하며, 이 명세서는 1개월 이내에 발급된 원본이어야 합니다. 만약 부모의 은행 명세서를 제출할 경우, 출생증명서나 가족관계증명서를 함께 제출해야 합니다. 문서가 영어 또는 한국어로 작성되지 않은 경우 번역본과 번역 확인서도 제출해야 합니다.",1.0,1.0,0.9999999999857143,1.0
이 대학에서 제공하는 전공 중 건축학과의 세부 전공은 무엇인가요?,"['[Tables]\n|  |\n| 모집단위 대학 계열 캠퍼스 학과(부) 전공 건축공학과 도시공학과 건설시스템공학과 미래에너지공학전공 환경·에너지공학부 환경안전전공 전기공학과 공과대학 자연 승학 전자공학과 기계공학과 산업경영공학과 조선해양공학과 화학공학과 신소재공학과 건축학(5년제) 자연 건축학과1) 실내건축디자인(4년제) 디자인 시각미디어디자인 예체능 승학 산업디자인학과 환경대학 제품스페이스디자인 패션디자인학과 자연 조경학과 현대미술전공 영상예술전공2) 미술학과 목조형가구전공 도자예술전공 예술체육대학 예체능 승학 클래식음악(피아노/관현악/성악), 음악학과 실용음악(기악/실용작곡/보컬) 체육학과 태권도학과 식품영양학과 건강과학대학 자연 승학 의약생명공학과 건강관리학과 글로벌비즈니스학과 영미학과 국제대학 인문 부민 중국학과 일본학과 컴퓨터공학과 소프트웨어대학 자연 승학 AI학과 1) 건축학과는2학년부터건축학전공(5년제)과실내건축디자인전공(4년제)으로세부전공을분리함 2) 미술학과의영상예술전공은웹툰&애니메이션에 대한체계적인실무교육을통해웹툰작가및감독, 애니메이터를육성함 - 4 - |\n| 대학 | 계열 | 캠퍼스 | 모집단위 |  |\n|  |  |  | 학과(부) | 전공 |\n| 공과대학 | 자연 | 승학 | 건축공학과 |  |\n|  |  |  | 도시공학과 |  |\n|  |  |  | 건설시스템공학과 |  |\n|  |  |  | 환경·에너지공학부 | 미래에너지공학전공 |\n|  |  |  |  | 환경안전전공 |\n|  |  |  | 전기공학과 |  |\n|  |  |  | 전자공학과 |  |\n|  |  |  | 기계공학과 |  |\n|  |  |  | 산업경영공학과 |  |\n|  |  |  | 조선해양공학과 |  |\n|  |  |  | 화학공학과 |  |\n|  |  |  | 신소재공학과 |  |\n| 디자인 환경대학 | 자연 | 승학 | 건축학과1) | 건축학(5년제) |\n|  |  |  |  | 실내건축디자인(4년제) |', '모집단위\n대학 계열 캠퍼스\n학과(부) 전공\n건축공학과\n도시공학과\n건설시스템공학과\n미래에너지공학전공\n환경·에너지공학부\n환경안전전공\n전기공학과\n공과대학 자연 승학\n전자공학과\n기계공학과\n산업경영공학과\n조선해양공학과\n화학공학과\n신소재공학과\n건축학(5년제)\n자연 건축학과1)\n실내건축디자인(4년제)\n디자인 시각미디어디자인\n예체능 승학 산업디자인학과\n환경대학 제품스페이스디자인\n패션디자인학과\n자연\n조경학과\n현대미술전공\n영상예술전공2)\n미술학과\n목조형가구전공\n도자예술전공\n예술체육대학 예체능 승학\n클래식음악(피아노/관현악/성악),\n음악학과\n실용음악(기악/실용작곡/보컬)\n체육학과\n태권도학과\n식품영양학과\n건강과학대학 자연 승학 의약생명공학과\n건강관리학과\n글로벌비즈니스학과\n영미학과\n국제대학 인문 부민\n중국학과\n일본학과\n컴퓨터공학과\n소프트웨어대학 자연 승학\nAI학과\n1) 건축학과는2학년부터건축학전공(5년제)과실내건축디자인전공(4년제)으로세부전공을분리함\n2) 미술학과의영상예술전공은웹툰&애니메이션에 대한체계적인실무교육을통해웹툰작가및감독,\n애니메이터를육성함\n- 4 -', '[Tables]\n|  |\n| 모집단위 대학 계열 캠퍼스 학과(부) 전공 건축공학과 도시공학과 건설시스템공학과 미래에너지공학전공 환경·에너지공학부 환경안전전공 전기공학과 공과대학 자연 승학 전자공학과 기계공학과 산업경영공학과 조선해양공학과 화학공학과 신소재공학과 건축학(5년제) 자연 건축학과1) 실내건축디자인(4년제) 디자인 시각미디어디자인 예체능 승학 산업디자인학과 환경대학 제품스페이스디자인 패션디자인학과 자연 조경학과 현대미술전공 영상예술전공2) 미술학과 목조형가구전공 도자예술전공 예술체육대학 예체능 승학 -클래식음악(피아노/관현악/성악) 음악학과 -실용음악(연주/보컬/실용작곡) 체육학과 태권도학과 식품영양학과 건강과학대학 자연 승학 의약생명공학과 건강관리학과 글로벌비즈니스학과 영미학과 국제대학 인문 부민 중국학과 일본학과 컴퓨터공학과 소프트웨어대학 자연 승학 AI학과 1) 건축학과는2학년부터건축학전공(5년제)과실내건축디자인전공(4년제)으로세부전공을분리함 2) 미술학과의영상예술전공은웹툰&애니메이션에대한체계적인실무교육을통해웹툰작가및감독, 애니메이터를육성함 - 8 - |\n| 대학 | 계열 | 캠퍼스 | 모집단위 |  |\n|  |  |  | 학과(부) | 전공 |\n| 공과대학 | 자연 | 승학 | 건축공학과 |  |\n|  |  |  | 도시공학과 |  |\n|  |  |  | 건설시스템공학과 |  |\n|  |  |  | 환경·에너지공학부 | 미래에너지공학전공 |\n|  |  |  |  | 환경안전전공 |\n|  |  |  | 전기공학과 |  |\n|  |  |  | 전자공학과 |  |\n|  |  |  | 기계공학과 |  |\n|  |  |  | 산업경영공학과 |  |\n|  |  |  | 조선해양공학과 |  |\n|  |  |  | 화학공학과 |  |\n|  |  |  | 신소재공학과 |  |\n| 디자인 환경대학 | 자연 | 승학 | 건축학과1) | 건축학(5년제) |\n|  |  |  |  | 실내건축디자인(4년제) |', '[Tables]\n|  |\n| 모집단위 대학 계열 캠퍼스 학과(부) 전공 건축공학과 도시공학과 건설시스템공학과 미래에너지공학전공 환경·에너지공학부 환경안전전공 전기공학과 공과대학 자연 승학 전자공학과 기계공학과 산업경영공학과 조선해양공학과 화학공학과 신소재공학과 건축학(5년제) 자연 건축학과1) 실내건축디자인(4년제) 디자인 시각미디어디자인 예체능 승학 산업디자인학과 환경대학 제품스페이스디자인 패션디자인학과 자연 조경학과 현대미술전공 영상예술전공2) 미술학과 목조형가구전공 도자예술전공 예술체육대학 예체능 승학 -클래식음악(피아노/관현악/성악) 음악학과 -실용음악(연주/보컬/실용작곡) 체육학과 태권도학과 식품영양학과 건강과학대학 자연 승학 의약생명공학과 건강관리학과 글로벌비즈니스학과 영미학과 국제대학 인문 부민 중국학과 일본학과 컴퓨터공학과 소프트웨어대학 자연 승학 AI학과 1) 건축학과는2학년부터건축학전공(5년제)과실내건축디자인전공(4년제)으로세부전공을분리함 2) 미술학과의영상예술전공은웹툰&애니메이션에 대한체계적인실무교육을통해웹툰작가및감독, 애니메이터를육성함 - 6 - |\n| 대학 | 계열 | 캠퍼스 | 모집단위 |  |\n|  |  |  | 학과(부) | 전공 |\n| 공과대학 | 자연 | 승학 | 건축공학과 |  |\n|  |  |  | 도시공학과 |  |\n|  |  |  | 건설시스템공학과 |  |\n|  |  |  | 환경·에너지공학부 | 미래에너지공학전공 |\n|  |  |  |  | 환경안전전공 |\n|  |  |  | 전기공학과 |  |\n|  |  |  | 전자공학과 |  |\n|  |  |  | 기계공학과 |  |\n|  |  |  | 산업경영공학과 |  |\n|  |  |  | 조선해양공학과 |  |\n|  |  |  | 화학공학과 |  |\n|  |  |  | 신소재공학과 |  |\n| 디자인 환경대학 | 자연 | 승학 | 건축학과1) | 건축학(5년제) |\n|  |  |  |  | 실내건축디자인(4년제) |', '모집단위\n대학 계열 캠퍼스\n학과(부) 전공\n건축공학과\n도시공학과\n건설시스템공학과\n미래에너지공학전공\n환경·에너지공학부\n환경안전전공\n전기공학과\n공과대학 자연 승학\n전자공학과\n기계공학과\n산업경영공학과\n조선해양공학과\n화학공학과\n신소재공학과\n건축학(5년제)\n자연 건축학과1)\n실내건축디자인(4년제)\n디자인 시각미디어디자인\n예체능 승학 산업디자인학과\n환경대학 제품스페이스디자인\n패션디자인학과\n자연\n조경학과\n현대미술전공\n영상예술전공2)\n미술학과\n목조형가구전공\n도자예술전공\n예술체육대학 예체능 승학\n-클래식음악(피아노/관현악/성악)\n음악학과\n-실용음악(연주/보컬/실용작곡)\n체육학과\n태권도학과\n식품영양학과\n건강과학대학 자연 승학 의약생명공학과\n건강관리학과\n글로벌비즈니스학과\n영미학과\n국제대학 인문 부민\n중국학과\n일본학과\n컴퓨터공학과\n소프트웨어대학 자연 승학\nAI학과\n1) 건축학과는2학년부터건축학전공(5년제)과실내건축디자인전공(4년제)으로세부전공을분리함\n2) 미술학과의영상예술전공은웹툰&애니메이션에대한체계적인실무교육을통해웹툰작가및감독,\n애니메이터를육성함\n- 8 -', '모집단위\n대학 계열 캠퍼스\n학과(부) 전공\n건축공학과\n도시공학과\n건설시스템공학과\n미래에너지공학전공\n환경·에너지공학부\n환경안전전공\n전기공학과\n공과대학 자연 승학\n전자공학과\n기계공학과\n산업경영공학과\n조선해양공학과\n화학공학과\n신소재공학과\n건축학(5년제)\n자연 건축학과1)\n실내건축디자인(4년제)\n디자인 시각미디어디자인\n예체능 승학 산업디자인학과\n환경대학 제품스페이스디자인\n패션디자인학과\n자연\n조경학과\n현대미술전공\n영상예술전공2)\n미술학과\n목조형가구전공\n도자예술전공\n예술체육대학 예체능 승학\n-클래식음악(피아노/관현악/성악)\n음악학과\n-실용음악(연주/보컬/실용작곡)\n체육학과\n태권도학과\n식품영양학과\n건강과학대학 자연 승학 의약생명공학과\n건강관리학과\n글로벌비즈니스학과\n영미학과\n국제대학 인문 부민\n중국학과\n일본학과\n컴퓨터공학과\n소프트웨어대학 자연 승학\nAI학과\n1) 건축학과는2학년부터건축학전공(5년제)과실내건축디자인전공(4년제)으로세부전공을분리함\n2) 미술학과의영상예술전공은웹툰&애니메이션에 대한체계적인실무교육을통해웹툰작가및감독,\n애니메이터를육성함\n- 6 -', '|  |  |  | 기계공학과 |  |\n|  |  |  | 산업경영공학과 |  |\n|  |  |  | 조선해양공학과 |  |\n|  |  |  | 화학공학과 |  |\n|  |  |  | 신소재공학과 |  |\n| 디자인 환경대학 | 자연 | 승학 | 건축학과1) | 건축학(5년제) |\n|  |  |  |  | 실내건축디자인(4년제) |\n|  | 예체능 |  | 산업디자인학과 | 시각미디어디자인 |\n|  |  |  |  | 제품스페이스디자인 |\n|  | 자연 |  | 패션디자인학과 |  |\n|  |  |  | 조경학과 |  |\n| 예술체육대학 | 예체능 | 승학 | 미술학과 | 현대미술전공 |\n|  |  |  |  | 영상예술전공2) |\n|  |  |  |  | 목조형가구전공 |\n|  |  |  |  | 도자예술전공 |\n|  |  |  | 음악학과 | 클래식음악(피아노/관현악/성악), 실용음악(기악/실용작곡/보컬) |\n|  |  |  | 체육학과 |  |\n|  |  |  | 태권도학과 |  |\n| 건강과학대학 | 자연 | 승학 | 식품영양학과 |  |\n|  |  |  | 의약생명공학과 |  |\n|  |  |  | 건강관리학과 |  |\n| 국제대학 | 인문 | 부민 | 글로벌비즈니스학과 |  |\n|  |  |  | 영미학과 |  |\n|  |  |  | 중국학과 |  |\n|  |  |  | 일본학과 |  |\n| 소프트웨어대학 | 자연 | 승학 | 컴퓨터공학과 |  |\n|  |  |  | AI학과 |  |']","건축학과의 세부 전공은 건축학(5년제)과 실내건축디자인(4년제)입니다. 

후속 질문: 이 대학에서 제공하는 예체능 계열의 전공은 어떤 것들이 있나요?",건축학과는 2학년부터 건축학전공(5년제)과 실내건축디자인전공(4년제)으로 세부 전공을 분리합니다.,1.0,0.7880641267281324,0.9999999999857143,1.0
동아대학교의 유학생 입학 과정에서 필요한 서류는 무엇인가요?,"[""8. Notes after Admission\nA. All required documents must be submitted in original to the office of International Affairs,\nDong-AUniversitywithinthedesignatedperiod\n-1stRound:By2026.5.22.(Fri)\n-2ndRound:By2026.7.27.(Mon)\n※ Those who do not submit hard copies within the designated period will be disqualified and\nadmissionwillbecancelled.\nB.Placeofsubmission:Dong-AUniversity,Officeof InternationalAffairs(bypostorinperson)\nKorean English\n(49236) Office of International Affairs,\n우) 49236 부산광역시서구구덕로225\nB03-0202, BuminCampus, Dong-A University,\n동아대학교, 부민캠퍼스,B03-0202,국제교류과\n225 Gudeok-ro, Seo-gu, Busan, Korea\n전화)051-200-6444\n☎82-51-200-6444\n9. Important Notes\nA. Applicants should read this guidelines carefully and follow the procedure made by Dong-A\nUniversity.Whenapplicantsdonotcomplywiththeuniversity'sprescribedprocessandrules,or\nrequired documents are not completely submitted, the applicants will be disqualified. The"", ""| 8. Notes after Admission A. All required documents must be submitted in original to the office of International Affairs, Dong-AUniversitywithinthedesignatedperiod -1stRound:By2026.5.22.(Fri) -2ndRound:By2026.7.27.(Mon) ※ Those who do not submit hard copies within the designated period will be disqualified and admissionwillbecancelled. B.Placeofsubmission:Dong-AUniversity,Officeof InternationalAffairs(bypostorinperson) Korean English (49236) Office of International Affairs, 우) 49236 부산광역시서구구덕로225 B03-0202, BuminCampus, Dong-A University, 동아대학교, 부민캠퍼스,B03-0202,국제교류과 225 Gudeok-ro, Seo-gu, Busan, Korea 전화)051-200-6444 ☎82-51-200-6444 9. Important Notes A. Applicants should read this guidelines carefully and follow the procedure made by Dong-A University.Whenapplicantsdonotcomplywiththeuniversity'sprescribedprocessandrules,or required documents are not completely submitted, the applicants will be disqualified. The applicants are responsible for disadvantages (cancellation of"", '6. 제출 서류\n가. 필수 제출 서류\n구분\n순번 제출서류 비고\n신입 편입\n- 온라인접수후출력\n1 입학지원서 ● ●\n(applydonga.accomsystem.co.kr)\n● ●\n2 자기소개서 (양식1)\n3 학력조회동의서 ● ● (양식2)\n- ‘유의사항마.’ 참조\n4 고등학교졸업(예정)증명서 ● ●\n- 아포스티유혹은한국영사확인\n- 유의사항바.’ 참조\n5 고등학교성적증명서 ● ● - 고등학교전학년성적기재\n- 아포스티유혹은한국영사확인\n- ‘유의사항마.’ 참조\n전적대학졸업(예정)증명서 또는 - 아포스티유혹은한국영사확인\n6 ●\n재학증명서 - 편입지원자중학사과정재학생은재학증명서,\n전문학사졸업(예정)생은졸업(예정)증명서제출\n- 유의사항바.’ 참조\n7 전적대학성적증명서 ● - 대학교전과정성적기재\n- 아포스티유혹은한국영사확인\n8 부모·학생관계증명서 ● ● - 유의사항사.’ 참조\n- 국적확인가능한신분증제출\n9 본인및부모의신분증사본 ● ●\n(여권혹은본국신분증)\n10 재정능력입증서류(은행잔고증명서) ● ● - ‘유의사항아.’ 참조\n재정보증확인서 ● ● (양식3)\n재정능력입증서류의\n11 재정보증인수입증명서 ● ●\n주체가본인이아닐시\n재직증명서 ● ●\n- 유효기간내성적만접수가능\n12 어학능력입증서류 ● ●\n(접수마감일기준2년이내취득)\n13 여권사본 ● ●\n※ 양식별첨\n※ 원서접수기간내필수제출서류를전체스캔하여원서접수사이트에업로드\n※ 업로드시, 항목당파일한개로통합하여제출(PDF, JPG, PNG파일형식)\n※제출서류중[한국어또는영어]외의다른언어로된서류는한국어또는영어로번역공증을받아제출\n- 9 -', '사.부모·학생관계증명서\n-지원자의가족관계서류는외국정부에서발행한증명서를제출할것\n-[한국어또는영어]로된원본을제출하거나,\n[한국어또는영어]이외의언어로된경우,한국어또는영어로번역공증을받아제출(원어원본첨부)\n-부모가이혼및사망을했을경우,관련증명서를함께제출(이혼/사망증명서)\n-한부모가정의경우,한부모가정확인서(별첨양식4)를자국정부기관의공식인증을받아함께제출\n[부모·학생관계증명서예시]\n국가명 서류명 국가명 서류명\n중국 호구부또는친족관계증명서번역공증본 파키스탄 Family Certificate\n필리핀 Family Census 스리랑카 빠울러서티피케이트\n인도네시아 가족관계증명서(KARTU KELUARGA) 미얀마 가족관계증명서(잉타웅수사엔)\n방글라데시 점머까꺼쯔또는점마싸이드티켓 네팔 전마달다\n호적부(So ho Khau) 또는출생증명서\n베트남 몽골 친족관계증명서\n(GiayKhaiSinh)\n키르키즈스탄, 카자흐스탄, 우즈베키스탄, 우크라이나, 태국 출생증명서\n아.체재비입증서류: 16,000,000KRW이상(약USD12,100/1USD=1,330원기준)잔고증명서\n-국내체류자는국내은행잔고증명서제출\n-본교학위과정&한국어학당계속진학자의경우8,000,000KRW이상국내은행잔고증명서제출\n-온라인지원일자기준1개월전후로발급한증명서만인정함\n※출신국가에따라제출서류변경될수있음\n자.온라인서류접수가불가능할경우,공식확인이가능한사유(통신단절,천재지변등)에만우편또는방문제출가능\n차.영문성명과생년월일은여권(passport)의 기재사항과일치해야함\n8. 합격 후 유의사항\n가.합격후제출된모든필수서류는원본으로지정기간내동아대학교국제교류과에도착해야함\n※ 기간내원본서류제출이불가할경우, 사전연락필수(사유없이기한내원본서류미제출시합격취소)\n나.제출장소:동아대학교국제교류과(우편또는방문제출)\n국문주소 영문주소\n(49236) Office of International Affairs,\n우) 49236 부산광역시서구구덕로225\nB03-0202, BuminCampus, Dong-A University,\n동아대학교부민캠퍼스B03-0202국제교류과', 'will be announced on the Office of International Affairs website. ※Website: http://global.donga.ac.kr/dongaoia 2. Admission Process Register Online Application at (applydonga.accomsystem.co.kr) ↓ Log-in(signup)and Choose your Undergraduate course ‘New’ ↓ Fill out the online application form andattachall required documents online ↓ Application Submission and Application fee payment * Application is complete after thepayment ↓ Document Screening (Based on submitted document at online) ↓ Interview by the department ↓ Admission Result Notification ↓ Tuition fee payment ↓ Issuance of Certificate of Admission(University) and Visa Application(Applicants) *Universityonly issue visa documents for whom submitted required documents in original and paid tuition fee ↓ Course Registration and Preparation for Entering Korea - 1 - |', '| 순번 | 제출서류 |  | 구분 |  | 비고 |\n|  |  |  | 신입 | 편입 |  |\n| 1 | 입학지원서 |  | ● | ● | - 온라인접수후출력 (applydonga.accomsystem.co.kr) |\n| 2 | 자기소개서 |  | ● | ● | (양식1) |\n| 3 | 학력조회동의서 |  | ● | ● | (양식2) |\n| 4 | 고등학교졸업(예정)증명서 |  | ● | ● | - ‘유의사항마.’ 참조 - 아포스티유혹은한국영사확인 |\n| 5 | 고등학교성적증명서 |  | ● | ● | - 유의사항바.’ 참조 - 고등학교전학년성적기재 - 아포스티유혹은한국영사확인 |\n| 6 | 전적대학졸업(예정)증명서 또는 재학증명서 |  |  | ● | - ‘유의사항마.’ 참조 - 아포스티유혹은한국영사확인 - 편입지원자중학사과정재학생은재학증명서, 전문학사졸업(예정)생은졸업(예정)증명서제출 |\n| 7 | 전적대학성적증명서 |  |  | ● | - 유의사항바.’ 참조 - 대학교전과정성적기재 - 아포스티유혹은한국영사확인 |\n| 8 | 부모·학생관계증명서 |  | ● | ● | - 유의사항사.’ 참조 |\n| 9 | 본인및부모의신분증사본 |  | ● | ● | - 국적확인가능한신분증제출 (여권혹은본국신분증) |\n| 10 | 재정능력입증서류(은행잔고증명서) |  | ● | ● | - ‘유의사항아.’ 참조 |\n| 11 | 재정능력입증서류의 주체가본인이아닐시 | 재정보증확인서 | ● | ● | (양식3) |\n|  |  | 재정보증인수입증명서 | ● | ● |  |\n|  |  | 재직증명서 | ● | ● |  |\n| 12 | 어학능력입증서류 |  | ● | ● | - 유효기간내성적만접수가능 (접수마감일기준2년이내취득) |\n| 13 | 여권사본 |  | ● | ● |  |', '※Website: http://global.donga.ac.kr/dongaoia\n2. Admission Process\nRegister Online Application at (applydonga.accomsystem.co.kr)\n↓\nLog-in(signup)and Choose your Undergraduate course ‘New’\n↓\nFill out the online application form andattachall required documents online\n↓\nApplication Submission and Application fee payment\n* Application is complete after thepayment\n↓\nDocument Screening (Based on submitted document at online)\n↓\nInterview by the department\n↓\nAdmission Result Notification\n↓\nTuition fee payment\n↓\nIssuance of Certificate of Admission(University) and Visa Application(Applicants)\n*Universityonly issue visa documents for whom submitted required documents in original and paid tuition fee\n↓\nCourse Registration and Preparation for Entering Korea\n- 1 -']","동아대학교의 유학생 입학 과정에서 필요한 서류는 다음과 같습니다:

1. 입학지원서
2. 자기소개서 (양식1)
3. 학력조회동의서 (양식2)
4. 고등학교졸업(예정)증명서
5. 고등학교성적증명서
6. 전적대학졸업(예정)증명서 또는 재학증명서 (편입지원자에 한함)
7. 전적대학성적증명서 (편입지원자에 한함)
8. 부모·학생관계증명서
9. 본인 및 부모의 신분증 사본 (여권 혹은 본국 신분증)
10. 재정능력 입증 서류 (은행 잔고 증명서)
11. 재정능력 입증 서류의 주체가 본인이 아닐 시 재정보증 확인서 (양식3), 재정보증 인수 증명서, 재직증명서
12. 어학능력 입증 서류 (접수 마감일 기준 2년 이내 취득)
13. 여권 사본

모든 서류는 원본으로 제출해야 하며, 한국어 또는 영어로 번역 공증이 필요할 수 있습니다. 

후속 질문: 제출 서류 중 고등학교 성적 증명서에 대한 특별한 요구 사항이 있나요?",유학생 입학 과정에서 필요한 서류는 온라인 지원서와 함께 제출해야 하는 모든 필수 문서입니다. 구체적인 서류 목록은 대학의 공식 웹사이트에서 확인할 수 있습니다.,1.0,1.0,0.5628571428458856,0.5
